item_id,position,user_feature_0,impressions,clicks
0,1,4ae385d792f81dde128124a925a830de,8,0
0,1,574464659df0fc5bac579eff2b1fff99,855,8
0,1,81ce123cbb5bd8ce818f60fb3586bba5,1254,2
0,1,cef3390ed299c09874189c387777674a,274,2
0,2,4ae385d792f81dde128124a925a830de,8,0
0,2,574464659df0fc5bac579eff2b1fff99,836,2
0,2,81ce123cbb5bd8ce818f60fb3586bba5,1238,2
0,2,cef3390ed299c09874189c387777674a,228,0
0,3,4ae385d792f81dde128124a925a830de,7,0
0,3,574464659df0fc5bac579eff2b1fff99,818,8
0,3,81ce123cbb5bd8ce818f60fb3586bba5,1161,2
0,3,cef3390ed299c09874189c387777674a,256,0
1,1,4ae385d792f81dde128124a925a830de,12,0
1,1,574464659df0fc5bac579eff2b1fff99,848,3
1,1,81ce123cbb5bd8ce818f60fb3586bba5,1220,0
1,1,cef3390ed299c09874189c387777674a,290,1
1,2,4ae385d792f81dde128124a925a830de,21,0
1,2,574464659df0fc5bac579eff2b1fff99,835,2
1,2,81ce123cbb5bd8ce818f60fb3586bba5,1196,4
1,2,cef3390ed299c09874189c387777674a,281,0
1,3,4ae385d792f81dde128124a925a830de,10,0
1,3,574464659df0fc5bac579eff2b1fff99,791,2
1,3,81ce123cbb5bd8ce818f60fb3586bba5,1190,0
1,3,cef3390ed299c09874189c387777674a,261,1
2,1,4ae385d792f81dde128124a925a830de,7,0
2,1,574464659df0fc5bac579eff2b1fff99,810,5
2,1,81ce123cbb5bd8ce818f60fb3586bba5,1229,1
2,1,cef3390ed299c09874189c387777674a,218,0
2,2,4ae385d792f81dde128124a925a830de,7,0
2,2,574464659df0fc5bac579eff2b1fff99,706,0
2,2,81ce123cbb5bd8ce818f60fb3586bba5,1068,0
2,2,cef3390ed299c09874189c387777674a,252,0
2,3,4ae385d792f81dde128124a925a830de,12,0
2,3,574464659df0fc5bac579eff2b1fff99,917,2
2,3,81ce123cbb5bd8ce818f60fb3586bba5,1339,1
2,3,cef3390ed299c09874189c387777674a,280,1
3,1,4ae385d792f81dde128124a925a830de,7,0
3,1,574464659df0fc5bac579eff2b1fff99,796,1
3,1,81ce123cbb5bd8ce818f60fb3586bba5,1147,1
3,1,cef3390ed299c09874189c387777674a,277,3
3,2,4ae385d792f81dde128124a925a830de,16,0
3,2,574464659df0fc5bac579eff2b1fff99,912,3
3,2,81ce123cbb5bd8ce818f60fb3586bba5,1286,3
3,2,cef3390ed299c09874189c387777674a,273,0
3,3,4ae385d792f81dde128124a925a830de,6,0
3,3,574464659df0fc5bac579eff2b1fff99,817,0
3,3,81ce123cbb5bd8ce818f60fb3586bba5,1131,1
3,3,cef3390ed299c09874189c387777674a,230,1
4,1,4ae385d792f81dde128124a925a830de,10,0
4,1,574464659df0fc5bac579eff2b1fff99,885,2
4,1,81ce123cbb5bd8ce818f60fb3586bba5,1335,1
4,1,cef3390ed299c09874189c387777674a,260,0
4,2,4ae385d792f81dde128124a925a830de,12,0
4,2,574464659df0fc5bac579eff2b1fff99,794,2
4,2,81ce123cbb5bd8ce818f60fb3586bba5,1226,0
4,2,cef3390ed299c09874189c387777674a,244,0
4,3,4ae385d792f81dde128124a925a830de,16,0
4,3,574464659df0fc5bac579eff2b1fff99,818,3
4,3,81ce123cbb5bd8ce818f60fb3586bba5,1260,1
4,3,cef3390ed299c09874189c387777674a,259,0
5,1,4ae385d792f81dde128124a925a830de,10,0
5,1,574464659df0fc5bac579eff2b1fff99,866,2
5,1,81ce123cbb5bd8ce818f60fb3586bba5,1226,4
5,1,cef3390ed299c09874189c387777674a,257,1
5,2,4ae385d792f81dde128124a925a830de,9,0
5,2,574464659df0fc5bac579eff2b1fff99,814,0
5,2,81ce123cbb5bd8ce818f60fb3586bba5,1167,0
5,2,cef3390ed299c09874189c387777674a,242,2
5,3,4ae385d792f81dde128124a925a830de,14,0
5,3,574464659df0fc5bac579eff2b1fff99,824,4
5,3,81ce123cbb5bd8ce818f60fb3586bba5,1159,6
5,3,cef3390ed299c09874189c387777674a,265,0
6,1,4ae385d792f81dde128124a925a830de,13,0
6,1,574464659df0fc5bac579eff2b1fff99,868,4
6,1,81ce123cbb5bd8ce818f60fb3586bba5,1259,8
6,1,cef3390ed299c09874189c387777674a,247,0
6,2,4ae385d792f81dde128124a925a830de,15,0
6,2,574464659df0fc5bac579eff2b1fff99,729,2
6,2,81ce123cbb5bd8ce818f60fb3586bba5,1130,5
6,2,cef3390ed299c09874189c387777674a,220,0
6,3,4ae385d792f81dde128124a925a830de,10,0
6,3,574464659df0fc5bac579eff2b1fff99,897,3
6,3,81ce123cbb5bd8ce818f60fb3586bba5,1321,3
6,3,cef3390ed299c09874189c387777674a,276,0
7,1,4ae385d792f81dde128124a925a830de,13,0
7,1,574464659df0fc5bac579eff2b1fff99,828,2
7,1,81ce123cbb5bd8ce818f60fb3586bba5,1176,8
7,1,cef3390ed299c09874189c387777674a,233,0
7,2,4ae385d792f81dde128124a925a830de,13,0
7,2,574464659df0fc5bac579eff2b1fff99,765,2
7,2,81ce123cbb5bd8ce818f60fb3586bba5,1119,3
7,2,cef3390ed299c09874189c387777674a,228,0
7,3,4ae385d792f81dde128124a925a830de,13,0
7,3,574464659df0fc5bac579eff2b1fff99,823,7
7,3,81ce123cbb5bd8ce818f60fb3586bba5,1303,6
7,3,cef3390ed299c09874189c387777674a,269,1
8,1,4ae385d792f81dde128124a925a830de,14,0
8,1,574464659df0fc5bac579eff2b1fff99,854,2
8,1,81ce123cbb5bd8ce818f60fb3586bba5,1213,8
8,1,cef3390ed299c09874189c387777674a,249,1
8,2,4ae385d792f81dde128124a925a830de,9,0
8,2,574464659df0fc5bac579eff2b1fff99,943,6
8,2,81ce123cbb5bd8ce818f60fb3586bba5,1274,4
8,2,cef3390ed299c09874189c387777674a,270,1
8,3,4ae385d792f81dde128124a925a830de,13,0
8,3,574464659df0fc5bac579eff2b1fff99,860,5
8,3,81ce123cbb5bd8ce818f60fb3586bba5,1281,1
8,3,cef3390ed299c09874189c387777674a,273,0
9,1,4ae385d792f81dde128124a925a830de,12,0
9,1,574464659df0fc5bac579eff2b1fff99,788,0
9,1,81ce123cbb5bd8ce818f60fb3586bba5,1154,6
9,1,cef3390ed299c09874189c387777674a,258,1
9,2,4ae385d792f81dde128124a925a830de,19,0
9,2,574464659df0fc5bac579eff2b1fff99,908,2
9,2,81ce123cbb5bd8ce818f60fb3586bba5,1319,5
9,2,cef3390ed299c09874189c387777674a,280,0
9,3,4ae385d792f81dde128124a925a830de,10,0
9,3,574464659df0fc5bac579eff2b1fff99,825,2
9,3,81ce123cbb5bd8ce818f60fb3586bba5,1210,2
9,3,cef3390ed299c09874189c387777674a,277,0
10,1,4ae385d792f81dde128124a925a830de,12,0
10,1,574464659df0fc5bac579eff2b1fff99,821,0
10,1,81ce123cbb5bd8ce818f60fb3586bba5,1180,0
10,1,cef3390ed299c09874189c387777674a,241,5
10,2,4ae385d792f81dde128124a925a830de,9,0
10,2,574464659df0fc5bac579eff2b1fff99,769,1
10,2,81ce123cbb5bd8ce818f60fb3586bba5,1142,1
10,2,cef3390ed299c09874189c387777674a,250,0
10,3,4ae385d792f81dde128124a925a830de,7,0
10,3,574464659df0fc5bac579eff2b1fff99,744,0
10,3,81ce123cbb5bd8ce818f60fb3586bba5,1170,0
10,3,cef3390ed299c09874189c387777674a,248,0
11,1,4ae385d792f81dde128124a925a830de,9,0
11,1,574464659df0fc5bac579eff2b1fff99,915,5
11,1,81ce123cbb5bd8ce818f60fb3586bba5,1227,3
11,1,cef3390ed299c09874189c387777674a,285,4
11,2,4ae385d792f81dde128124a925a830de,10,0
11,2,574464659df0fc5bac579eff2b1fff99,790,2
11,2,81ce123cbb5bd8ce818f60fb3586bba5,1181,0
11,2,cef3390ed299c09874189c387777674a,287,2
11,3,4ae385d792f81dde128124a925a830de,17,0
11,3,574464659df0fc5bac579eff2b1fff99,832,11
11,3,81ce123cbb5bd8ce818f60fb3586bba5,1090,2
11,3,cef3390ed299c09874189c387777674a,241,2
12,1,4ae385d792f81dde128124a925a830de,15,0
12,1,574464659df0fc5bac579eff2b1fff99,822,2
12,1,81ce123cbb5bd8ce818f60fb3586bba5,1178,0
12,1,cef3390ed299c09874189c387777674a,262,4
12,2,4ae385d792f81dde128124a925a830de,4,0
12,2,574464659df0fc5bac579eff2b1fff99,779,2
12,2,81ce123cbb5bd8ce818f60fb3586bba5,1228,0
12,2,cef3390ed299c09874189c387777674a,272,1
12,3,4ae385d792f81dde128124a925a830de,10,0
12,3,574464659df0fc5bac579eff2b1fff99,844,4
12,3,81ce123cbb5bd8ce818f60fb3586bba5,1159,0
12,3,cef3390ed299c09874189c387777674a,243,0
13,1,4ae385d792f81dde128124a925a830de,14,0
13,1,574464659df0fc5bac579eff2b1fff99,738,6
13,1,81ce123cbb5bd8ce818f60fb3586bba5,1207,0
13,1,cef3390ed299c09874189c387777674a,202,0
13,2,4ae385d792f81dde128124a925a830de,10,0
13,2,574464659df0fc5bac579eff2b1fff99,771,1
13,2,81ce123cbb5bd8ce818f60fb3586bba5,1194,2
13,2,cef3390ed299c09874189c387777674a,251,0
13,3,4ae385d792f81dde128124a925a830de,12,0
13,3,574464659df0fc5bac579eff2b1fff99,806,0
13,3,81ce123cbb5bd8ce818f60fb3586bba5,1169,1
13,3,cef3390ed299c09874189c387777674a,254,1
14,1,4ae385d792f81dde128124a925a830de,12,0
14,1,574464659df0fc5bac579eff2b1fff99,883,0
14,1,81ce123cbb5bd8ce818f60fb3586bba5,1173,0
14,1,cef3390ed299c09874189c387777674a,237,1
14,2,4ae385d792f81dde128124a925a830de,8,0
14,2,574464659df0fc5bac579eff2b1fff99,800,13
14,2,81ce123cbb5bd8ce818f60fb3586bba5,1146,4
14,2,cef3390ed299c09874189c387777674a,259,0
14,3,4ae385d792f81dde128124a925a830de,8,0
14,3,574464659df0fc5bac579eff2b1fff99,818,0
14,3,81ce123cbb5bd8ce818f60fb3586bba5,1159,0
14,3,cef3390ed299c09874189c387777674a,262,0
15,1,4ae385d792f81dde128124a925a830de,7,0
15,1,574464659df0fc5bac579eff2b1fff99,743,3
15,1,81ce123cbb5bd8ce818f60fb3586bba5,1103,0
15,1,cef3390ed299c09874189c387777674a,234,2
15,2,4ae385d792f81dde128124a925a830de,13,0
15,2,574464659df0fc5bac579eff2b1fff99,839,1
15,2,81ce123cbb5bd8ce818f60fb3586bba5,1242,0
15,2,cef3390ed299c09874189c387777674a,266,0
15,3,4ae385d792f81dde128124a925a830de,11,0
15,3,574464659df0fc5bac579eff2b1fff99,890,3
15,3,81ce123cbb5bd8ce818f60fb3586bba5,1299,2
15,3,cef3390ed299c09874189c387777674a,304,0
16,1,4ae385d792f81dde128124a925a830de,15,0
16,1,574464659df0fc5bac579eff2b1fff99,777,7
16,1,81ce123cbb5bd8ce818f60fb3586bba5,1296,2
16,1,cef3390ed299c09874189c387777674a,265,2
16,2,4ae385d792f81dde128124a925a830de,7,0
16,2,574464659df0fc5bac579eff2b1fff99,742,1
16,2,81ce123cbb5bd8ce818f60fb3586bba5,1133,3
16,2,cef3390ed299c09874189c387777674a,216,6
16,3,4ae385d792f81dde128124a925a830de,8,0
16,3,574464659df0fc5bac579eff2b1fff99,819,3
16,3,81ce123cbb5bd8ce818f60fb3586bba5,1221,1
16,3,cef3390ed299c09874189c387777674a,261,8
17,1,4ae385d792f81dde128124a925a830de,16,0
17,1,574464659df0fc5bac579eff2b1fff99,814,0
17,1,81ce123cbb5bd8ce818f60fb3586bba5,1186,1
17,1,cef3390ed299c09874189c387777674a,300,0
17,2,4ae385d792f81dde128124a925a830de,8,0
17,2,574464659df0fc5bac579eff2b1fff99,806,6
17,2,81ce123cbb5bd8ce818f60fb3586bba5,1184,1
17,2,cef3390ed299c09874189c387777674a,247,2
17,3,4ae385d792f81dde128124a925a830de,9,0
17,3,574464659df0fc5bac579eff2b1fff99,745,0
17,3,81ce123cbb5bd8ce818f60fb3586bba5,1084,0
17,3,cef3390ed299c09874189c387777674a,221,0
18,1,4ae385d792f81dde128124a925a830de,12,0
18,1,574464659df0fc5bac579eff2b1fff99,924,5
18,1,81ce123cbb5bd8ce818f60fb3586bba5,1293,3
18,1,cef3390ed299c09874189c387777674a,266,0
18,2,4ae385d792f81dde128124a925a830de,8,0
18,2,574464659df0fc5bac579eff2b1fff99,870,5
18,2,81ce123cbb5bd8ce818f60fb3586bba5,1262,4
18,2,cef3390ed299c09874189c387777674a,277,3
18,3,4ae385d792f81dde128124a925a830de,11,0
18,3,574464659df0fc5bac579eff2b1fff99,904,1
18,3,81ce123cbb5bd8ce818f60fb3586bba5,1371,2
18,3,cef3390ed299c09874189c387777674a,296,5
19,1,4ae385d792f81dde128124a925a830de,15,0
19,1,574464659df0fc5bac579eff2b1fff99,869,1
19,1,81ce123cbb5bd8ce818f60fb3586bba5,1178,0
19,1,cef3390ed299c09874189c387777674a,248,2
19,2,4ae385d792f81dde128124a925a830de,11,0
19,2,574464659df0fc5bac579eff2b1fff99,875,4
19,2,81ce123cbb5bd8ce818f60fb3586bba5,1275,1
19,2,cef3390ed299c09874189c387777674a,258,5
19,3,4ae385d792f81dde128124a925a830de,13,1
19,3,574464659df0fc5bac579eff2b1fff99,772,4
19,3,81ce123cbb5bd8ce818f60fb3586bba5,1150,0
19,3,cef3390ed299c09874189c387777674a,274,0
20,1,4ae385d792f81dde128124a925a830de,12,0
20,1,574464659df0fc5bac579eff2b1fff99,796,1
20,1,81ce123cbb5bd8ce818f60fb3586bba5,1186,1
20,1,cef3390ed299c09874189c387777674a,266,3
20,2,4ae385d792f81dde128124a925a830de,7,0
20,2,574464659df0fc5bac579eff2b1fff99,878,3
20,2,81ce123cbb5bd8ce818f60fb3586bba5,1247,0
20,2,cef3390ed299c09874189c387777674a,246,0
20,3,4ae385d792f81dde128124a925a830de,11,0
20,3,574464659df0fc5bac579eff2b1fff99,808,2
20,3,81ce123cbb5bd8ce818f60fb3586bba5,1199,0
20,3,cef3390ed299c09874189c387777674a,250,0
21,1,4ae385d792f81dde128124a925a830de,15,0
21,1,574464659df0fc5bac579eff2b1fff99,840,2
21,1,81ce123cbb5bd8ce818f60fb3586bba5,1184,0
21,1,cef3390ed299c09874189c387777674a,275,0
21,2,4ae385d792f81dde128124a925a830de,7,0
21,2,574464659df0fc5bac579eff2b1fff99,807,6
21,2,81ce123cbb5bd8ce818f60fb3586bba5,1272,0
21,2,cef3390ed299c09874189c387777674a,227,2
21,3,4ae385d792f81dde128124a925a830de,8,0
21,3,574464659df0fc5bac579eff2b1fff99,769,1
21,3,81ce123cbb5bd8ce818f60fb3586bba5,1049,0
21,3,cef3390ed299c09874189c387777674a,255,2
22,1,4ae385d792f81dde128124a925a830de,14,0
22,1,574464659df0fc5bac579eff2b1fff99,880,2
22,1,81ce123cbb5bd8ce818f60fb3586bba5,1243,1
22,1,cef3390ed299c09874189c387777674a,263,4
22,2,4ae385d792f81dde128124a925a830de,9,0
22,2,574464659df0fc5bac579eff2b1fff99,839,3
22,2,81ce123cbb5bd8ce818f60fb3586bba5,1184,2
22,2,cef3390ed299c09874189c387777674a,235,7
22,3,4ae385d792f81dde128124a925a830de,17,0
22,3,574464659df0fc5bac579eff2b1fff99,914,4
22,3,81ce123cbb5bd8ce818f60fb3586bba5,1293,1
22,3,cef3390ed299c09874189c387777674a,300,5
23,1,4ae385d792f81dde128124a925a830de,13,0
23,1,574464659df0fc5bac579eff2b1fff99,734,1
23,1,81ce123cbb5bd8ce818f60fb3586bba5,1065,3
23,1,cef3390ed299c09874189c387777674a,215,0
23,2,4ae385d792f81dde128124a925a830de,9,0
23,2,574464659df0fc5bac579eff2b1fff99,816,0
23,2,81ce123cbb5bd8ce818f60fb3586bba5,1209,0
23,2,cef3390ed299c09874189c387777674a,256,1
23,3,4ae385d792f81dde128124a925a830de,17,0
23,3,574464659df0fc5bac579eff2b1fff99,859,1
23,3,81ce123cbb5bd8ce818f60fb3586bba5,1195,4
23,3,cef3390ed299c09874189c387777674a,271,0
24,1,4ae385d792f81dde128124a925a830de,17,0
24,1,574464659df0fc5bac579eff2b1fff99,831,1
24,1,81ce123cbb5bd8ce818f60fb3586bba5,1332,1
24,1,cef3390ed299c09874189c387777674a,306,11
24,2,4ae385d792f81dde128124a925a830de,12,0
24,2,574464659df0fc5bac579eff2b1fff99,757,1
24,2,81ce123cbb5bd8ce818f60fb3586bba5,1090,0
24,2,cef3390ed299c09874189c387777674a,250,0
24,3,4ae385d792f81dde128124a925a830de,11,0
24,3,574464659df0fc5bac579eff2b1fff99,821,3
24,3,81ce123cbb5bd8ce818f60fb3586bba5,1189,0
24,3,cef3390ed299c09874189c387777674a,231,1
25,1,4ae385d792f81dde128124a925a830de,10,0
25,1,574464659df0fc5bac579eff2b1fff99,834,0
25,1,81ce123cbb5bd8ce818f60fb3586bba5,1237,0
25,1,cef3390ed299c09874189c387777674a,248,8
25,2,4ae385d792f81dde128124a925a830de,11,0
25,2,574464659df0fc5bac579eff2b1fff99,797,3
25,2,81ce123cbb5bd8ce818f60fb3586bba5,1123,0
25,2,cef3390ed299c09874189c387777674a,242,1
25,3,4ae385d792f81dde128124a925a830de,17,0
25,3,574464659df0fc5bac579eff2b1fff99,726,0
25,3,81ce123cbb5bd8ce818f60fb3586bba5,1122,0
25,3,cef3390ed299c09874189c387777674a,212,1
26,1,4ae385d792f81dde128124a925a830de,24,0
26,1,574464659df0fc5bac579eff2b1fff99,889,2
26,1,81ce123cbb5bd8ce818f60fb3586bba5,1267,0
26,1,cef3390ed299c09874189c387777674a,285,2
26,2,4ae385d792f81dde128124a925a830de,8,0
26,2,574464659df0fc5bac579eff2b1fff99,719,3
26,2,81ce123cbb5bd8ce818f60fb3586bba5,1099,0
26,2,cef3390ed299c09874189c387777674a,206,0
26,3,4ae385d792f81dde128124a925a830de,5,0
26,3,574464659df0fc5bac579eff2b1fff99,807,8
26,3,81ce123cbb5bd8ce818f60fb3586bba5,1204,2
26,3,cef3390ed299c09874189c387777674a,283,0
27,1,4ae385d792f81dde128124a925a830de,7,0
27,1,574464659df0fc5bac579eff2b1fff99,785,5
27,1,81ce123cbb5bd8ce818f60fb3586bba5,1185,1
27,1,cef3390ed299c09874189c387777674a,271,0
27,2,4ae385d792f81dde128124a925a830de,15,0
27,2,574464659df0fc5bac579eff2b1fff99,831,1
27,2,81ce123cbb5bd8ce818f60fb3586bba5,1173,0
27,2,cef3390ed299c09874189c387777674a,240,2
27,3,4ae385d792f81dde128124a925a830de,11,0
27,3,574464659df0fc5bac579eff2b1fff99,783,0
27,3,81ce123cbb5bd8ce818f60fb3586bba5,1241,0
27,3,cef3390ed299c09874189c387777674a,266,0
28,1,4ae385d792f81dde128124a925a830de,4,0
28,1,574464659df0fc5bac579eff2b1fff99,826,8
28,1,81ce123cbb5bd8ce818f60fb3586bba5,1275,0
28,1,cef3390ed299c09874189c387777674a,281,2
28,2,4ae385d792f81dde128124a925a830de,9,0
28,2,574464659df0fc5bac579eff2b1fff99,818,1
28,2,81ce123cbb5bd8ce818f60fb3586bba5,1196,0
28,2,cef3390ed299c09874189c387777674a,250,1
28,3,4ae385d792f81dde128124a925a830de,12,0
28,3,574464659df0fc5bac579eff2b1fff99,679,1
28,3,81ce123cbb5bd8ce818f60fb3586bba5,1033,0
28,3,cef3390ed299c09874189c387777674a,237,0
29,1,4ae385d792f81dde128124a925a830de,7,0
29,1,574464659df0fc5bac579eff2b1fff99,790,0
29,1,81ce123cbb5bd8ce818f60fb3586bba5,1206,0
29,1,cef3390ed299c09874189c387777674a,282,4
29,2,4ae385d792f81dde128124a925a830de,14,0
29,2,574464659df0fc5bac579eff2b1fff99,827,2
29,2,81ce123cbb5bd8ce818f60fb3586bba5,1248,1
29,2,cef3390ed299c09874189c387777674a,224,2
29,3,4ae385d792f81dde128124a925a830de,14,0
29,3,574464659df0fc5bac579eff2b1fff99,811,5
29,3,81ce123cbb5bd8ce818f60fb3586bba5,1274,0
29,3,cef3390ed299c09874189c387777674a,226,1
30,1,4ae385d792f81dde128124a925a830de,12,0
30,1,574464659df0fc5bac579eff2b1fff99,853,2
30,1,81ce123cbb5bd8ce818f60fb3586bba5,1154,4
30,1,cef3390ed299c09874189c387777674a,285,1
30,2,4ae385d792f81dde128124a925a830de,9,0
30,2,574464659df0fc5bac579eff2b1fff99,809,4
30,2,81ce123cbb5bd8ce818f60fb3586bba5,1251,7
30,2,cef3390ed299c09874189c387777674a,264,0
30,3,4ae385d792f81dde128124a925a830de,11,0
30,3,574464659df0fc5bac579eff2b1fff99,878,5
30,3,81ce123cbb5bd8ce818f60fb3586bba5,1328,4
30,3,cef3390ed299c09874189c387777674a,292,0
31,1,4ae385d792f81dde128124a925a830de,6,0
31,1,574464659df0fc5bac579eff2b1fff99,867,4
31,1,81ce123cbb5bd8ce818f60fb3586bba5,1240,1
31,1,cef3390ed299c09874189c387777674a,269,1
31,2,4ae385d792f81dde128124a925a830de,11,0
31,2,574464659df0fc5bac579eff2b1fff99,828,2
31,2,81ce123cbb5bd8ce818f60fb3586bba5,1136,7
31,2,cef3390ed299c09874189c387777674a,278,0
31,3,4ae385d792f81dde128124a925a830de,9,0
31,3,574464659df0fc5bac579eff2b1fff99,841,7
31,3,81ce123cbb5bd8ce818f60fb3586bba5,1226,8
31,3,cef3390ed299c09874189c387777674a,246,0
32,1,4ae385d792f81dde128124a925a830de,8,0
32,1,574464659df0fc5bac579eff2b1fff99,819,3
32,1,81ce123cbb5bd8ce818f60fb3586bba5,1178,0
32,1,cef3390ed299c09874189c387777674a,225,0
32,2,4ae385d792f81dde128124a925a830de,13,0
32,2,574464659df0fc5bac579eff2b1fff99,879,3
32,2,81ce123cbb5bd8ce818f60fb3586bba5,1270,7
32,2,cef3390ed299c09874189c387777674a,272,0
32,3,4ae385d792f81dde128124a925a830de,12,0
32,3,574464659df0fc5bac579eff2b1fff99,817,1
32,3,81ce123cbb5bd8ce818f60fb3586bba5,1225,1
32,3,cef3390ed299c09874189c387777674a,245,1
33,1,4ae385d792f81dde128124a925a830de,11,0
33,1,574464659df0fc5bac579eff2b1fff99,824,6
33,1,81ce123cbb5bd8ce818f60fb3586bba5,1307,6
33,1,cef3390ed299c09874189c387777674a,261,0
33,2,4ae385d792f81dde128124a925a830de,9,0
33,2,574464659df0fc5bac579eff2b1fff99,858,2
33,2,81ce123cbb5bd8ce818f60fb3586bba5,1313,2
33,2,cef3390ed299c09874189c387777674a,272,0
33,3,4ae385d792f81dde128124a925a830de,16,0
33,3,574464659df0fc5bac579eff2b1fff99,885,2
33,3,81ce123cbb5bd8ce818f60fb3586bba5,1254,0
33,3,cef3390ed299c09874189c387777674a,262,0
34,1,4ae385d792f81dde128124a925a830de,7,0
34,1,574464659df0fc5bac579eff2b1fff99,706,1
34,1,81ce123cbb5bd8ce818f60fb3586bba5,1087,6
34,1,cef3390ed299c09874189c387777674a,230,0
34,2,4ae385d792f81dde128124a925a830de,11,0
34,2,574464659df0fc5bac579eff2b1fff99,916,4
34,2,81ce123cbb5bd8ce818f60fb3586bba5,1257,8
34,2,cef3390ed299c09874189c387777674a,270,1
34,3,4ae385d792f81dde128124a925a830de,9,0
34,3,574464659df0fc5bac579eff2b1fff99,924,13
34,3,81ce123cbb5bd8ce818f60fb3586bba5,1218,6
34,3,cef3390ed299c09874189c387777674a,251,2
35,1,4ae385d792f81dde128124a925a830de,18,0
35,1,574464659df0fc5bac579eff2b1fff99,906,13
35,1,81ce123cbb5bd8ce818f60fb3586bba5,1356,13
35,1,cef3390ed299c09874189c387777674a,274,1
35,2,4ae385d792f81dde128124a925a830de,8,0
35,2,574464659df0fc5bac579eff2b1fff99,820,2
35,2,81ce123cbb5bd8ce818f60fb3586bba5,1241,16
35,2,cef3390ed299c09874189c387777674a,261,1
35,3,4ae385d792f81dde128124a925a830de,9,0
35,3,574464659df0fc5bac579eff2b1fff99,893,7
35,3,81ce123cbb5bd8ce818f60fb3586bba5,1243,5
35,3,cef3390ed299c09874189c387777674a,271,2
36,1,4ae385d792f81dde128124a925a830de,7,0
36,1,574464659df0fc5bac579eff2b1fff99,713,8
36,1,81ce123cbb5bd8ce818f60fb3586bba5,1078,2
36,1,cef3390ed299c09874189c387777674a,232,0
36,2,4ae385d792f81dde128124a925a830de,10,0
36,2,574464659df0fc5bac579eff2b1fff99,830,1
36,2,81ce123cbb5bd8ce818f60fb3586bba5,1122,2
36,2,cef3390ed299c09874189c387777674a,275,0
36,3,4ae385d792f81dde128124a925a830de,12,0
36,3,574464659df0fc5bac579eff2b1fff99,880,2
36,3,81ce123cbb5bd8ce818f60fb3586bba5,1113,16
36,3,cef3390ed299c09874189c387777674a,225,0
37,1,4ae385d792f81dde128124a925a830de,5,0
37,1,574464659df0fc5bac579eff2b1fff99,820,0
37,1,81ce123cbb5bd8ce818f60fb3586bba5,1303,7
37,1,cef3390ed299c09874189c387777674a,303,6
37,2,4ae385d792f81dde128124a925a830de,19,0
37,2,574464659df0fc5bac579eff2b1fff99,781,3
37,2,81ce123cbb5bd8ce818f60fb3586bba5,1206,4
37,2,cef3390ed299c09874189c387777674a,280,5
37,3,4ae385d792f81dde128124a925a830de,12,0
37,3,574464659df0fc5bac579eff2b1fff99,849,3
37,3,81ce123cbb5bd8ce818f60fb3586bba5,1193,9
37,3,cef3390ed299c09874189c387777674a,234,1
38,1,4ae385d792f81dde128124a925a830de,11,0
38,1,574464659df0fc5bac579eff2b1fff99,845,5
38,1,81ce123cbb5bd8ce818f60fb3586bba5,1205,6
38,1,cef3390ed299c09874189c387777674a,196,0
38,2,4ae385d792f81dde128124a925a830de,15,0
38,2,574464659df0fc5bac579eff2b1fff99,707,6
38,2,81ce123cbb5bd8ce818f60fb3586bba5,1087,13
38,2,cef3390ed299c09874189c387777674a,223,0
38,3,4ae385d792f81dde128124a925a830de,15,0
38,3,574464659df0fc5bac579eff2b1fff99,861,8
38,3,81ce123cbb5bd8ce818f60fb3586bba5,1258,6
38,3,cef3390ed299c09874189c387777674a,251,0
39,1,4ae385d792f81dde128124a925a830de,11,0
39,1,574464659df0fc5bac579eff2b1fff99,824,3
39,1,81ce123cbb5bd8ce818f60fb3586bba5,1156,11
39,1,cef3390ed299c09874189c387777674a,248,1
39,2,4ae385d792f81dde128124a925a830de,9,0
39,2,574464659df0fc5bac579eff2b1fff99,809,5
39,2,81ce123cbb5bd8ce818f60fb3586bba5,1204,8
39,2,cef3390ed299c09874189c387777674a,222,0
39,3,4ae385d792f81dde128124a925a830de,13,0
39,3,574464659df0fc5bac579eff2b1fff99,771,2
39,3,81ce123cbb5bd8ce818f60fb3586bba5,1157,5
39,3,cef3390ed299c09874189c387777674a,249,0
40,1,4ae385d792f81dde128124a925a830de,8,0
40,1,574464659df0fc5bac579eff2b1fff99,828,0
40,1,81ce123cbb5bd8ce818f60fb3586bba5,1215,2
40,1,cef3390ed299c09874189c387777674a,259,0
40,2,4ae385d792f81dde128124a925a830de,15,0
40,2,574464659df0fc5bac579eff2b1fff99,879,2
40,2,81ce123cbb5bd8ce818f60fb3586bba5,1288,2
40,2,cef3390ed299c09874189c387777674a,251,1
40,3,4ae385d792f81dde128124a925a830de,12,0
40,3,574464659df0fc5bac579eff2b1fff99,868,2
40,3,81ce123cbb5bd8ce818f60fb3586bba5,1219,2
40,3,cef3390ed299c09874189c387777674a,234,0
41,1,4ae385d792f81dde128124a925a830de,13,0
41,1,574464659df0fc5bac579eff2b1fff99,799,5
41,1,81ce123cbb5bd8ce818f60fb3586bba5,1289,21
41,1,cef3390ed299c09874189c387777674a,239,0
41,2,4ae385d792f81dde128124a925a830de,10,0
41,2,574464659df0fc5bac579eff2b1fff99,834,5
41,2,81ce123cbb5bd8ce818f60fb3586bba5,1179,7
41,2,cef3390ed299c09874189c387777674a,249,0
41,3,4ae385d792f81dde128124a925a830de,12,0
41,3,574464659df0fc5bac579eff2b1fff99,733,4
41,3,81ce123cbb5bd8ce818f60fb3586bba5,1047,7
41,3,cef3390ed299c09874189c387777674a,230,0
42,1,4ae385d792f81dde128124a925a830de,10,0
42,1,574464659df0fc5bac579eff2b1fff99,803,8
42,1,81ce123cbb5bd8ce818f60fb3586bba5,1099,4
42,1,cef3390ed299c09874189c387777674a,230,0
42,2,4ae385d792f81dde128124a925a830de,14,0
42,2,574464659df0fc5bac579eff2b1fff99,843,6
42,2,81ce123cbb5bd8ce818f60fb3586bba5,1309,14
42,2,cef3390ed299c09874189c387777674a,269,0
42,3,4ae385d792f81dde128124a925a830de,11,0
42,3,574464659df0fc5bac579eff2b1fff99,789,1
42,3,81ce123cbb5bd8ce818f60fb3586bba5,1190,6
42,3,cef3390ed299c09874189c387777674a,262,0
43,1,4ae385d792f81dde128124a925a830de,9,0
43,1,574464659df0fc5bac579eff2b1fff99,834,5
43,1,81ce123cbb5bd8ce818f60fb3586bba5,1215,9
43,1,cef3390ed299c09874189c387777674a,248,0
43,2,4ae385d792f81dde128124a925a830de,12,0
43,2,574464659df0fc5bac579eff2b1fff99,756,3
43,2,81ce123cbb5bd8ce818f60fb3586bba5,1171,6
43,2,cef3390ed299c09874189c387777674a,242,0
43,3,4ae385d792f81dde128124a925a830de,9,0
43,3,574464659df0fc5bac579eff2b1fff99,853,2
43,3,81ce123cbb5bd8ce818f60fb3586bba5,1191,10
43,3,cef3390ed299c09874189c387777674a,258,0
44,1,4ae385d792f81dde128124a925a830de,16,0
44,1,574464659df0fc5bac579eff2b1fff99,805,7
44,1,81ce123cbb5bd8ce818f60fb3586bba5,1087,2
44,1,cef3390ed299c09874189c387777674a,230,0
44,2,4ae385d792f81dde128124a925a830de,11,0
44,2,574464659df0fc5bac579eff2b1fff99,883,3
44,2,81ce123cbb5bd8ce818f60fb3586bba5,1274,2
44,2,cef3390ed299c09874189c387777674a,296,0
44,3,4ae385d792f81dde128124a925a830de,8,0
44,3,574464659df0fc5bac579eff2b1fff99,881,6
44,3,81ce123cbb5bd8ce818f60fb3586bba5,1191,5
44,3,cef3390ed299c09874189c387777674a,273,0
45,1,4ae385d792f81dde128124a925a830de,9,0
45,1,574464659df0fc5bac579eff2b1fff99,805,8
45,1,81ce123cbb5bd8ce818f60fb3586bba5,1151,6
45,1,cef3390ed299c09874189c387777674a,252,0
45,2,4ae385d792f81dde128124a925a830de,11,0
45,2,574464659df0fc5bac579eff2b1fff99,820,7
45,2,81ce123cbb5bd8ce818f60fb3586bba5,1181,8
45,2,cef3390ed299c09874189c387777674a,253,0
45,3,4ae385d792f81dde128124a925a830de,7,0
45,3,574464659df0fc5bac579eff2b1fff99,802,2
45,3,81ce123cbb5bd8ce818f60fb3586bba5,1171,5
45,3,cef3390ed299c09874189c387777674a,265,0
46,1,4ae385d792f81dde128124a925a830de,7,0
46,1,574464659df0fc5bac579eff2b1fff99,877,1
46,1,81ce123cbb5bd8ce818f60fb3586bba5,1227,4
46,1,cef3390ed299c09874189c387777674a,277,0
46,2,4ae385d792f81dde128124a925a830de,12,0
46,2,574464659df0fc5bac579eff2b1fff99,815,0
46,2,81ce123cbb5bd8ce818f60fb3586bba5,1239,4
46,2,cef3390ed299c09874189c387777674a,215,0
46,3,4ae385d792f81dde128124a925a830de,14,0
46,3,574464659df0fc5bac579eff2b1fff99,821,3
46,3,81ce123cbb5bd8ce818f60fb3586bba5,1182,4
46,3,cef3390ed299c09874189c387777674a,267,0
47,1,4ae385d792f81dde128124a925a830de,9,0
47,1,574464659df0fc5bac579eff2b1fff99,968,3
47,1,81ce123cbb5bd8ce818f60fb3586bba5,1292,12
47,1,cef3390ed299c09874189c387777674a,249,3
47,2,4ae385d792f81dde128124a925a830de,10,0
47,2,574464659df0fc5bac579eff2b1fff99,833,2
47,2,81ce123cbb5bd8ce818f60fb3586bba5,1172,6
47,2,cef3390ed299c09874189c387777674a,222,0
47,3,4ae385d792f81dde128124a925a830de,11,0
47,3,574464659df0fc5bac579eff2b1fff99,863,5
47,3,81ce123cbb5bd8ce818f60fb3586bba5,1235,7
47,3,cef3390ed299c09874189c387777674a,223,0
48,1,4ae385d792f81dde128124a925a830de,8,0
48,1,574464659df0fc5bac579eff2b1fff99,826,6
48,1,81ce123cbb5bd8ce818f60fb3586bba5,1159,5
48,1,cef3390ed299c09874189c387777674a,271,0
48,2,4ae385d792f81dde128124a925a830de,15,0
48,2,574464659df0fc5bac579eff2b1fff99,887,11
48,2,81ce123cbb5bd8ce818f60fb3586bba5,1213,8
48,2,cef3390ed299c09874189c387777674a,218,1
48,3,4ae385d792f81dde128124a925a830de,12,0
48,3,574464659df0fc5bac579eff2b1fff99,758,2
48,3,81ce123cbb5bd8ce818f60fb3586bba5,1117,3
48,3,cef3390ed299c09874189c387777674a,249,12
49,1,4ae385d792f81dde128124a925a830de,6,0
49,1,574464659df0fc5bac579eff2b1fff99,893,4
49,1,81ce123cbb5bd8ce818f60fb3586bba5,1253,8
49,1,cef3390ed299c09874189c387777674a,271,0
49,2,4ae385d792f81dde128124a925a830de,10,0
49,2,574464659df0fc5bac579eff2b1fff99,830,1
49,2,81ce123cbb5bd8ce818f60fb3586bba5,1124,2
49,2,cef3390ed299c09874189c387777674a,228,0
49,3,4ae385d792f81dde128124a925a830de,9,0
49,3,574464659df0fc5bac579eff2b1fff99,833,4
49,3,81ce123cbb5bd8ce818f60fb3586bba5,1241,12
49,3,cef3390ed299c09874189c387777674a,292,0
50,1,4ae385d792f81dde128124a925a830de,8,0
50,1,574464659df0fc5bac579eff2b1fff99,820,3
50,1,81ce123cbb5bd8ce818f60fb3586bba5,1206,8
50,1,cef3390ed299c09874189c387777674a,257,0
50,2,4ae385d792f81dde128124a925a830de,12,0
50,2,574464659df0fc5bac579eff2b1fff99,881,4
50,2,81ce123cbb5bd8ce818f60fb3586bba5,1234,3
50,2,cef3390ed299c09874189c387777674a,271,0
50,3,4ae385d792f81dde128124a925a830de,8,0
50,3,574464659df0fc5bac579eff2b1fff99,748,2
50,3,81ce123cbb5bd8ce818f60fb3586bba5,1041,3
50,3,cef3390ed299c09874189c387777674a,241,1
51,1,4ae385d792f81dde128124a925a830de,14,0
51,1,574464659df0fc5bac579eff2b1fff99,804,10
51,1,81ce123cbb5bd8ce818f60fb3586bba5,1108,5
51,1,cef3390ed299c09874189c387777674a,238,5
51,2,4ae385d792f81dde128124a925a830de,10,0
51,2,574464659df0fc5bac579eff2b1fff99,857,3
51,2,81ce123cbb5bd8ce818f60fb3586bba5,1231,2
51,2,cef3390ed299c09874189c387777674a,288,0
51,3,4ae385d792f81dde128124a925a830de,4,0
51,3,574464659df0fc5bac579eff2b1fff99,832,6
51,3,81ce123cbb5bd8ce818f60fb3586bba5,1219,0
51,3,cef3390ed299c09874189c387777674a,249,0
52,1,4ae385d792f81dde128124a925a830de,7,0
52,1,574464659df0fc5bac579eff2b1fff99,826,1
52,1,81ce123cbb5bd8ce818f60fb3586bba5,1197,4
52,1,cef3390ed299c09874189c387777674a,282,2
52,2,4ae385d792f81dde128124a925a830de,8,0
52,2,574464659df0fc5bac579eff2b1fff99,815,2
52,2,81ce123cbb5bd8ce818f60fb3586bba5,1193,6
52,2,cef3390ed299c09874189c387777674a,259,0
52,3,4ae385d792f81dde128124a925a830de,8,0
52,3,574464659df0fc5bac579eff2b1fff99,809,4
52,3,81ce123cbb5bd8ce818f60fb3586bba5,1205,6
52,3,cef3390ed299c09874189c387777674a,237,0
53,1,4ae385d792f81dde128124a925a830de,7,0
53,1,574464659df0fc5bac579eff2b1fff99,754,8
53,1,81ce123cbb5bd8ce818f60fb3586bba5,1127,4
53,1,cef3390ed299c09874189c387777674a,236,2
53,2,4ae385d792f81dde128124a925a830de,13,0
53,2,574464659df0fc5bac579eff2b1fff99,851,2
53,2,81ce123cbb5bd8ce818f60fb3586bba5,1069,4
53,2,cef3390ed299c09874189c387777674a,236,0
53,3,4ae385d792f81dde128124a925a830de,11,0
53,3,574464659df0fc5bac579eff2b1fff99,830,1
53,3,81ce123cbb5bd8ce818f60fb3586bba5,1105,2
53,3,cef3390ed299c09874189c387777674a,226,0
54,1,4ae385d792f81dde128124a925a830de,14,0
54,1,574464659df0fc5bac579eff2b1fff99,714,0
54,1,81ce123cbb5bd8ce818f60fb3586bba5,1101,1
54,1,cef3390ed299c09874189c387777674a,245,0
54,2,4ae385d792f81dde128124a925a830de,9,0
54,2,574464659df0fc5bac579eff2b1fff99,788,3
54,2,81ce123cbb5bd8ce818f60fb3586bba5,1134,2
54,2,cef3390ed299c09874189c387777674a,256,0
54,3,4ae385d792f81dde128124a925a830de,7,0
54,3,574464659df0fc5bac579eff2b1fff99,716,1
54,3,81ce123cbb5bd8ce818f60fb3586bba5,1083,1
54,3,cef3390ed299c09874189c387777674a,257,0
55,1,4ae385d792f81dde128124a925a830de,8,0
55,1,574464659df0fc5bac579eff2b1fff99,741,2
55,1,81ce123cbb5bd8ce818f60fb3586bba5,1158,3
55,1,cef3390ed299c09874189c387777674a,256,2
55,2,4ae385d792f81dde128124a925a830de,8,0
55,2,574464659df0fc5bac579eff2b1fff99,813,2
55,2,81ce123cbb5bd8ce818f60fb3586bba5,1340,5
55,2,cef3390ed299c09874189c387777674a,244,0
55,3,4ae385d792f81dde128124a925a830de,14,0
55,3,574464659df0fc5bac579eff2b1fff99,665,2
55,3,81ce123cbb5bd8ce818f60fb3586bba5,1109,5
55,3,cef3390ed299c09874189c387777674a,226,0
56,1,4ae385d792f81dde128124a925a830de,14,0
56,1,574464659df0fc5bac579eff2b1fff99,829,1
56,1,81ce123cbb5bd8ce818f60fb3586bba5,1233,2
56,1,cef3390ed299c09874189c387777674a,281,0
56,2,4ae385d792f81dde128124a925a830de,8,0
56,2,574464659df0fc5bac579eff2b1fff99,835,1
56,2,81ce123cbb5bd8ce818f60fb3586bba5,1166,2
56,2,cef3390ed299c09874189c387777674a,257,0
56,3,4ae385d792f81dde128124a925a830de,10,0
56,3,574464659df0fc5bac579eff2b1fff99,799,1
56,3,81ce123cbb5bd8ce818f60fb3586bba5,1222,3
56,3,cef3390ed299c09874189c387777674a,251,0
57,1,4ae385d792f81dde128124a925a830de,11,0
57,1,574464659df0fc5bac579eff2b1fff99,804,1
57,1,81ce123cbb5bd8ce818f60fb3586bba5,1256,8
57,1,cef3390ed299c09874189c387777674a,243,2
57,2,4ae385d792f81dde128124a925a830de,14,0
57,2,574464659df0fc5bac579eff2b1fff99,813,5
57,2,81ce123cbb5bd8ce818f60fb3586bba5,1250,7
57,2,cef3390ed299c09874189c387777674a,247,0
57,3,4ae385d792f81dde128124a925a830de,9,0
57,3,574464659df0fc5bac579eff2b1fff99,913,2
57,3,81ce123cbb5bd8ce818f60fb3586bba5,1242,2
57,3,cef3390ed299c09874189c387777674a,276,0
58,1,4ae385d792f81dde128124a925a830de,11,1
58,1,574464659df0fc5bac579eff2b1fff99,869,4
58,1,81ce123cbb5bd8ce818f60fb3586bba5,1335,4
58,1,cef3390ed299c09874189c387777674a,291,0
58,2,4ae385d792f81dde128124a925a830de,11,0
58,2,574464659df0fc5bac579eff2b1fff99,831,2
58,2,81ce123cbb5bd8ce818f60fb3586bba5,1274,8
58,2,cef3390ed299c09874189c387777674a,276,1
58,3,4ae385d792f81dde128124a925a830de,7,0
58,3,574464659df0fc5bac579eff2b1fff99,825,5
58,3,81ce123cbb5bd8ce818f60fb3586bba5,1277,7
58,3,cef3390ed299c09874189c387777674a,267,1
59,1,4ae385d792f81dde128124a925a830de,14,1
59,1,574464659df0fc5bac579eff2b1fff99,798,7
59,1,81ce123cbb5bd8ce818f60fb3586bba5,1251,6
59,1,cef3390ed299c09874189c387777674a,236,0
59,2,4ae385d792f81dde128124a925a830de,11,0
59,2,574464659df0fc5bac579eff2b1fff99,858,3
59,2,81ce123cbb5bd8ce818f60fb3586bba5,1248,11
59,2,cef3390ed299c09874189c387777674a,253,0
59,3,4ae385d792f81dde128124a925a830de,8,0
59,3,574464659df0fc5bac579eff2b1fff99,821,3
59,3,81ce123cbb5bd8ce818f60fb3586bba5,1162,5
59,3,cef3390ed299c09874189c387777674a,230,0
60,1,4ae385d792f81dde128124a925a830de,10,0
60,1,574464659df0fc5bac579eff2b1fff99,764,1
60,1,81ce123cbb5bd8ce818f60fb3586bba5,1069,12
60,1,cef3390ed299c09874189c387777674a,223,4
60,2,4ae385d792f81dde128124a925a830de,11,0
60,2,574464659df0fc5bac579eff2b1fff99,713,4
60,2,81ce123cbb5bd8ce818f60fb3586bba5,1091,8
60,2,cef3390ed299c09874189c387777674a,260,0
60,3,4ae385d792f81dde128124a925a830de,12,0
60,3,574464659df0fc5bac579eff2b1fff99,829,2
60,3,81ce123cbb5bd8ce818f60fb3586bba5,1189,6
60,3,cef3390ed299c09874189c387777674a,241,0
61,1,4ae385d792f81dde128124a925a830de,13,0
61,1,574464659df0fc5bac579eff2b1fff99,819,3
61,1,81ce123cbb5bd8ce818f60fb3586bba5,1229,10
61,1,cef3390ed299c09874189c387777674a,262,0
61,2,4ae385d792f81dde128124a925a830de,16,0
61,2,574464659df0fc5bac579eff2b1fff99,857,12
61,2,81ce123cbb5bd8ce818f60fb3586bba5,1149,10
61,2,cef3390ed299c09874189c387777674a,255,0
61,3,4ae385d792f81dde128124a925a830de,6,0
61,3,574464659df0fc5bac579eff2b1fff99,805,3
61,3,81ce123cbb5bd8ce818f60fb3586bba5,1223,10
61,3,cef3390ed299c09874189c387777674a,270,0
62,1,4ae385d792f81dde128124a925a830de,12,0
62,1,574464659df0fc5bac579eff2b1fff99,824,1
62,1,81ce123cbb5bd8ce818f60fb3586bba5,1136,7
62,1,cef3390ed299c09874189c387777674a,249,0
62,2,4ae385d792f81dde128124a925a830de,14,0
62,2,574464659df0fc5bac579eff2b1fff99,846,5
62,2,81ce123cbb5bd8ce818f60fb3586bba5,1276,8
62,2,cef3390ed299c09874189c387777674a,278,0
62,3,4ae385d792f81dde128124a925a830de,9,0
62,3,574464659df0fc5bac579eff2b1fff99,796,5
62,3,81ce123cbb5bd8ce818f60fb3586bba5,1181,6
62,3,cef3390ed299c09874189c387777674a,238,0
63,1,4ae385d792f81dde128124a925a830de,17,0
63,1,574464659df0fc5bac579eff2b1fff99,805,6
63,1,81ce123cbb5bd8ce818f60fb3586bba5,1151,4
63,1,cef3390ed299c09874189c387777674a,224,0
63,2,4ae385d792f81dde128124a925a830de,10,0
63,2,574464659df0fc5bac579eff2b1fff99,739,5
63,2,81ce123cbb5bd8ce818f60fb3586bba5,1139,8
63,2,cef3390ed299c09874189c387777674a,250,0
63,3,4ae385d792f81dde128124a925a830de,10,0
63,3,574464659df0fc5bac579eff2b1fff99,900,1
63,3,81ce123cbb5bd8ce818f60fb3586bba5,1348,16
63,3,cef3390ed299c09874189c387777674a,309,0
64,1,4ae385d792f81dde128124a925a830de,7,0
64,1,574464659df0fc5bac579eff2b1fff99,742,0
64,1,81ce123cbb5bd8ce818f60fb3586bba5,983,0
64,1,cef3390ed299c09874189c387777674a,188,0
64,2,4ae385d792f81dde128124a925a830de,7,0
64,2,574464659df0fc5bac579eff2b1fff99,916,6
64,2,81ce123cbb5bd8ce818f60fb3586bba5,1361,5
64,2,cef3390ed299c09874189c387777674a,300,2
64,3,4ae385d792f81dde128124a925a830de,18,0
64,3,574464659df0fc5bac579eff2b1fff99,900,2
64,3,81ce123cbb5bd8ce818f60fb3586bba5,1279,10
64,3,cef3390ed299c09874189c387777674a,246,0
65,1,4ae385d792f81dde128124a925a830de,5,0
65,1,574464659df0fc5bac579eff2b1fff99,744,3
65,1,81ce123cbb5bd8ce818f60fb3586bba5,1053,5
65,1,cef3390ed299c09874189c387777674a,245,0
65,2,4ae385d792f81dde128124a925a830de,20,0
65,2,574464659df0fc5bac579eff2b1fff99,835,1
65,2,81ce123cbb5bd8ce818f60fb3586bba5,1185,9
65,2,cef3390ed299c09874189c387777674a,262,0
65,3,4ae385d792f81dde128124a925a830de,8,0
65,3,574464659df0fc5bac579eff2b1fff99,754,1
65,3,81ce123cbb5bd8ce818f60fb3586bba5,1145,5
65,3,cef3390ed299c09874189c387777674a,218,0
66,1,4ae385d792f81dde128124a925a830de,7,0
66,1,574464659df0fc5bac579eff2b1fff99,747,3
66,1,81ce123cbb5bd8ce818f60fb3586bba5,1131,8
66,1,cef3390ed299c09874189c387777674a,263,0
66,2,4ae385d792f81dde128124a925a830de,15,0
66,2,574464659df0fc5bac579eff2b1fff99,949,2
66,2,81ce123cbb5bd8ce818f60fb3586bba5,1420,10
66,2,cef3390ed299c09874189c387777674a,298,0
66,3,4ae385d792f81dde128124a925a830de,13,0
66,3,574464659df0fc5bac579eff2b1fff99,939,2
66,3,81ce123cbb5bd8ce818f60fb3586bba5,1297,4
66,3,cef3390ed299c09874189c387777674a,276,1
67,1,4ae385d792f81dde128124a925a830de,19,0
67,1,574464659df0fc5bac579eff2b1fff99,797,6
67,1,81ce123cbb5bd8ce818f60fb3586bba5,1135,0
67,1,cef3390ed299c09874189c387777674a,230,0
67,2,4ae385d792f81dde128124a925a830de,7,0
67,2,574464659df0fc5bac579eff2b1fff99,855,3
67,2,81ce123cbb5bd8ce818f60fb3586bba5,1159,1
67,2,cef3390ed299c09874189c387777674a,267,0
67,3,4ae385d792f81dde128124a925a830de,11,4
67,3,574464659df0fc5bac579eff2b1fff99,866,1
67,3,81ce123cbb5bd8ce818f60fb3586bba5,1265,0
67,3,cef3390ed299c09874189c387777674a,255,2
68,1,4ae385d792f81dde128124a925a830de,16,0
68,1,574464659df0fc5bac579eff2b1fff99,942,8
68,1,81ce123cbb5bd8ce818f60fb3586bba5,1268,2
68,1,cef3390ed299c09874189c387777674a,268,0
68,2,4ae385d792f81dde128124a925a830de,10,0
68,2,574464659df0fc5bac579eff2b1fff99,837,0
68,2,81ce123cbb5bd8ce818f60fb3586bba5,1269,0
68,2,cef3390ed299c09874189c387777674a,283,0
68,3,4ae385d792f81dde128124a925a830de,15,0
68,3,574464659df0fc5bac579eff2b1fff99,782,1
68,3,81ce123cbb5bd8ce818f60fb3586bba5,1147,1
68,3,cef3390ed299c09874189c387777674a,245,3
69,1,4ae385d792f81dde128124a925a830de,10,0
69,1,574464659df0fc5bac579eff2b1fff99,916,4
69,1,81ce123cbb5bd8ce818f60fb3586bba5,1295,1
69,1,cef3390ed299c09874189c387777674a,245,1
69,2,4ae385d792f81dde128124a925a830de,18,0
69,2,574464659df0fc5bac579eff2b1fff99,839,3
69,2,81ce123cbb5bd8ce818f60fb3586bba5,1262,6
69,2,cef3390ed299c09874189c387777674a,279,4
69,3,4ae385d792f81dde128124a925a830de,6,0
69,3,574464659df0fc5bac579eff2b1fff99,806,6
69,3,81ce123cbb5bd8ce818f60fb3586bba5,1138,3
69,3,cef3390ed299c09874189c387777674a,272,3
70,1,4ae385d792f81dde128124a925a830de,11,0
70,1,574464659df0fc5bac579eff2b1fff99,873,2
70,1,81ce123cbb5bd8ce818f60fb3586bba5,1162,0
70,1,cef3390ed299c09874189c387777674a,250,1
70,2,4ae385d792f81dde128124a925a830de,5,0
70,2,574464659df0fc5bac579eff2b1fff99,814,0
70,2,81ce123cbb5bd8ce818f60fb3586bba5,1037,0
70,2,cef3390ed299c09874189c387777674a,265,2
70,3,4ae385d792f81dde128124a925a830de,7,0
70,3,574464659df0fc5bac579eff2b1fff99,835,1
70,3,81ce123cbb5bd8ce818f60fb3586bba5,1229,1
70,3,cef3390ed299c09874189c387777674a,233,0
71,1,4ae385d792f81dde128124a925a830de,14,0
71,1,574464659df0fc5bac579eff2b1fff99,809,3
71,1,81ce123cbb5bd8ce818f60fb3586bba5,1090,2
71,1,cef3390ed299c09874189c387777674a,232,0
71,2,4ae385d792f81dde128124a925a830de,19,0
71,2,574464659df0fc5bac579eff2b1fff99,849,1
71,2,81ce123cbb5bd8ce818f60fb3586bba5,1277,1
71,2,cef3390ed299c09874189c387777674a,246,1
71,3,4ae385d792f81dde128124a925a830de,10,0
71,3,574464659df0fc5bac579eff2b1fff99,812,5
71,3,81ce123cbb5bd8ce818f60fb3586bba5,1289,2
71,3,cef3390ed299c09874189c387777674a,263,0
72,1,4ae385d792f81dde128124a925a830de,12,0
72,1,574464659df0fc5bac579eff2b1fff99,797,0
72,1,81ce123cbb5bd8ce818f60fb3586bba5,1254,6
72,1,cef3390ed299c09874189c387777674a,272,2
72,2,4ae385d792f81dde128124a925a830de,8,0
72,2,574464659df0fc5bac579eff2b1fff99,825,10
72,2,81ce123cbb5bd8ce818f60fb3586bba5,1262,1
72,2,cef3390ed299c09874189c387777674a,261,0
72,3,4ae385d792f81dde128124a925a830de,14,0
72,3,574464659df0fc5bac579eff2b1fff99,822,6
72,3,81ce123cbb5bd8ce818f60fb3586bba5,1206,0
72,3,cef3390ed299c09874189c387777674a,249,0
73,1,4ae385d792f81dde128124a925a830de,7,0
73,1,574464659df0fc5bac579eff2b1fff99,802,2
73,1,81ce123cbb5bd8ce818f60fb3586bba5,1250,3
73,1,cef3390ed299c09874189c387777674a,254,0
73,2,4ae385d792f81dde128124a925a830de,8,0
73,2,574464659df0fc5bac579eff2b1fff99,771,0
73,2,81ce123cbb5bd8ce818f60fb3586bba5,1156,0
73,2,cef3390ed299c09874189c387777674a,243,5
73,3,4ae385d792f81dde128124a925a830de,12,0
73,3,574464659df0fc5bac579eff2b1fff99,854,0
73,3,81ce123cbb5bd8ce818f60fb3586bba5,1252,0
73,3,cef3390ed299c09874189c387777674a,252,0
74,1,4ae385d792f81dde128124a925a830de,10,0
74,1,574464659df0fc5bac579eff2b1fff99,804,0
74,1,81ce123cbb5bd8ce818f60fb3586bba5,1136,0
74,1,cef3390ed299c09874189c387777674a,236,1
74,2,4ae385d792f81dde128124a925a830de,9,0
74,2,574464659df0fc5bac579eff2b1fff99,790,2
74,2,81ce123cbb5bd8ce818f60fb3586bba5,1087,0
74,2,cef3390ed299c09874189c387777674a,244,1
74,3,4ae385d792f81dde128124a925a830de,14,0
74,3,574464659df0fc5bac579eff2b1fff99,833,2
74,3,81ce123cbb5bd8ce818f60fb3586bba5,1209,3
74,3,cef3390ed299c09874189c387777674a,246,1
75,1,4ae385d792f81dde128124a925a830de,9,0
75,1,574464659df0fc5bac579eff2b1fff99,778,2
75,1,81ce123cbb5bd8ce818f60fb3586bba5,1084,4
75,1,cef3390ed299c09874189c387777674a,233,0
75,2,4ae385d792f81dde128124a925a830de,8,0
75,2,574464659df0fc5bac579eff2b1fff99,827,3
75,2,81ce123cbb5bd8ce818f60fb3586bba5,1111,1
75,2,cef3390ed299c09874189c387777674a,222,0
75,3,4ae385d792f81dde128124a925a830de,11,0
75,3,574464659df0fc5bac579eff2b1fff99,958,1
75,3,81ce123cbb5bd8ce818f60fb3586bba5,1253,1
75,3,cef3390ed299c09874189c387777674a,316,3
76,1,4ae385d792f81dde128124a925a830de,12,0
76,1,574464659df0fc5bac579eff2b1fff99,822,5
76,1,81ce123cbb5bd8ce818f60fb3586bba5,1283,3
76,1,cef3390ed299c09874189c387777674a,287,2
76,2,4ae385d792f81dde128124a925a830de,9,0
76,2,574464659df0fc5bac579eff2b1fff99,775,1
76,2,81ce123cbb5bd8ce818f60fb3586bba5,1033,2
76,2,cef3390ed299c09874189c387777674a,237,0
76,3,4ae385d792f81dde128124a925a830de,16,0
76,3,574464659df0fc5bac579eff2b1fff99,850,6
76,3,81ce123cbb5bd8ce818f60fb3586bba5,1179,1
76,3,cef3390ed299c09874189c387777674a,214,1
77,1,4ae385d792f81dde128124a925a830de,10,0
77,1,574464659df0fc5bac579eff2b1fff99,944,2
77,1,81ce123cbb5bd8ce818f60fb3586bba5,1327,1
77,1,cef3390ed299c09874189c387777674a,279,0
77,2,4ae385d792f81dde128124a925a830de,15,0
77,2,574464659df0fc5bac579eff2b1fff99,954,3
77,2,81ce123cbb5bd8ce818f60fb3586bba5,1217,3
77,2,cef3390ed299c09874189c387777674a,282,0
77,3,4ae385d792f81dde128124a925a830de,18,0
77,3,574464659df0fc5bac579eff2b1fff99,810,4
77,3,81ce123cbb5bd8ce818f60fb3586bba5,1260,9
77,3,cef3390ed299c09874189c387777674a,268,0
78,1,4ae385d792f81dde128124a925a830de,19,0
78,1,574464659df0fc5bac579eff2b1fff99,854,6
78,1,81ce123cbb5bd8ce818f60fb3586bba5,1273,4
78,1,cef3390ed299c09874189c387777674a,285,0
78,2,4ae385d792f81dde128124a925a830de,14,0
78,2,574464659df0fc5bac579eff2b1fff99,869,0
78,2,81ce123cbb5bd8ce818f60fb3586bba5,1130,13
78,2,cef3390ed299c09874189c387777674a,266,2
78,3,4ae385d792f81dde128124a925a830de,10,0
78,3,574464659df0fc5bac579eff2b1fff99,712,3
78,3,81ce123cbb5bd8ce818f60fb3586bba5,1085,7
78,3,cef3390ed299c09874189c387777674a,231,0
79,1,4ae385d792f81dde128124a925a830de,12,0
79,1,574464659df0fc5bac579eff2b1fff99,910,3
79,1,81ce123cbb5bd8ce818f60fb3586bba5,1257,7
79,1,cef3390ed299c09874189c387777674a,268,0
79,2,4ae385d792f81dde128124a925a830de,9,0
79,2,574464659df0fc5bac579eff2b1fff99,804,4
79,2,81ce123cbb5bd8ce818f60fb3586bba5,1179,8
79,2,cef3390ed299c09874189c387777674a,273,1
79,3,4ae385d792f81dde128124a925a830de,10,0
79,3,574464659df0fc5bac579eff2b1fff99,829,2
79,3,81ce123cbb5bd8ce818f60fb3586bba5,1183,5
79,3,cef3390ed299c09874189c387777674a,246,0
