campaign,position,bin_hours,items,training_item_bins,zero_click_fraction,zero_impression_fraction,median_clicks,median_impressions,fraction_at_least_5_clicks
men,1,1,34,2448,0.9174836601307189,0.0428921568627451,0.0,22.0,0.004493464052287581
men,1,6,34,408,0.6078431372549019,0.0,0.0,159.0,0.03431372549019608
men,1,24,34,102,0.11764705882352941,0.0,3.0,610.0,0.30392156862745096
men,2,1,34,2448,0.9117647058823529,0.05024509803921569,0.0,22.0,0.0032679738562091504
men,2,6,34,408,0.5931372549019608,0.0,0.0,164.5,0.031862745098039214
men,2,24,34,102,0.14705882352941177,0.0,2.0,614.5,0.27450980392156865
men,3,1,34,2448,0.9244281045751634,0.04493464052287582,0.0,22.0,0.0032679738562091504
men,3,6,34,408,0.6519607843137255,0.0,0.0,160.0,0.029411764705882353
men,3,24,34,102,0.18627450980392157,0.0,2.0,607.0,0.22549019607843138
women,1,1,46,3312,0.8783212560386473,0.036533816425120776,0.0,31.0,0.002717391304347826
women,1,6,46,552,0.4746376811594203,0.0,1.0,224.5,0.041666666666666664
women,1,24,46,138,0.050724637681159424,0.0,4.0,836.0,0.3695652173913043
women,2,1,46,3312,0.8897946859903382,0.042874396135265704,0.0,32.0,0.004528985507246377
women,2,6,46,552,0.5054347826086957,0.0,0.0,224.5,0.043478260869565216
women,2,24,46,138,0.050724637681159424,0.0,3.0,826.0,0.34057971014492755
women,3,1,46,3312,0.8867753623188406,0.03985507246376811,0.0,31.0,0.002717391304347826
women,3,6,46,552,0.5108695652173914,0.0,0.0,219.0,0.041666666666666664
women,3,24,46,138,0.043478260869565216,0.0,3.0,836.5,0.3333333333333333
all,1,1,80,5760,0.9206597222222223,0.051909722222222225,0.0,29.0,0.0012152777777777778
all,1,6,80,960,0.621875,0.0,0.0,201.5,0.015625
all,1,24,80,240,0.18333333333333332,0.0,2.0,756.5,0.22083333333333333
all,2,1,80,5760,0.9237847222222222,0.051909722222222225,0.0,28.0,0.0020833333333333333
all,2,6,80,960,0.640625,0.0,0.0,205.0,0.021875
all,2,24,80,240,0.22083333333333333,0.0,2.0,769.0,0.2
all,3,1,80,5760,0.9309027777777777,0.05243055555555556,0.0,28.0,0.001388888888888889
all,3,6,80,960,0.6604166666666667,0.0,0.0,199.5,0.016666666666666666
all,3,24,80,240,0.225,0.0,2.0,759.0,0.14583333333333334
