true_mean_graph_strength,phi,comparator,opportunity_loss_difference,standard_error
0.0,0.0,unstructured_ar_kg,-0.004485687958171047,0.008911850201938888
0.0,0.0,diagonal_mean_ar_kg,0.00918963094462817,0.01244356745482408
0.0,0.0,graph_iid_kg,0.0015732231071443347,0.004928271462973872
0.0,0.0,wrong_mean_graph_ar_kg,-0.00046894651166123403,0.009461446799825447
0.0,0.0,graph_ar_contrast,0.024463653637509197,0.012131113263972182
0.0,0.0,round_robin,0.06143783988108257,0.017513233178895676
0.0,0.9,unstructured_ar_kg,0.0049586134688503385,0.012548853841622527
0.0,0.9,diagonal_mean_ar_kg,0.024268507438911832,0.014487704015263883
0.0,0.9,graph_iid_kg,0.06300466447389838,0.018955532164861014
0.0,0.9,wrong_mean_graph_ar_kg,0.02321193602682982,0.01662000086298318
0.0,0.9,graph_ar_contrast,0.033973089491897375,0.013765240352981113
0.0,0.9,round_robin,0.01525240466316073,0.015329588254777033
0.0,0.99,unstructured_ar_kg,-0.03805021674899134,0.025738586920020894
0.0,0.99,diagonal_mean_ar_kg,-0.040666136462608964,0.026305686114665924
0.0,0.99,graph_iid_kg,-0.0037199197587720317,0.02544438380796522
0.0,0.99,wrong_mean_graph_ar_kg,0.03828435663577831,0.038785720736089914
0.0,0.99,graph_ar_contrast,0.015600133597153745,0.01464366461015446
0.0,0.99,round_robin,0.03056271425409806,0.02115356478969428
2.0,0.0,unstructured_ar_kg,0.017792123195904074,0.015660765281408084
2.0,0.0,diagonal_mean_ar_kg,0.007035078064539242,0.013170685842400436
2.0,0.0,graph_iid_kg,0.005167209060263471,0.004980168400456703
2.0,0.0,wrong_mean_graph_ar_kg,0.009379015464928834,0.01432049722969614
2.0,0.0,graph_ar_contrast,0.014791339360533146,0.014939668385794995
2.0,0.0,round_robin,0.02158921847201709,0.014905057126315655
2.0,0.9,unstructured_ar_kg,0.019154793197154858,0.01705318030586107
2.0,0.9,diagonal_mean_ar_kg,0.010435508576465724,0.01927507307230718
2.0,0.9,graph_iid_kg,0.013432134484791566,0.019615424271180727
2.0,0.9,wrong_mean_graph_ar_kg,0.01144407213850123,0.023354563941138832
2.0,0.9,graph_ar_contrast,-0.004053056207971274,0.01767976711624047
2.0,0.9,round_robin,-0.016753143312547403,0.016380895923752338
2.0,0.99,unstructured_ar_kg,-0.027191475674831683,0.020055450671474215
2.0,0.99,diagonal_mean_ar_kg,0.0007513607567588727,0.019427459769766627
2.0,0.99,graph_iid_kg,0.01894288639078261,0.016780694177281893
2.0,0.99,wrong_mean_graph_ar_kg,-0.007195635436375877,0.02220201467448663
2.0,0.99,graph_ar_contrast,0.0024992254160745896,0.010779548130008686
2.0,0.99,round_robin,0.011741067193292456,0.012359667454181404
