dynamics,mean_case,comparator,loss_difference,standard_error
lag_two,smooth,unstructured_ar_contrast,0.00725,0.008116593060796682
lag_two,smooth,diagonal_noise_ar_contrast,0.004250000000000002,0.007624819793570345
lag_two,smooth,wrong_mean_graph_ar_contrast,0.016,0.009349172967481102
lag_two,smooth,graph_iid_contrast,0.0355,0.009858228713457309
lag_two,smooth,round_robin,0.011000000000000001,0.010545188714533544
lag_two,smooth,block_cyclic,0.0045,0.010652045831764434
lag_two,rough,unstructured_ar_contrast,0.01025,0.007240463317027863
lag_two,rough,diagonal_noise_ar_contrast,0.0004999999999999999,0.006945498524133722
lag_two,rough,wrong_mean_graph_ar_contrast,0.008499999999999999,0.00652700228236285
lag_two,rough,graph_iid_contrast,0.012000000000000002,0.008862716214201339
lag_two,rough,round_robin,0.04675,0.011777232421820839
lag_two,rough,block_cyclic,0.00725,0.008085577923176475
oscillatory,smooth,unstructured_ar_contrast,0.0115,0.005487651738953575
oscillatory,smooth,diagonal_noise_ar_contrast,2.7755575615628914e-19,0.0038988466275458465
oscillatory,smooth,wrong_mean_graph_ar_contrast,0.006,0.004841196745604153
oscillatory,smooth,graph_iid_contrast,0.016249999999999997,0.006148676165888461
oscillatory,smooth,round_robin,0.027249999999999996,0.006137019024947113
oscillatory,smooth,block_cyclic,0.0175,0.005712434642754234
oscillatory,rough,unstructured_ar_contrast,-0.003500000000000001,0.0028905929561581227
oscillatory,rough,diagonal_noise_ar_contrast,-0.0004999999999999994,0.002377395644450299
oscillatory,rough,wrong_mean_graph_ar_contrast,0.004999999999999999,0.004208748963670318
oscillatory,rough,graph_iid_contrast,0.0042499999999999994,0.003943340866058836
oscillatory,rough,round_robin,0.005999999999999998,0.0034829087364344844
oscillatory,rough,block_cyclic,0.01275,0.005748033310156907
heterogeneous,smooth,unstructured_ar_contrast,0.012499999999999997,0.007304830782695728
heterogeneous,smooth,diagonal_noise_ar_contrast,0.005749999999999997,0.005858223400232802
heterogeneous,smooth,wrong_mean_graph_ar_contrast,0.008499999999999997,0.006973658261467842
heterogeneous,smooth,graph_iid_contrast,0.0037500000000000025,0.006209668866951436
heterogeneous,smooth,round_robin,0.0185,0.00872031936624148
heterogeneous,smooth,block_cyclic,0.005999999999999997,0.007589996060671245
heterogeneous,rough,unstructured_ar_contrast,-0.007250000000000004,0.005806744259434228
heterogeneous,rough,diagonal_noise_ar_contrast,-0.005000000000000004,0.003962766405926508
heterogeneous,rough,wrong_mean_graph_ar_contrast,-0.004750000000000005,0.005131407625701307
heterogeneous,rough,graph_iid_contrast,0.003999999999999997,0.0066154228206122545
heterogeneous,rough,round_robin,0.019999999999999997,0.008994694136715563
heterogeneous,rough,block_cyclic,0.0002499999999999963,0.006082530178045496
