rho,pcs_aabb,pcs_abab
0.0,0.6485412183773166,0.6141647482281918
0.0095,0.6490323833218203,0.6141647482281918
0.019,0.649528448028778,0.6141647482281918
0.028499999999999998,0.6500294944203003,0.6141647482281918
0.038,0.6505356063467556,0.6141647482281918
0.0475,0.6510468696454439,0.6141647482281918
0.056999999999999995,0.6515633722014688,0.6141647482281918
0.06649999999999999,0.6520852040108969,0.6141647482281918
0.076,0.6526124572463144,0.6141647482281918
0.08549999999999999,0.6531452263248846,0.6141647482281918
0.095,0.6536836079790198,0.6141647482281918
0.1045,0.6542277013297901,0.6141647482281918
0.11399999999999999,0.6547776079631906,0.6141647482281918
0.1235,0.655333432009403,0.6141647482281918
0.13299999999999998,0.6558952802251892,0.6141647482281918
0.1425,0.656463262079565,0.6141647482281918
0.152,0.6570374898429081,0.6141647482281918
0.16149999999999998,0.6576180786796657,0.6141647482281918
0.17099999999999999,0.6582051467448313,0.6141647482281918
0.1805,0.6587988152843779,0.6141647482281918
0.19,0.6593992087398339,0.6141647482281918
0.19949999999999998,0.660006454857212,0.6141647482281918
0.209,0.6606206848004996,0.6141647482281918
0.21849999999999997,0.6612420332699429,0.6141647482281918
0.22799999999999998,0.6618706386253623,0.6141647482281918
0.2375,0.6625066430147553,0.6141647482281918
0.247,0.663150192508455,0.6141647482281918
0.2565,0.66380143723913,0.6141647482281918
0.26599999999999996,0.6644605315479287,0.6141647482281918
0.27549999999999997,0.6651276341370872,0.6141647482281918
0.285,0.6658029082293417,0.6141647482281918
0.2945,0.6664865217345055,0.6141647482281918
0.304,0.6671786474235937,0.6141647482281918
0.3135,0.6678794631109013,0.6141647482281918
0.32299999999999995,0.6685891518444685,0.6141647482281918
0.3325,0.6693079021053896,0.6141647482281918
0.34199999999999997,0.670035908016456,0.6141647482281918
0.3515,0.6707733695606518,0.6141647482281918
0.361,0.6715204928100564,0.6141647482281918
0.3705,0.6722774901657408,0.6141647482281918
0.38,0.673044580609287,0.6141647482281918
0.38949999999999996,0.6738219899666018,0.6141647482281918
0.39899999999999997,0.674609951184735,0.6141647482281918
0.40850000000000003,0.6754087046224676,0.6141647482281918
0.418,0.6762184983554833,0.6141647482281918
0.4275,0.6770395884969925,0.6141647482281918
0.43699999999999994,0.6778722395347409,0.6141647482281918
0.4465,0.6787167246853946,0.6141647482281918
0.45599999999999996,0.6795733262673722,0.6141647482281918
0.46549999999999997,0.680442336093259,0.6141647482281918
0.475,0.6813240558830314,0.6141647482281918
0.48449999999999993,0.6822187976994,0.6141647482281918
0.494,0.6831268844066799,0.6141647482281918
0.5035,0.6840486501547005,0.6141647482281918
0.513,0.6849844408893766,0.6141647482281918
0.5225,0.6859346148916896,0.6141647482281918
0.5319999999999999,0.6868995433469552,0.6141647482281918
0.5415,0.6878796109464025,0.6141647482281918
0.5509999999999999,0.6888752165232421,0.6141647482281918
0.5605,0.6898867737255763,0.6141647482281918
0.57,0.6909147117286825,0.6141647482281918
0.5794999999999999,0.6919594759894125,0.6141647482281918
0.589,0.6930215290456643,0.6141647482281918
0.5984999999999999,0.6941013513641247,0.6141647482281918
0.608,0.6951994422397488,0.6141647482281918
0.6175,0.6963163207507256,0.6141647482281918
0.627,0.6974525267729939,0.6141647482281918
0.6365,0.6986086220587229,0.6141647482281918
0.6459999999999999,0.6997851913835442,0.6141647482281918
0.6555,0.7009828437677419,0.6141647482281918
0.665,0.7022022137770589,0.6141647482281918
0.6745,0.7034439629092863,0.6141647482281918
0.6839999999999999,0.704708781073346,0.6141647482281918
0.6934999999999999,0.7059973881681914,0.6141647482281918
0.703,0.7073105357695192,0.6141647482281918
0.7125,0.7086490089330258,0.6141647482281918
0.722,0.7100136281237575,0.6141647482281918
0.7314999999999999,0.7114052512820119,0.6141647482281918
0.741,0.7128247760372469,0.6141647482281918
0.7505,0.7142731420825625,0.6141647482281918
0.76,0.7157513337235555,0.6141647482281918
0.7695000000000001,0.7172603826167084,0.6141647482281918
0.7789999999999999,0.7188013707140036,0.6141647482281918
0.7885,0.7203754334321344,0.6141647482281918
0.7979999999999999,0.7219837630665791,0.6141647482281918
0.8075,0.7236276124729031,0.6141647482281918
0.8170000000000001,0.7253082990400004,0.6141647482281918
0.8264999999999999,0.7270272089826125,0.6141647482281918
0.836,0.728785801983397,0.6141647482281918
0.8454999999999999,0.7305856162181069,0.6141647482281918
0.855,0.7324282738011247,0.6141647482281918
0.8645,0.7343154866927386,0.6141647482281918
0.8739999999999999,0.7362490631141859,0.6141647482281918
0.8835,0.7382309145217163,0.6141647482281918
0.893,0.7402630631968021,0.6141647482281918
0.9025,0.7423476505162372,0.6141647482281918
0.9119999999999999,0.7444869459733137,0.6141647482281918
0.9214999999999999,0.7466833570296663,0.6141647482281918
0.9309999999999999,0.7489394398868342,0.6141647482281918
0.9405,0.7512579112772588,0.6141647482281918
0.95,0.753641661386456,0.6141647482281918
