experiment,policy,seed,horizon,regret,confidence_ok,max_coverage_ratio,counts
certificate,ucb,0,20000,103.80000000000072,True,0.4047740228272421,"[19495, 53, 31, 60, 33, 36, 57, 35, 58, 14, 10, 13, 17, 13, 9, 11, 10, 10, 6, 5, 4, 6, 4, 5, 5]"
certificate,ucb,1,20000,101.10000000000053,True,0.32009419466585953,"[19515, 45, 41, 31, 45, 38, 47, 41, 54, 9, 12, 15, 17, 15, 9, 9, 11, 7, 4, 9, 5, 4, 7, 5, 5]"
certificate,ucb,2,20000,102.45000000000077,True,0.3430808215000852,"[19494, 45, 43, 48, 42, 71, 44, 51, 30, 11, 9, 14, 10, 12, 9, 8, 14, 6, 5, 5, 5, 8, 5, 5, 6]"
certificate,ucb,3,20000,97.5000000000006,True,0.4216513954111817,"[19519, 73, 35, 41, 55, 22, 44, 59, 25, 11, 14, 12, 10, 13, 9, 10, 6, 7, 6, 3, 5, 3, 4, 7, 7]"
certificate,ucb,4,20000,100.35000000000053,True,0.40061672752335675,"[19518, 41, 57, 37, 33, 53, 45, 35, 33, 7, 12, 14, 12, 19, 12, 18, 15, 4, 4, 5, 7, 5, 4, 7, 3]"
certificate,ucb,5,20000,103.05000000000064,True,0.4850120013065199,"[19510, 77, 37, 29, 55, 20, 43, 28, 52, 17, 13, 12, 10, 8, 9, 17, 15, 6, 7, 4, 7, 8, 7, 3, 6]"
certificate,ucb,6,20000,106.20000000000076,True,0.496600032872296,"[19488, 56, 35, 44, 52, 50, 29, 37, 65, 13, 12, 13, 10, 11, 10, 13, 10, 6, 6, 9, 5, 6, 5, 7, 8]"
certificate,ucb,7,20000,105.90000000000074,True,0.5365489774173017,"[19471, 26, 83, 58, 39, 32, 55, 39, 61, 12, 15, 12, 13, 6, 13, 10, 14, 4, 4, 6, 7, 4, 6, 4, 6]"
certificate,ucb,8,20000,99.90000000000052,True,0.42232489672081,"[19530, 72, 28, 38, 48, 44, 32, 25, 33, 14, 15, 14, 13, 14, 14, 10, 10, 4, 5, 5, 6, 5, 6, 6, 9]"
certificate,ucb,9,20000,102.6000000000007,True,0.37995088046012315,"[19488, 62, 37, 60, 27, 51, 37, 75, 25, 15, 14, 15, 13, 13, 13, 11, 10, 4, 6, 3, 4, 4, 3, 5, 5]"
certificate,ucb,10,20000,103.20000000000057,True,0.3645034236548375,"[19511, 48, 36, 43, 45, 53, 27, 44, 45, 8, 11, 11, 15, 13, 19, 12, 8, 7, 6, 7, 6, 4, 6, 8, 7]"
certificate,ucb,11,20000,108.45000000000081,True,0.4427154256588359,"[19460, 62, 55, 56, 39, 53, 50, 44, 49, 13, 9, 9, 12, 11, 4, 12, 11, 7, 4, 7, 5, 7, 5, 8, 8]"
certificate,ucb,12,20000,105.00000000000075,True,0.4650510426133631,"[19485, 45, 61, 48, 40, 47, 57, 24, 55, 13, 11, 7, 12, 14, 16, 7, 11, 5, 6, 4, 6, 8, 5, 4, 9]"
certificate,ucb,13,20000,100.50000000000067,True,0.44089671788274687,"[19528, 35, 52, 29, 25, 51, 39, 77, 19, 13, 8, 15, 6, 11, 10, 14, 15, 7, 5, 6, 9, 9, 7, 6, 4]"
certificate,ucb,14,20000,97.80000000000052,True,0.3577559925833026,"[19536, 36, 43, 27, 52, 38, 33, 51, 44, 8, 14, 17, 9, 14, 7, 9, 14, 6, 6, 6, 8, 5, 6, 5, 6]"
certificate,ucb,15,20000,103.20000000000074,True,0.4181952065281828,"[19493, 43, 27, 48, 29, 51, 48, 62, 61, 15, 8, 10, 12, 20, 11, 8, 11, 6, 7, 5, 6, 5, 5, 4, 5]"
certificate,ucb,16,20000,97.50000000000045,True,0.3603750285994702,"[19545, 32, 34, 42, 57, 37, 56, 20, 29, 15, 13, 15, 9, 15, 12, 12, 10, 6, 8, 5, 6, 5, 6, 6, 5]"
certificate,ucb,17,20000,94.80000000000051,True,0.42446264182880705,"[19547, 24, 47, 37, 35, 56, 42, 43, 40, 10, 7, 7, 10, 5, 10, 15, 15, 7, 5, 4, 5, 7, 7, 9, 6]"
certificate,ucb,18,20000,99.90000000000046,True,0.5296890782946626,"[19533, 50, 46, 37, 17, 24, 28, 37, 72, 17, 14, 11, 14, 12, 11, 18, 16, 5, 5, 5, 5, 5, 8, 3, 7]"
certificate,ucb,19,20000,108.7500000000008,True,0.38893770414558115,"[19467, 32, 55, 45, 63, 40, 30, 64, 61, 11, 14, 16, 10, 13, 11, 9, 10, 7, 5, 5, 6, 7, 8, 5, 6]"
certificate,ucb,20,20000,94.20000000000034,True,0.348620620360773,"[19568, 25, 46, 29, 41, 25, 46, 36, 35, 17, 9, 10, 14, 10, 7, 18, 17, 6, 8, 5, 4, 8, 7, 4, 5]"
certificate,ucb,21,20000,105.00000000000084,True,0.3983684267877266,"[19474, 58, 29, 43, 40, 53, 66, 61, 47, 9, 10, 13, 12, 11, 10, 7, 12, 5, 4, 6, 6, 8, 5, 6, 5]"
certificate,ucb,22,20000,92.10000000000042,True,0.43743572412603465,"[19568, 31, 54, 31, 52, 26, 54, 24, 30, 13, 9, 8, 9, 9, 5, 8, 17, 7, 6, 7, 6, 5, 8, 7, 6]"
certificate,ucb,23,20000,102.30000000000057,True,0.3666972218765077,"[19514, 47, 36, 36, 47, 51, 35, 33, 53, 12, 8, 14, 18, 12, 10, 12, 14, 5, 5, 5, 7, 10, 6, 5, 5]"
certificate,ucb,24,20000,101.55000000000075,True,0.4590158713574527,"[19501, 53, 48, 38, 29, 49, 55, 50, 40, 10, 13, 14, 11, 14, 13, 8, 13, 6, 3, 7, 4, 5, 6, 4, 6]"
certificate,ucb,25,20000,102.45000000000056,True,0.3449203122221155,"[19513, 36, 29, 53, 65, 36, 36, 39, 42, 14, 12, 14, 13, 12, 16, 15, 10, 5, 3, 6, 6, 4, 8, 6, 7]"
certificate,ucb,26,20000,90.45000000000034,True,0.5472859009076936,"[19568, 31, 47, 29, 55, 38, 30, 43, 29, 11, 10, 17, 11, 9, 8, 12, 11, 4, 3, 7, 5, 5, 4, 7, 6]"
certificate,ucb,27,20000,91.3500000000004,True,0.4949744898701486,"[19567, 35, 63, 27, 26, 40, 54, 21, 36, 11, 9, 14, 16, 10, 10, 8, 8, 7, 5, 2, 8, 5, 5, 7, 6]"
certificate,ucb,28,20000,87.3000000000003,True,0.5083240169942951,"[19593, 45, 23, 38, 37, 24, 37, 31, 42, 10, 13, 7, 13, 18, 8, 11, 5, 4, 5, 8, 7, 4, 7, 6, 4]"
certificate,ucb,29,20000,94.2000000000005,True,0.4126709690917205,"[19547, 32, 36, 56, 49, 43, 37, 32, 43, 11, 10, 7, 6, 13, 12, 9, 7, 6, 5, 7, 5, 7, 6, 5, 9]"
certificate,ucb,30,20000,93.0000000000005,True,0.39946762548209436,"[19566, 28, 57, 40, 33, 20, 27, 63, 26, 13, 11, 11, 14, 10, 15, 10, 10, 6, 6, 5, 5, 6, 5, 8, 5]"
certificate,ucb,31,20000,95.55000000000051,True,0.4733619563399039,"[19546, 19, 26, 44, 51, 31, 53, 59, 37, 7, 11, 12, 10, 11, 9, 12, 13, 5, 6, 8, 6, 6, 7, 7, 4]"
certificate,ucb,32,20000,98.70000000000051,True,0.6218471999636688,"[19526, 9, 33, 46, 43, 45, 36, 42, 80, 8, 9, 14, 11, 17, 6, 16, 15, 5, 5, 6, 7, 5, 6, 4, 6]"
certificate,ucb,33,20000,101.10000000000062,True,0.45251500155658986,"[19509, 44, 44, 20, 38, 58, 41, 51, 59, 7, 16, 14, 11, 10, 12, 9, 10, 5, 4, 8, 6, 6, 5, 5, 8]"
certificate,ucb,34,20000,103.80000000000081,True,0.3495093142020603,"[19485, 26, 31, 62, 49, 43, 36, 60, 76, 13, 9, 13, 8, 10, 10, 12, 12, 7, 5, 4, 5, 7, 5, 7, 5]"
certificate,ucb,35,20000,92.25000000000044,True,0.353044561619024,"[19556, 45, 35, 42, 38, 32, 32, 36, 53, 7, 9, 10, 15, 12, 17, 10, 11, 5, 6, 4, 5, 5, 4, 7, 4]"
certificate,ucb,36,20000,115.05000000000112,True,0.41582569286550497,"[19426, 52, 43, 57, 77, 60, 55, 34, 50, 13, 14, 13, 13, 13, 12, 12, 9, 8, 6, 7, 5, 4, 6, 6, 5]"
certificate,ucb,37,20000,103.35000000000073,True,0.35448189099478816,"[19502, 50, 37, 76, 31, 38, 40, 50, 29, 19, 11, 14, 11, 15, 6, 11, 16, 7, 5, 6, 5, 5, 6, 5, 5]"
certificate,ucb,38,20000,92.40000000000052,True,0.40689883693048007,"[19552, 39, 45, 33, 49, 32, 48, 31, 42, 10, 8, 16, 11, 11, 15, 10, 9, 4, 4, 5, 7, 6, 3, 4, 6]"
certificate,ucb,39,20000,102.6000000000005,True,0.5216836257910117,"[19523, 48, 46, 53, 59, 34, 20, 47, 12, 12, 14, 13, 12, 8, 15, 18, 17, 5, 7, 6, 7, 3, 5, 9, 7]"
certificate,spectral_ucb,0,20000,26.249999999999957,True,0.4047740228272421,"[19869, 8, 11, 11, 12, 13, 16, 13, 15, 3, 2, 3, 2, 3, 3, 1, 3, 2, 2, 1, 2, 2, 1, 1, 1]"
certificate,spectral_ucb,1,20000,30.74999999999994,True,0.32009419466585953,"[19850, 12, 12, 13, 18, 13, 13, 16, 13, 2, 3, 4, 4, 3, 3, 3, 3, 2, 1, 2, 2, 1, 3, 2, 2]"
certificate,spectral_ucb,2,20000,28.19999999999995,True,0.3430808215000852,"[19863, 11, 18, 10, 12, 10, 11, 15, 10, 3, 3, 5, 5, 5, 3, 2, 3, 1, 2, 1, 1, 2, 2, 1, 1]"
certificate,spectral_ucb,3,20000,27.14999999999995,True,0.41585459116980733,"[19863, 15, 8, 15, 12, 6, 18, 17, 11, 4, 4, 3, 3, 3, 3, 3, 3, 1, 2, 1, 1, 1, 1, 1, 1]"
certificate,spectral_ucb,4,20000,26.249999999999954,True,0.40061672752335675,"[19869, 9, 17, 9, 17, 11, 11, 12, 11, 2, 4, 2, 3, 3, 4, 4, 2, 1, 1, 1, 1, 2, 1, 2, 1]"
certificate,spectral_ucb,5,20000,29.69999999999994,True,0.41484649156130043,"[19860, 18, 6, 13, 8, 6, 12, 9, 23, 5, 4, 3, 4, 3, 3, 6, 4, 2, 2, 1, 2, 2, 1, 1, 2]"
certificate,spectral_ucb,6,20000,26.999999999999964,True,0.496600032872296,"[19873, 10, 10, 6, 12, 19, 12, 7, 11, 4, 4, 4, 3, 3, 3, 3, 3, 1, 1, 2, 1, 2, 2, 2, 2]"
certificate,spectral_ucb,7,20000,29.249999999999932,True,0.4219165123919043,"[19851, 8, 19, 11, 17, 15, 13, 13, 18, 3, 4, 2, 3, 3, 2, 3, 4, 1, 1, 1, 2, 1, 2, 1, 2]"
certificate,spectral_ucb,8,20000,23.699999999999974,True,0.42232489672081,"[19893, 12, 10, 6, 10, 8, 9, 5, 9, 3, 5, 4, 3, 3, 3, 2, 2, 1, 1, 2, 2, 1, 2, 2, 2]"
certificate,spectral_ucb,9,20000,33.89999999999991,True,0.37834613481496754,"[19827, 18, 13, 22, 14, 14, 17, 19, 13, 6, 2, 4, 5, 4, 3, 4, 5, 2, 1, 1, 1, 1, 1, 2, 1]"
certificate,spectral_ucb,10,20000,25.799999999999976,True,0.3645034236548375,"[19881, 10, 10, 10, 11, 8, 9, 12, 9, 3, 3, 2, 4, 3, 4, 4, 4, 2, 1, 1, 2, 2, 2, 1, 2]"
certificate,spectral_ucb,11,20000,32.3999999999999,True,0.4496681167565839,"[19830, 23, 16, 16, 17, 15, 17, 17, 16, 2, 2, 3, 3, 2, 2, 3, 3, 2, 1, 1, 2, 2, 2, 2, 1]"
certificate,spectral_ucb,12,20000,22.349999999999984,True,0.39714808120250095,"[19888, 11, 11, 13, 8, 11, 13, 7, 10, 3, 3, 2, 2, 3, 2, 2, 2, 1, 1, 2, 1, 1, 1, 1, 1]"
certificate,spectral_ucb,13,20000,28.49999999999994,True,0.3926921215355781,"[19862, 9, 14, 15, 13, 8, 15, 18, 9, 3, 3, 3, 2, 2, 3, 3, 3, 2, 2, 2, 2, 2, 2, 2, 1]"
certificate,spectral_ucb,14,20000,29.849999999999948,True,0.3577559925833026,"[19850, 13, 14, 16, 18, 8, 13, 15, 16, 3, 4, 3, 3, 5, 2, 2, 3, 1, 2, 1, 2, 2, 2, 1, 1]"
certificate,spectral_ucb,15,20000,31.199999999999925,True,0.4103025349121421,"[19843, 13, 11, 13, 13, 15, 13, 20, 21, 4, 2, 3, 3, 4, 3, 3, 3, 2, 2, 2, 1, 1, 1, 2, 2]"
certificate,spectral_ucb,16,20000,28.499999999999936,True,0.3603750285994702,"[19861, 10, 11, 15, 18, 12, 13, 10, 11, 2, 3, 3, 3, 4, 5, 3, 4, 2, 2, 1, 1, 2, 2, 1, 1]"
certificate,spectral_ucb,17,20000,26.849999999999937,True,0.42446264182880705,"[19861, 10, 12, 13, 13, 13, 21, 16, 13, 2, 1, 2, 3, 2, 2, 2, 2, 2, 2, 1, 2, 1, 1, 2, 1]"
certificate,spectral_ucb,18,20000,27.149999999999967,True,0.5296890782946626,"[19872, 10, 12, 10, 8, 10, 7, 11, 17, 3, 5, 4, 5, 4, 3, 6, 3, 1, 1, 1, 1, 2, 2, 1, 1]"
certificate,spectral_ucb,19,20000,35.54999999999988,True,0.38893770414558115,"[19816, 12, 25, 16, 21, 13, 19, 21, 16, 3, 5, 4, 4, 3, 4, 3, 3, 2, 1, 1, 2, 2, 2, 1, 1]"
certificate,spectral_ucb,20,20000,28.94999999999994,True,0.348620620360773,"[19860, 9, 18, 11, 17, 9, 15, 14, 9, 2, 2, 4, 4, 3, 2, 3, 3, 2, 3, 1, 1, 2, 2, 2, 2]"
certificate,spectral_ucb,21,20000,31.34999999999992,True,0.3983684267877266,"[19840, 17, 10, 17, 17, 14, 19, 16, 12, 2, 4, 4, 2, 4, 4, 4, 3, 1, 1, 1, 2, 2, 2, 1, 1]"
certificate,spectral_ucb,22,20000,30.149999999999935,True,0.41078883488110296,"[19853, 13, 13, 13, 15, 10, 17, 14, 11, 5, 2, 4, 4, 3, 2, 3, 5, 2, 2, 2, 1, 1, 1, 2, 2]"
certificate,spectral_ucb,23,20000,30.149999999999935,True,0.3460792312430709,"[19850, 15, 13, 15, 14, 14, 10, 12, 17, 3, 3, 4, 5, 4, 2, 4, 4, 1, 2, 1, 2, 2, 1, 1, 1]"
certificate,spectral_ucb,24,20000,30.749999999999922,True,0.4590158713574527,"[19846, 13, 16, 14, 13, 9, 17, 16, 16, 4, 4, 4, 4, 2, 6, 3, 2, 2, 1, 1, 1, 2, 2, 1, 1]"
certificate,spectral_ucb,25,20000,29.999999999999932,True,0.3449203122221155,"[19855, 13, 8, 15, 17, 12, 12, 10, 19, 2, 3, 4, 3, 3, 3, 3, 2, 2, 1, 3, 3, 2, 2, 2, 1]"
certificate,spectral_ucb,26,20000,26.399999999999945,True,0.5472859009076936,"[19862, 12, 18, 13, 13, 16, 10, 13, 14, 2, 2, 4, 3, 2, 2, 2, 3, 1, 1, 2, 1, 1, 1, 1, 1]"
certificate,spectral_ucb,27,20000,28.34999999999994,True,0.4949744898701486,"[19867, 9, 21, 9, 11, 11, 13, 6, 13, 2, 2, 3, 5, 3, 3, 4, 2, 2, 3, 1, 2, 2, 2, 2, 2]"
certificate,spectral_ucb,28,20000,23.699999999999978,True,0.5083240169942951,"[19892, 9, 7, 13, 8, 7, 8, 10, 8, 2, 4, 2, 4, 4, 4, 4, 2, 1, 1, 2, 1, 2, 2, 1, 2]"
certificate,spectral_ucb,29,20000,28.649999999999917,True,0.314539422191938,"[19856, 12, 8, 16, 15, 19, 13, 16, 12, 2, 2, 2, 3, 3, 3, 2, 2, 1, 2, 3, 1, 2, 1, 2, 2]"
certificate,spectral_ucb,30,20000,27.449999999999964,True,0.3457833667427498,"[19873, 12, 8, 15, 11, 6, 8, 14, 8, 5, 4, 4, 5, 4, 4, 5, 3, 1, 2, 1, 2, 1, 1, 1, 2]"
certificate,spectral_ucb,31,20000,30.89999999999993,True,0.4733619563399039,"[19846, 9, 14, 16, 15, 9, 24, 15, 14, 3, 4, 3, 3, 3, 2, 3, 3, 1, 2, 3, 2, 2, 1, 2, 1]"
certificate,spectral_ucb,32,20000,31.7999999999999,True,0.5636816933111808,"[19838, 7, 16, 14, 12, 13, 12, 19, 30, 4, 3, 3, 4, 5, 2, 3, 4, 1, 1, 2, 1, 2, 2, 1, 1]"
certificate,spectral_ucb,33,20000,26.849999999999955,True,0.45251500155658986,"[19865, 10, 15, 9, 8, 15, 8, 14, 21, 2, 5, 4, 3, 2, 3, 3, 4, 2, 1, 1, 1, 1, 1, 1, 1]"
certificate,spectral_ucb,34,20000,27.749999999999954,True,0.3214390825010174,"[19861, 11, 12, 11, 14, 17, 11, 17, 9, 3, 3, 3, 3, 3, 4, 5, 4, 1, 1, 1, 1, 2, 1, 1, 1]"
certificate,spectral_ucb,35,20000,25.79999999999997,True,0.353044561619024,"[19876, 10, 12, 13, 13, 8, 13, 7, 11, 3, 3, 3, 3, 6, 4, 2, 2, 1, 2, 1, 1, 2, 1, 2, 1]"
certificate,spectral_ucb,36,20000,34.3499999999999,True,0.3968317575330907,"[19830, 15, 12, 15, 23, 15, 14, 13, 18, 5, 4, 4, 3, 4, 3, 4, 4, 2, 2, 2, 1, 1, 2, 2, 2]"
certificate,spectral_ucb,37,20000,27.74999999999995,True,0.35448189099478816,"[19868, 12, 11, 10, 13, 11, 13, 13, 9, 5, 3, 3, 3, 4, 2, 3, 4, 2, 2, 1, 1, 2, 2, 2, 1]"
certificate,spectral_ucb,38,20000,21.299999999999994,True,0.37699329811076066,"[19898, 10, 12, 7, 7, 9, 9, 8, 9, 3, 2, 2, 3, 2, 4, 3, 3, 1, 1, 1, 1, 2, 1, 1, 1]"
certificate,spectral_ucb,39,20000,33.14999999999992,True,0.41380062545582197,"[19836, 19, 20, 13, 20, 13, 11, 18, 7, 4, 5, 4, 3, 2, 5, 3, 3, 1, 2, 2, 2, 1, 2, 2, 2]"
certificate,pool_eps_0.0,0,20000,10.35000000000001,True,0.4047740228272421,"[19952, 4, 4, 4, 4, 5, 2, 6, 5, 1, 1, 1, 1, 1, 1, 1, 0, 1, 1, 1, 1, 1, 1, 1, 0]"
certificate,pool_eps_0.0,1,20000,13.650000000000018,True,0.32009419466585953,"[19929, 3, 6, 6, 9, 9, 7, 7, 8, 1, 2, 2, 1, 2, 1, 1, 2, 1, 1, 1, 1, 0, 0, 0, 0]"
certificate,pool_eps_0.0,2,20000,9.450000000000008,True,0.30257336973755256,"[19954, 5, 6, 2, 3, 4, 4, 5, 4, 2, 1, 1, 1, 1, 1, 1, 1, 1, 1, 1, 1, 0, 0, 0, 0]"
certificate,pool_eps_0.0,3,20000,12.750000000000016,True,0.39361280552130284,"[19936, 9, 5, 5, 6, 3, 7, 8, 4, 1, 2, 2, 2, 1, 2, 2, 1, 1, 1, 1, 1, 0, 0, 0, 0]"
certificate,pool_eps_0.0,4,20000,10.35000000000001,True,0.38086656538297614,"[19948, 4, 7, 5, 7, 3, 5, 3, 4, 1, 2, 1, 1, 1, 2, 2, 1, 1, 1, 1, 0, 0, 0, 0, 0]"
certificate,pool_eps_0.0,5,20000,12.900000000000011,True,0.41484649156130043,"[19946, 5, 3, 5, 3, 2, 4, 2, 5, 3, 2, 2, 2, 1, 2, 3, 3, 1, 1, 1, 1, 1, 1, 1, 0]"
certificate,pool_eps_0.0,6,20000,8.100000000000005,True,0.4651179761104343,"[19963, 2, 4, 2, 4, 4, 3, 2, 3, 1, 1, 1, 1, 2, 1, 1, 1, 1, 1, 1, 1, 0, 0, 0, 0]"
certificate,pool_eps_0.0,7,20000,8.850000000000007,True,0.4219165123919043,"[19959, 2, 4, 3, 5, 4, 3, 4, 4, 1, 1, 1, 1, 1, 1, 0, 0, 1, 1, 1, 1, 1, 1, 0, 0]"
certificate,pool_eps_0.0,8,20000,10.80000000000001,True,0.42232489672081,"[19954, 3, 3, 2, 5, 2, 4, 3, 3, 2, 3, 2, 2, 2, 2, 2, 1, 1, 1, 1, 1, 1, 0, 0, 0]"
certificate,pool_eps_0.0,9,20000,14.850000000000021,True,0.2625637996640519,"[19922, 9, 7, 9, 10, 5, 9, 7, 6, 2, 1, 2, 1, 2, 1, 1, 1, 1, 1, 1, 1, 1, 0, 0, 0]"
certificate,pool_eps_0.0,10,20000,11.400000000000011,True,0.3645034236548375,"[19950, 4, 3, 3, 5, 3, 3, 6, 4, 2, 1, 1, 2, 1, 2, 2, 1, 1, 1, 1, 1, 1, 1, 1, 0]"
certificate,pool_eps_0.0,11,20000,17.40000000000001,True,0.4427154256588359,"[19912, 12, 9, 8, 8, 9, 8, 8, 7, 1, 2, 1, 1, 1, 1, 2, 1, 1, 1, 1, 1, 1, 1, 2, 1]"
certificate,pool_eps_0.0,12,20000,10.950000000000012,True,0.39714808120250095,"[19945, 4, 5, 6, 5, 6, 7, 4, 5, 1, 1, 1, 1, 1, 1, 1, 1, 1, 1, 1, 1, 1, 0, 0, 0]"
certificate,pool_eps_0.0,13,20000,12.900000000000013,True,0.3926921215355781,"[19941, 4, 5, 8, 4, 4, 7, 5, 3, 2, 1, 2, 1, 1, 1, 2, 1, 1, 1, 1, 1, 1, 1, 1, 1]"
certificate,pool_eps_0.0,14,20000,13.200000000000015,True,0.3577559925833026,"[19933, 7, 5, 7, 8, 5, 6, 7, 8, 1, 1, 1, 1, 1, 1, 1, 0, 1, 1, 1, 1, 1, 1, 1, 0]"
certificate,pool_eps_0.0,15,20000,15.15000000000002,True,0.4103025349121421,"[19925, 7, 6, 4, 7, 7, 7, 8, 10, 2, 1, 2, 2, 1, 1, 1, 2, 1, 1, 1, 1, 1, 1, 1, 0]"
certificate,pool_eps_0.0,16,20000,13.350000000000012,True,0.3603750285994702,"[19938, 5, 5, 6, 5, 4, 6, 4, 6, 1, 2, 1, 1, 2, 3, 2, 3, 1, 1, 1, 1, 1, 1, 0, 0]"
certificate,pool_eps_0.0,17,20000,10.200000000000008,True,0.42446264182880705,"[19951, 3, 4, 5, 4, 3, 9, 4, 4, 1, 1, 1, 1, 1, 1, 1, 0, 1, 1, 1, 1, 1, 1, 0, 0]"
certificate,pool_eps_0.0,18,20000,13.500000000000016,True,0.5296890782946626,"[19934, 5, 7, 6, 5, 5, 4, 6, 8, 2, 2, 2, 2, 2, 2, 3, 1, 1, 1, 1, 1, 0, 0, 0, 0]"
certificate,pool_eps_0.0,19,20000,13.650000000000011,True,0.38893770414558115,"[19936, 3, 6, 6, 6, 5, 6, 7, 5, 2, 2, 2, 1, 2, 1, 2, 1, 1, 1, 1, 1, 1, 1, 1, 0]"
certificate,pool_eps_0.0,20,20000,12.750000000000014,True,0.2704118706628261,"[19938, 6, 7, 4, 7, 5, 7, 6, 4, 1, 1, 1, 1, 2, 1, 1, 1, 1, 1, 1, 1, 1, 1, 1, 0]"
certificate,pool_eps_0.0,21,20000,12.900000000000016,True,0.3983684267877266,"[19930, 8, 4, 6, 8, 7, 10, 7, 6, 1, 2, 1, 1, 2, 1, 2, 2, 1, 1, 0, 0, 0, 0, 0, 0]"
certificate,pool_eps_0.0,22,20000,13.200000000000015,True,0.4075456692402781,"[19936, 6, 7, 3, 8, 4, 8, 5, 5, 2, 1, 1, 2, 1, 1, 2, 2, 1, 1, 1, 1, 1, 1, 0, 0]"
certificate,pool_eps_0.0,23,20000,14.550000000000017,True,0.3460792312430709,"[19930, 6, 8, 6, 8, 6, 6, 4, 5, 2, 2, 2, 2, 2, 1, 2, 2, 1, 1, 1, 1, 1, 1, 0, 0]"
certificate,pool_eps_0.0,24,20000,13.800000000000013,True,0.3824611814127028,"[19932, 7, 6, 6, 4, 5, 8, 6, 8, 1, 2, 1, 2, 1, 2, 1, 2, 1, 1, 1, 1, 1, 1, 0, 0]"
certificate,pool_eps_0.0,25,20000,11.100000000000012,True,0.316225762411062,"[19946, 6, 4, 4, 6, 4, 4, 5, 6, 1, 1, 1, 1, 2, 1, 2, 1, 1, 1, 1, 1, 1, 0, 0, 0]"
certificate,pool_eps_0.0,26,20000,13.200000000000019,True,0.5472859009076936,"[19930, 5, 10, 7, 7, 8, 7, 6, 6, 1, 1, 2, 1, 1, 1, 1, 2, 1, 1, 1, 1, 0, 0, 0, 0]"
certificate,pool_eps_0.0,27,20000,13.050000000000015,True,0.45682939153410207,"[19941, 3, 7, 4, 6, 3, 5, 2, 7, 1, 2, 2, 3, 2, 2, 2, 2, 1, 1, 1, 1, 1, 1, 0, 0]"
certificate,pool_eps_0.0,28,20000,10.500000000000007,True,0.5083240169942951,"[19956, 4, 3, 3, 3, 3, 2, 3, 3, 2, 2, 1, 2, 2, 2, 2, 1, 1, 1, 1, 1, 1, 1, 0, 0]"
certificate,pool_eps_0.0,29,20000,9.300000000000006,True,0.314539422191938,"[19957, 4, 4, 3, 5, 4, 3, 3, 3, 1, 1, 1, 1, 1, 1, 2, 1, 1, 1, 1, 1, 1, 0, 0, 0]"
certificate,pool_eps_0.0,30,20000,9.450000000000008,True,0.2887679768374844,"[19957, 4, 4, 3, 4, 3, 3, 4, 4, 1, 1, 1, 1, 1, 1, 1, 1, 1, 1, 1, 1, 1, 1, 0, 0]"
certificate,pool_eps_0.0,31,20000,13.500000000000016,True,0.4733619563399039,"[19932, 6, 5, 8, 8, 5, 7, 5, 8, 1, 1, 1, 1, 2, 1, 2, 1, 1, 1, 1, 1, 1, 1, 0, 0]"
certificate,pool_eps_0.0,32,20000,12.900000000000011,True,0.3408480287600407,"[19943, 3, 4, 7, 3, 4, 4, 4, 5, 3, 2, 2, 2, 2, 2, 2, 2, 1, 1, 1, 1, 1, 1, 0, 0]"
certificate,pool_eps_0.0,33,20000,9.450000000000008,True,0.431196792423932,"[19956, 4, 4, 2, 3, 5, 3, 4, 4, 1, 2, 2, 1, 1, 2, 1, 1, 1, 1, 1, 1, 0, 0, 0, 0]"
certificate,pool_eps_0.0,34,20000,13.800000000000017,True,0.3214390825010174,"[19932, 7, 6, 4, 6, 10, 6, 7, 4, 1, 2, 1, 1, 1, 2, 2, 2, 1, 1, 1, 1, 1, 1, 0, 0]"
certificate,pool_eps_0.0,35,20000,11.850000000000014,True,0.353044561619024,"[19940, 5, 5, 7, 8, 6, 5, 4, 5, 1, 1, 1, 2, 2, 2, 1, 1, 1, 1, 1, 1, 0, 0, 0, 0]"
certificate,pool_eps_0.0,36,20000,16.80000000000002,True,0.3968317575330907,"[19921, 6, 5, 9, 6, 6, 7, 6, 8, 3, 2, 3, 2, 2, 2, 3, 2, 1, 1, 1, 1, 1, 1, 1, 0]"
certificate,pool_eps_0.0,37,20000,12.150000000000015,True,0.35448189099478816,"[19942, 4, 4, 3, 7, 4, 7, 5, 6, 2, 1, 1, 2, 2, 1, 2, 2, 1, 1, 1, 1, 1, 0, 0, 0]"
certificate,pool_eps_0.0,38,20000,8.700000000000008,True,0.37699329811076066,"[19958, 3, 5, 4, 3, 2, 4, 5, 4, 1, 1, 1, 1, 1, 1, 1, 1, 1, 1, 1, 1, 0, 0, 0, 0]"
certificate,pool_eps_0.0,39,20000,12.150000000000011,True,0.34522349827383,"[19945, 4, 7, 5, 4, 4, 4, 5, 3, 2, 1, 2, 1, 1, 2, 2, 1, 1, 1, 1, 1, 1, 1, 1, 0]"
certificate,pool_eps_0.05,0,20000,16.20000000000002,True,0.4047740228272421,"[19915, 6, 8, 9, 10, 9, 7, 9, 12, 1, 1, 1, 1, 1, 1, 1, 0, 1, 1, 1, 1, 1, 1, 1, 1]"
certificate,pool_eps_0.05,1,20000,20.249999999999993,True,0.32009419466585953,"[19890, 8, 10, 12, 17, 11, 10, 10, 12, 2, 2, 2, 2, 2, 1, 2, 2, 1, 1, 1, 1, 1, 0, 0, 0]"
certificate,pool_eps_0.05,2,20000,17.40000000000001,True,0.3430808215000852,"[19903, 9, 17, 9, 10, 9, 9, 11, 8, 2, 2, 1, 1, 2, 1, 1, 1, 1, 1, 1, 1, 0, 0, 0, 0]"
certificate,pool_eps_0.05,3,20000,21.14999999999999,True,0.39361280552130284,"[19887, 14, 7, 13, 11, 5, 15, 16, 9, 2, 3, 2, 2, 3, 2, 2, 2, 1, 1, 1, 1, 1, 0, 0, 0]"
certificate,pool_eps_0.05,4,20000,17.40000000000001,True,0.38086656538297614,"[19907, 9, 13, 8, 14, 6, 8, 6, 10, 2, 2, 1, 2, 2, 2, 2, 2, 1, 1, 1, 1, 0, 0, 0, 0]"
certificate,pool_eps_0.05,5,20000,23.099999999999962,True,0.41484649156130043,"[19884, 15, 6, 12, 8, 5, 12, 8, 20, 3, 3, 3, 3, 2, 2, 3, 3, 1, 1, 1, 1, 1, 1, 1, 1]"
certificate,pool_eps_0.05,6,20000,18.75,True,0.496600032872296,"[19902, 8, 10, 3, 11, 16, 12, 6, 11, 1, 2, 2, 2, 3, 2, 2, 1, 1, 1, 1, 1, 1, 1, 0, 0]"
certificate,pool_eps_0.05,7,20000,20.699999999999978,True,0.4219165123919043,"[19882, 6, 19, 11, 16, 14, 12, 13, 14, 1, 1, 1, 1, 1, 1, 0, 0, 1, 1, 1, 1, 1, 1, 1, 0]"
certificate,pool_eps_0.05,8,20000,17.850000000000005,True,0.42232489672081,"[19915, 10, 8, 5, 8, 6, 9, 4, 8, 2, 3, 3, 3, 3, 2, 2, 2, 1, 1, 1, 1, 1, 1, 1, 0]"
certificate,pool_eps_0.05,9,20000,25.49999999999994,True,0.32279687113726707,"[19855, 17, 13, 22, 13, 12, 17, 19, 13, 2, 1, 2, 1, 2, 2, 1, 2, 1, 1, 1, 1, 1, 1, 0, 0]"
certificate,pool_eps_0.05,10,20000,17.40000000000001,True,0.3645034236548375,"[19914, 8, 9, 9, 10, 6, 6, 8, 8, 2, 1, 2, 2, 2, 2, 2, 1, 1, 1, 1, 1, 1, 1, 1, 1]"
certificate,pool_eps_0.05,11,20000,27.299999999999926,True,0.4427154256588359,"[19850, 22, 14, 15, 16, 15, 17, 13, 16, 1, 2, 1, 1, 2, 1, 2, 2, 1, 1, 1, 1, 1, 2, 2, 1]"
certificate,pool_eps_0.05,12,20000,16.800000000000015,True,0.39714808120250095,"[19908, 11, 11, 12, 8, 9, 12, 6, 8, 2, 1, 2, 1, 1, 1, 1, 1, 1, 1, 1, 1, 1, 0, 0, 0]"
certificate,pool_eps_0.05,13,20000,23.09999999999996,True,0.3926921215355781,"[19879, 9, 14, 14, 13, 7, 14, 17, 9, 2, 1, 2, 2, 2, 2, 2, 2, 1, 2, 1, 1, 1, 1, 1, 1]"
certificate,pool_eps_0.05,14,20000,23.099999999999962,True,0.3577559925833026,"[19873, 12, 14, 16, 18, 7, 12, 14, 16, 1, 2, 1, 1, 1, 1, 1, 1, 1, 2, 1, 1, 1, 1, 1, 1]"
certificate,pool_eps_0.05,15,20000,24.899999999999945,True,0.4103025349121421,"[19866, 13, 10, 11, 12, 14, 13, 20, 18, 2, 1, 2, 2, 1, 2, 2, 2, 1, 2, 1, 1, 1, 1, 1, 1]"
certificate,pool_eps_0.05,16,20000,19.35,True,0.3603750285994702,"[19906, 8, 8, 11, 9, 5, 9, 8, 8, 2, 2, 2, 3, 3, 4, 2, 3, 1, 1, 1, 1, 1, 1, 1, 0]"
certificate,pool_eps_0.05,17,20000,21.599999999999973,True,0.42446264182880705,"[19877, 9, 12, 13, 13, 13, 21, 15, 12, 1, 1, 1, 2, 1, 1, 1, 1, 1, 1, 1, 1, 1, 1, 0, 0]"
certificate,pool_eps_0.05,18,20000,20.999999999999996,True,0.5296890782946626,"[19895, 10, 11, 9, 6, 8, 7, 10, 16, 2, 3, 2, 3, 3, 3, 3, 2, 1, 1, 1, 1, 1, 1, 1, 0]"
certificate,pool_eps_0.05,19,20000,30.8999999999999,True,0.38893770414558115,"[19829, 12, 25, 16, 22, 12, 19, 21, 16, 2, 3, 4, 2, 3, 3, 2, 2, 1, 1, 1, 1, 1, 1, 1, 0]"
certificate,pool_eps_0.05,20,20000,21.14999999999998,True,0.27191810395322896,"[19886, 8, 18, 10, 17, 7, 14, 13, 8, 1, 1, 1, 1, 2, 1, 2, 2, 1, 1, 1, 1, 1, 1, 1, 1]"
certificate,pool_eps_0.05,21,20000,25.649999999999952,True,0.3983684267877266,"[19855, 17, 10, 17, 17, 14, 19, 16, 12, 2, 3, 3, 2, 3, 2, 3, 2, 1, 1, 1, 0, 0, 0, 0, 0]"
certificate,pool_eps_0.05,22,20000,20.99999999999999,True,0.4075456692402781,"[19892, 9, 12, 10, 13, 9, 14, 8, 8, 3, 2, 2, 2, 3, 1, 2, 3, 1, 1, 1, 1, 1, 1, 1, 0]"
certificate,pool_eps_0.05,23,20000,22.79999999999997,True,0.3460792312430709,"[19881, 13, 12, 14, 14, 7, 10, 9, 14, 2, 2, 3, 3, 3, 1, 3, 2, 1, 1, 1, 1, 1, 1, 1, 0]"
certificate,pool_eps_0.05,24,20000,25.799999999999947,True,0.4590158713574527,"[19864, 13, 16, 13, 11, 7, 17, 15, 15, 2, 3, 3, 3, 2, 5, 2, 2, 1, 1, 1, 1, 1, 1, 1, 0]"
certificate,pool_eps_0.05,25,20000,20.699999999999978,True,0.3449203122221155,"[19890, 12, 5, 8, 15, 11, 12, 9, 18, 1, 1, 1, 2, 2, 2, 2, 1, 1, 1, 1, 1, 1, 1, 1, 1]"
certificate,pool_eps_0.05,26,20000,18.9,True,0.5472859009076936,"[19897, 7, 17, 8, 10, 13, 10, 11, 9, 2, 2, 2, 2, 1, 1, 1, 2, 1, 1, 1, 1, 1, 0, 0, 0]"
certificate,pool_eps_0.05,27,20000,21.299999999999976,True,0.4949744898701486,"[19892, 7, 17, 9, 10, 10, 13, 4, 12, 2, 2, 2, 4, 2, 2, 2, 2, 1, 1, 1, 1, 1, 1, 1, 1]"
certificate,pool_eps_0.05,28,20000,16.200000000000017,True,0.5083240169942951,"[19925, 7, 6, 7, 6, 6, 4, 8, 6, 2, 2, 2, 2, 2, 2, 3, 2, 1, 1, 1, 1, 1, 1, 1, 1]"
certificate,pool_eps_0.05,29,20000,21.749999999999964,True,0.314539422191938,"[19877, 12, 8, 16, 14, 19, 12, 14, 12, 2, 1, 1, 1, 1, 1, 2, 1, 1, 1, 1, 1, 1, 1, 0, 0]"
certificate,pool_eps_0.05,30,20000,19.95000000000001,True,0.3014019010098673,"[19904, 11, 7, 11, 7, 5, 6, 12, 7, 4, 3, 2, 3, 3, 3, 3, 2, 1, 1, 1, 1, 1, 1, 1, 0]"
certificate,pool_eps_0.05,31,20000,19.64999999999999,True,0.4733619563399039,"[19893, 8, 12, 11, 12, 8, 14, 12, 12, 2, 2, 1, 1, 2, 1, 2, 1, 1, 1, 1, 1, 1, 1, 0, 0]"
certificate,pool_eps_0.05,32,20000,18.299999999999997,True,0.4045243884166018,"[19913, 4, 7, 9, 6, 9, 7, 7, 10, 3, 2, 3, 2, 3, 2, 3, 3, 1, 1, 1, 1, 1, 1, 1, 0]"
certificate,pool_eps_0.05,33,20000,17.700000000000006,True,0.45251500155658986,"[19906, 9, 11, 4, 6, 11, 5, 12, 17, 1, 3, 2, 2, 1, 2, 2, 1, 1, 1, 1, 1, 1, 0, 0, 0]"
certificate,pool_eps_0.05,34,20000,21.899999999999974,True,0.3214390825010174,"[19881, 10, 12, 11, 13, 16, 11, 17, 8, 1, 2, 2, 2, 2, 2, 2, 2, 1, 1, 1, 1, 1, 1, 0, 0]"
certificate,pool_eps_0.05,35,20000,19.799999999999994,True,0.353044561619024,"[19895, 10, 11, 12, 13, 8, 12, 7, 11, 2, 2, 2, 2, 2, 2, 2, 1, 1, 1, 1, 1, 1, 1, 0, 0]"
certificate,pool_eps_0.05,36,20000,29.39999999999992,True,0.3968317575330907,"[19845, 15, 12, 15, 23, 15, 14, 12, 17, 3, 3, 3, 3, 2, 3, 3, 3, 2, 1, 1, 1, 1, 1, 1, 1]"
certificate,pool_eps_0.05,37,20000,17.40000000000001,True,0.35448189099478816,"[19914, 5, 8, 6, 10, 6, 9, 10, 9, 2, 1, 2, 2, 3, 2, 2, 2, 1, 1, 1, 1, 1, 1, 1, 0]"
certificate,pool_eps_0.05,38,20000,14.100000000000017,True,0.37699329811076066,"[19929, 8, 7, 7, 6, 5, 7, 7, 7, 2, 1, 1, 1, 1, 2, 2, 1, 1, 1, 1, 1, 1, 1, 0, 0]"
certificate,pool_eps_0.05,39,20000,25.64999999999994,True,0.41380062545582197,"[19860, 19, 20, 13, 20, 12, 10, 18, 5, 3, 2, 2, 2, 1, 2, 2, 1, 1, 1, 1, 1, 1, 1, 1, 1]"
certificate,pool_eps_0.1,0,20000,47.54999999999975,True,0.4047740228272421,"[19716, 34, 24, 47, 22, 33, 30, 26, 44, 2, 1, 3, 2, 2, 2, 1, 2, 1, 2, 1, 1, 1, 1, 1, 1]"
certificate,pool_eps_0.1,1,20000,60.59999999999966,True,0.32009419466585953,"[19638, 45, 38, 30, 43, 36, 46, 41, 53, 2, 3, 2, 2, 3, 2, 2, 2, 2, 1, 1, 1, 1, 2, 2, 2]"
certificate,pool_eps_0.1,2,20000,64.64999999999965,True,0.3430808215000852,"[19612, 45, 43, 46, 42, 55, 44, 50, 27, 3, 3, 5, 5, 5, 3, 2, 3, 1, 1, 1, 1, 1, 1, 1, 0]"
certificate,pool_eps_0.1,3,20000,59.24999999999965,True,0.4216513954111817,"[19643, 68, 33, 35, 44, 19, 43, 58, 25, 4, 4, 3, 3, 3, 3, 3, 3, 1, 1, 1, 1, 1, 1, 0, 0]"
certificate,pool_eps_0.1,4,20000,52.04999999999971,True,0.40061672752335675,"[19688, 38, 49, 27, 31, 46, 33, 31, 30, 2, 2, 2, 3, 3, 3, 2, 2, 1, 1, 1, 1, 1, 1, 1, 1]"
certificate,pool_eps_0.1,5,20000,46.34999999999977,True,0.4850120013065199,"[19742, 42, 24, 27, 27, 9, 32, 21, 34, 5, 4, 4, 4, 3, 3, 6, 4, 2, 1, 1, 1, 1, 1, 1, 1]"
certificate,pool_eps_0.1,6,20000,66.5999999999997,True,0.496600032872296,"[19599, 55, 35, 44, 52, 50, 29, 37, 65, 4, 4, 3, 3, 3, 3, 3, 2, 1, 1, 1, 1, 1, 1, 1, 2]"
certificate,pool_eps_0.1,7,20000,69.59999999999975,True,0.5365489774173017,"[19576, 26, 83, 58, 39, 32, 55, 39, 61, 3, 4, 2, 3, 2, 1, 3, 4, 1, 1, 1, 2, 1, 1, 1, 1]"
certificate,pool_eps_0.1,8,20000,46.049999999999756,True,0.42232489672081,"[19735, 50, 21, 28, 32, 34, 23, 18, 26, 3, 4, 4, 3, 3, 3, 2, 2, 1, 1, 1, 2, 1, 1, 1, 1]"
certificate,pool_eps_0.1,9,20000,69.89999999999979,True,0.37834613481496754,"[19584, 62, 37, 60, 27, 51, 37, 75, 25, 6, 2, 5, 5, 4, 3, 4, 5, 1, 1, 1, 1, 1, 1, 1, 1]"
certificate,pool_eps_0.1,10,20000,54.14999999999968,True,0.3645034236548375,"[19675, 42, 34, 41, 41, 44, 23, 38, 35, 3, 2, 2, 2, 2, 2, 3, 2, 2, 1, 1, 1, 1, 1, 1, 1]"
certificate,pool_eps_0.1,11,20000,70.94999999999983,True,0.4427154256588359,"[19565, 62, 55, 56, 39, 53, 50, 44, 49, 2, 2, 2, 2, 2, 2, 2, 2, 1, 1, 1, 2, 1, 2, 2, 1]"
certificate,pool_eps_0.1,12,20000,64.49999999999962,True,0.39714808120250095,"[19600, 45, 61, 48, 40, 47, 57, 24, 55, 2, 2, 2, 2, 2, 2, 2, 2, 1, 1, 1, 1, 1, 1, 1, 0]"
certificate,pool_eps_0.1,13,20000,42.59999999999979,True,0.3926921215355781,"[19757, 18, 35, 25, 22, 14, 30, 55, 14, 2, 3, 3, 2, 2, 2, 3, 2, 1, 2, 2, 1, 2, 1, 1, 1]"
certificate,pool_eps_0.1,14,20000,50.8499999999997,True,0.3577559925833026,"[19692, 33, 36, 25, 45, 31, 31, 48, 37, 2, 2, 2, 2, 1, 1, 1, 2, 1, 2, 1, 1, 1, 1, 1, 1]"
certificate,pool_eps_0.1,15,20000,66.7499999999997,True,0.4103025349121421,"[19598, 43, 27, 48, 29, 51, 48, 62, 61, 3, 2, 3, 3, 4, 2, 3, 3, 2, 2, 1, 1, 1, 1, 1, 1]"
certificate,pool_eps_0.1,16,20000,43.4999999999998,True,0.3603750285994702,"[19755, 18, 27, 30, 39, 28, 29, 16, 22, 2, 3, 3, 3, 4, 5, 3, 4, 1, 1, 1, 1, 2, 1, 1, 1]"
certificate,pool_eps_0.1,17,20000,49.64999999999972,True,0.42446264182880705,"[19697, 21, 40, 29, 30, 53, 37, 37, 36, 2, 1, 1, 2, 1, 2, 1, 2, 1, 1, 1, 1, 1, 1, 1, 1]"
certificate,pool_eps_0.1,18,20000,50.99999999999976,True,0.5296890782946626,"[19716, 36, 35, 25, 14, 21, 22, 29, 54, 4, 6, 5, 5, 5, 5, 6, 4, 1, 1, 1, 1, 1, 1, 1, 1]"
certificate,pool_eps_0.1,19,20000,70.79999999999983,True,0.38893770414558115,"[19573, 32, 55, 45, 63, 40, 30, 64, 61, 3, 5, 4, 4, 3, 4, 3, 3, 1, 1, 1, 1, 1, 1, 1, 1]"
certificate,pool_eps_0.1,20,20000,41.24999999999984,True,0.348620620360773,"[19771, 16, 30, 20, 29, 21, 33, 27, 20, 2, 2, 3, 3, 3, 2, 2, 3, 1, 2, 1, 1, 2, 2, 2, 2]"
certificate,pool_eps_0.1,21,20000,70.49999999999979,True,0.3983684267877266,"[19570, 58, 29, 43, 40, 53, 66, 61, 47, 2, 4, 4, 2, 4, 3, 4, 3, 1, 1, 1, 1, 1, 1, 1, 0]"
certificate,pool_eps_0.1,22,20000,46.94999999999977,True,0.41078883488110296,"[19731, 25, 29, 28, 40, 21, 43, 22, 27, 4, 2, 3, 4, 3, 2, 3, 3, 1, 1, 2, 1, 1, 1, 1, 2]"
certificate,pool_eps_0.1,23,20000,58.349999999999646,True,0.3460792312430709,"[19656, 42, 35, 34, 44, 45, 33, 31, 43, 3, 3, 4, 5, 4, 2, 4, 4, 1, 1, 1, 1, 1, 1, 1, 1]"
certificate,pool_eps_0.1,24,20000,65.99999999999969,True,0.4590158713574527,"[19606, 53, 46, 38, 28, 47, 55, 50, 40, 4, 4, 3, 4, 2, 6, 3, 2, 1, 1, 1, 1, 2, 1, 1, 1]"
certificate,pool_eps_0.1,25,20000,48.899999999999764,True,0.3449203122221155,"[19722, 27, 23, 37, 45, 27, 30, 16, 39, 2, 2, 3, 3, 3, 2, 3, 2, 2, 1, 2, 2, 2, 2, 2, 1]"
certificate,pool_eps_0.1,26,20000,44.24999999999978,True,0.5472859009076936,"[19735, 27, 38, 27, 38, 33, 21, 32, 25, 2, 2, 4, 2, 2, 2, 1, 3, 1, 1, 1, 1, 1, 1, 0, 0]"
certificate,pool_eps_0.1,27,20000,41.99999999999981,True,0.4949744898701486,"[19767, 25, 44, 20, 18, 25, 23, 18, 25, 2, 2, 3, 5, 3, 3, 3, 2, 2, 2, 1, 2, 1, 1, 2, 1]"
certificate,pool_eps_0.1,28,20000,28.049999999999923,True,0.5083240169942951,"[19853, 15, 9, 17, 15, 12, 20, 12, 17, 2, 3, 2, 3, 2, 2, 4, 2, 1, 1, 2, 1, 1, 1, 1, 2]"
certificate,pool_eps_0.1,29,20000,47.849999999999746,True,0.314539422191938,"[19713, 28, 32, 34, 39, 40, 31, 27, 32, 2, 2, 2, 2, 2, 2, 2, 2, 1, 1, 1, 1, 1, 1, 1, 1]"
certificate,pool_eps_0.1,30,20000,33.59999999999993,True,0.39035590101350587,"[19828, 17, 13, 22, 16, 11, 19, 20, 11, 5, 4, 4, 5, 4, 4, 5, 3, 1, 1, 1, 2, 1, 1, 1, 1]"
certificate,pool_eps_0.1,31,20000,55.3499999999997,True,0.4733619563399039,"[19673, 18, 25, 39, 48, 29, 49, 54, 35, 2, 3, 3, 2, 3, 2, 2, 1, 1, 2, 2, 2, 1, 1, 2, 1]"
certificate,pool_eps_0.1,32,20000,59.249999999999616,True,0.6218471999636688,"[19648, 8, 30, 45, 38, 40, 35, 42, 79, 4, 3, 3, 4, 4, 2, 3, 4, 1, 1, 1, 1, 1, 1, 1, 1]"
certificate,pool_eps_0.1,33,20000,61.049999999999606,True,0.45251500155658986,"[19623, 43, 44, 20, 38, 58, 41, 51, 58, 2, 3, 2, 3, 2, 2, 2, 2, 1, 1, 1, 1, 1, 1, 0, 0]"
certificate,pool_eps_0.1,34,20000,68.24999999999973,True,0.3495093142020603,"[19585, 26, 31, 62, 49, 43, 36, 60, 76, 3, 3, 3, 3, 2, 3, 3, 4, 1, 1, 1, 1, 1, 1, 1, 1]"
certificate,pool_eps_0.1,35,20000,42.5999999999998,True,0.353044561619024,"[19756, 32, 27, 34, 28, 16, 25, 22, 28, 3, 3, 2, 3, 5, 4, 2, 2, 1, 1, 1, 1, 1, 1, 1, 1]"
certificate,pool_eps_0.1,36,20000,78.45000000000014,True,0.3968317575330907,"[19530, 52, 43, 57, 77, 60, 55, 34, 50, 5, 4, 4, 3, 4, 3, 4, 4, 2, 2, 2, 1, 1, 1, 1, 1]"
certificate,pool_eps_0.1,37,20000,48.14999999999975,True,0.35448189099478816,"[19721, 27, 27, 37, 25, 35, 35, 36, 23, 5, 3, 3, 3, 4, 2, 3, 3, 1, 1, 1, 1, 1, 1, 1, 1]"
certificate,pool_eps_0.1,38,20000,28.199999999999942,True,0.39843903010751736,"[19847, 23, 17, 16, 12, 13, 16, 14, 14, 3, 2, 2, 3, 2, 3, 3, 3, 1, 1, 1, 1, 1, 1, 1, 0]"
certificate,pool_eps_0.1,39,20000,53.549999999999706,True,0.47031980945774127,"[19692, 38, 40, 36, 53, 28, 19, 44, 11, 4, 5, 4, 3, 2, 5, 3, 3, 1, 2, 1, 2, 1, 1, 1, 1]"
certificate,pool_eps_0.2,0,20000,89.10000000000022,True,0.4047740228272421,"[19528, 53, 31, 60, 33, 36, 57, 35, 58, 14, 9, 13, 17, 13, 9, 11, 10, 2, 2, 1, 2, 2, 1, 2, 1]"
certificate,pool_eps_0.2,1,20000,84.29999999999994,True,0.32009419466585953,"[19557, 45, 41, 31, 45, 38, 47, 41, 54, 6, 7, 13, 16, 15, 7, 9, 10, 2, 1, 2, 2, 2, 3, 3, 3]"
certificate,pool_eps_0.2,2,20000,82.80000000000015,True,0.3430808215000852,"[19543, 45, 43, 48, 42, 71, 44, 51, 30, 8, 8, 11, 10, 9, 8, 7, 10, 1, 2, 1, 1, 2, 2, 2, 1]"
certificate,pool_eps_0.2,3,20000,75.74999999999993,True,0.4216513954111817,"[19577, 73, 35, 41, 55, 22, 44, 59, 25, 8, 8, 7, 6, 7, 7, 8, 5, 2, 2, 1, 2, 1, 1, 2, 2]"
certificate,pool_eps_0.2,4,20000,88.20000000000003,True,0.40061672752335675,"[19545, 41, 57, 37, 33, 53, 45, 35, 33, 7, 12, 14, 12, 19, 12, 18, 15, 1, 1, 1, 2, 2, 2, 2, 1]"
certificate,pool_eps_0.2,5,20000,90.00000000000027,True,0.4850120013065199,"[19539, 77, 37, 29, 55, 20, 43, 28, 52, 17, 13, 12, 10, 8, 9, 17, 15, 2, 3, 2, 2, 3, 3, 2, 2]"
certificate,pool_eps_0.2,6,20000,86.40000000000018,True,0.496600032872296,"[19537, 56, 35, 44, 52, 50, 29, 37, 65, 10, 11, 11, 8, 9, 8, 11, 9, 2, 2, 3, 2, 2, 3, 2, 2]"
certificate,pool_eps_0.2,7,20000,91.8000000000002,True,0.5365489774173017,"[19504, 26, 83, 58, 39, 32, 55, 39, 61, 11, 14, 12, 13, 6, 11, 9, 14, 1, 2, 1, 2, 2, 2, 1, 2]"
certificate,pool_eps_0.2,8,20000,85.94999999999995,True,0.42232489672081,"[19561, 72, 28, 38, 48, 44, 32, 25, 33, 14, 15, 14, 13, 14, 14, 10, 10, 1, 2, 2, 2, 2, 2, 2, 2]"
certificate,pool_eps_0.2,9,20000,92.25000000000026,True,0.37834613481496754,"[19511, 62, 37, 60, 27, 51, 37, 75, 25, 15, 14, 15, 13, 13, 13, 11, 10, 2, 1, 1, 2, 1, 1, 2, 1]"
certificate,pool_eps_0.2,10,20000,87.89999999999998,True,0.3645034236548375,"[19546, 48, 36, 43, 45, 53, 27, 44, 45, 8, 11, 9, 15, 13, 18, 12, 8, 3, 2, 2, 2, 3, 3, 1, 3]"
certificate,pool_eps_0.2,11,20000,82.05000000000014,True,0.4427154256588359,"[19532, 62, 55, 56, 39, 53, 50, 44, 49, 5, 5, 4, 5, 5, 3, 6, 8, 3, 2, 2, 2, 2, 3, 2, 3]"
certificate,pool_eps_0.2,12,20000,79.94999999999995,True,0.4650510426133631,"[19550, 45, 61, 48, 40, 47, 57, 24, 55, 10, 6, 6, 8, 10, 11, 3, 9, 1, 1, 2, 1, 1, 1, 2, 1]"
certificate,pool_eps_0.2,13,20000,79.7999999999998,True,0.44089671788274687,"[19580, 35, 52, 29, 25, 51, 39, 77, 19, 9, 8, 14, 5, 6, 9, 10, 13, 2, 3, 3, 3, 2, 2, 2, 2]"
certificate,pool_eps_0.2,14,20000,80.55000000000001,True,0.3577559925833026,"[19577, 36, 43, 27, 52, 38, 33, 51, 44, 7, 11, 16, 9, 14, 6, 8, 13, 2, 2, 2, 2, 2, 2, 1, 2]"
certificate,pool_eps_0.2,15,20000,90.90000000000019,True,0.4181952065281828,"[19521, 43, 27, 48, 29, 51, 48, 62, 61, 14, 8, 10, 12, 20, 10, 8, 11, 2, 3, 2, 2, 2, 2, 2, 2]"
certificate,pool_eps_0.2,16,20000,82.64999999999972,True,0.3603750285994702,"[19578, 32, 34, 42, 57, 37, 56, 20, 29, 15, 13, 15, 9, 15, 12, 12, 10, 2, 2, 1, 1, 2, 2, 2, 2]"
certificate,pool_eps_0.2,17,20000,80.39999999999978,True,0.42446264182880705,"[19584, 24, 47, 37, 35, 56, 42, 43, 40, 7, 6, 7, 8, 5, 9, 12, 10, 4, 3, 2, 3, 4, 4, 5, 3]"
certificate,pool_eps_0.2,18,20000,86.85000000000001,True,0.5296890782946626,"[19562, 50, 46, 37, 17, 24, 28, 37, 72, 17, 14, 11, 14, 12, 11, 18, 16, 1, 1, 2, 2, 2, 3, 2, 1]"
certificate,pool_eps_0.2,19,20000,85.05000000000018,True,0.38893770414558115,"[19528, 32, 55, 45, 63, 40, 30, 64, 61, 9, 10, 11, 9, 8, 9, 7, 6, 2, 1, 1, 2, 2, 2, 1, 2]"
certificate,pool_eps_0.2,20,20000,82.49999999999994,True,0.348620620360773,"[19594, 25, 46, 29, 41, 25, 46, 36, 35, 17, 9, 10, 14, 10, 7, 18, 17, 2, 4, 2, 2, 3, 4, 2, 2]"
certificate,pool_eps_0.2,21,20000,84.4500000000001,True,0.3983684267877266,"[19526, 58, 29, 43, 40, 53, 66, 61, 47, 8, 9, 8, 8, 10, 8, 6, 8, 1, 1, 1, 2, 2, 2, 1, 2]"
certificate,pool_eps_0.2,22,20000,69.29999999999978,True,0.43743572412603465,"[19626, 31, 54, 31, 52, 26, 54, 24, 30, 9, 8, 7, 7, 7, 3, 5, 10, 2, 2, 2, 2, 2, 2, 2, 2]"
certificate,pool_eps_0.2,23,20000,87.90000000000006,True,0.3460792312430709,"[19546, 47, 36, 36, 47, 51, 35, 33, 53, 12, 8, 14, 18, 12, 10, 12, 14, 2, 2, 2, 3, 2, 1, 2, 2]"
certificate,pool_eps_0.2,24,20000,89.25000000000023,True,0.4590158713574527,"[19529, 53, 48, 38, 29, 49, 55, 50, 40, 10, 13, 14, 10, 13, 13, 8, 13, 2, 1, 2, 2, 2, 2, 2, 2]"
certificate,pool_eps_0.2,25,20000,93.45000000000014,True,0.3449203122221155,"[19533, 36, 29, 53, 65, 36, 36, 39, 42, 14, 12, 14, 13, 12, 16, 15, 10, 3, 2, 4, 4, 2, 5, 3, 2]"
certificate,pool_eps_0.2,26,20000,71.39999999999975,True,0.5472859009076936,"[19616, 31, 47, 29, 55, 38, 30, 43, 29, 9, 9, 12, 9, 6, 7, 9, 11, 1, 1, 2, 1, 1, 1, 2, 1]"
certificate,pool_eps_0.2,27,20000,74.39999999999989,True,0.4949744898701486,"[19612, 35, 63, 27, 26, 40, 54, 21, 36, 8, 4, 10, 13, 9, 8, 7, 5, 3, 3, 2, 3, 3, 3, 3, 2]"
certificate,pool_eps_0.2,28,20000,65.99999999999969,True,0.5083240169942951,"[19649, 45, 23, 38, 37, 24, 37, 31, 42, 6, 10, 5, 8, 9, 7, 9, 5, 1, 2, 2, 2, 2, 2, 2, 2]"
certificate,pool_eps_0.2,29,20000,70.04999999999986,True,0.36187612134134123,"[19613, 32, 36, 56, 49, 43, 37, 32, 43, 5, 5, 4, 4, 6, 5, 5, 4, 3, 2, 3, 2, 2, 2, 3, 4]"
certificate,pool_eps_0.2,30,20000,78.29999999999997,True,0.39946762548209436,"[19600, 28, 57, 40, 33, 20, 27, 63, 26, 12, 11, 10, 14, 9, 14, 10, 10, 2, 2, 2, 2, 2, 2, 2, 2]"
certificate,pool_eps_0.2,31,20000,77.69999999999992,True,0.4733619563399039,"[19591, 19, 26, 44, 51, 31, 53, 59, 37, 6, 9, 11, 9, 9, 6, 9, 10, 2, 2, 4, 3, 3, 1, 3, 2]"
certificate,pool_eps_0.2,32,20000,79.34999999999995,True,0.6218471999636688,"[19575, 9, 33, 46, 43, 45, 36, 42, 80, 8, 8, 10, 9, 15, 5, 11, 12, 1, 2, 2, 2, 2, 2, 1, 1]"
certificate,pool_eps_0.2,33,20000,79.94999999999989,True,0.45251500155658986,"[19562, 44, 44, 20, 38, 58, 41, 51, 59, 5, 14, 11, 8, 6, 11, 8, 8, 2, 1, 2, 1, 2, 1, 1, 2]"
certificate,pool_eps_0.2,34,20000,79.50000000000003,True,0.3495093142020603,"[19549, 26, 31, 62, 49, 43, 36, 60, 76, 8, 5, 6, 7, 5, 8, 9, 9, 1, 2, 1, 2, 2, 1, 1, 1]"
certificate,pool_eps_0.2,35,20000,78.59999999999994,True,0.353044561619024,"[19588, 45, 35, 42, 38, 32, 32, 36, 53, 7, 8, 10, 15, 12, 16, 8, 10, 1, 2, 2, 1, 2, 2, 2, 1]"
certificate,pool_eps_0.2,36,20000,101.5500000000006,True,0.3968317575330907,"[19456, 52, 43, 57, 77, 60, 55, 34, 50, 13, 14, 13, 13, 13, 12, 12, 9, 3, 2, 2, 2, 1, 3, 2, 2]"
certificate,pool_eps_0.2,37,20000,91.20000000000034,True,0.35448189099478816,"[19529, 50, 37, 76, 31, 38, 40, 50, 29, 19, 11, 14, 11, 15, 6, 11, 16, 2, 3, 2, 1, 2, 2, 3, 2]"
certificate,pool_eps_0.2,38,20000,78.0,True,0.40689883693048007,"[19586, 39, 45, 33, 49, 32, 48, 31, 42, 10, 8, 15, 11, 11, 13, 9, 7, 1, 2, 2, 1, 2, 1, 1, 1]"
certificate,pool_eps_0.2,39,20000,87.75000000000004,True,0.5216836257910117,"[19556, 48, 46, 53, 59, 34, 20, 47, 12, 12, 14, 13, 12, 8, 15, 18, 17, 1, 2, 2, 2, 2, 3, 2, 2]"
certificate,pool_eps_0.4,0,20000,103.80000000000076,True,0.4047740228272421,"[19495, 53, 31, 60, 33, 36, 57, 35, 58, 14, 10, 13, 17, 13, 9, 11, 10, 10, 6, 5, 4, 6, 4, 5, 5]"
certificate,pool_eps_0.4,1,20000,101.10000000000059,True,0.32009419466585953,"[19515, 45, 41, 31, 45, 38, 47, 41, 54, 9, 12, 15, 17, 15, 9, 9, 11, 7, 4, 9, 5, 4, 7, 5, 5]"
certificate,pool_eps_0.4,2,20000,102.45000000000081,True,0.3430808215000852,"[19494, 45, 43, 48, 42, 71, 44, 51, 30, 11, 9, 14, 10, 12, 9, 8, 14, 6, 5, 5, 5, 8, 5, 5, 6]"
certificate,pool_eps_0.4,3,20000,97.50000000000067,True,0.4216513954111817,"[19519, 73, 35, 41, 55, 22, 44, 59, 25, 11, 14, 12, 10, 13, 9, 10, 6, 7, 6, 3, 5, 3, 4, 7, 7]"
certificate,pool_eps_0.4,4,20000,100.3500000000006,True,0.40061672752335675,"[19518, 41, 57, 37, 33, 53, 45, 35, 33, 7, 12, 14, 12, 19, 12, 18, 15, 4, 4, 5, 7, 5, 4, 7, 3]"
certificate,pool_eps_0.4,5,20000,103.05000000000068,True,0.4850120013065199,"[19510, 77, 37, 29, 55, 20, 43, 28, 52, 17, 13, 12, 10, 8, 9, 17, 15, 6, 7, 4, 7, 8, 7, 3, 6]"
certificate,pool_eps_0.4,6,20000,106.20000000000081,True,0.496600032872296,"[19488, 56, 35, 44, 52, 50, 29, 37, 65, 13, 12, 13, 10, 11, 10, 13, 10, 6, 6, 9, 5, 6, 5, 7, 8]"
certificate,pool_eps_0.4,7,20000,105.9000000000008,True,0.5365489774173017,"[19471, 26, 83, 58, 39, 32, 55, 39, 61, 12, 15, 12, 13, 6, 13, 10, 14, 4, 4, 6, 7, 4, 6, 4, 6]"
certificate,pool_eps_0.4,8,20000,99.90000000000057,True,0.42232489672081,"[19530, 72, 28, 38, 48, 44, 32, 25, 33, 14, 15, 14, 13, 14, 14, 10, 10, 4, 5, 5, 6, 5, 6, 6, 9]"
certificate,pool_eps_0.4,9,20000,102.60000000000076,True,0.37995088046012315,"[19488, 62, 37, 60, 27, 51, 37, 75, 25, 15, 14, 15, 13, 13, 13, 11, 10, 4, 6, 3, 4, 4, 3, 5, 5]"
certificate,pool_eps_0.4,10,20000,103.20000000000061,True,0.3645034236548375,"[19511, 48, 36, 43, 45, 53, 27, 44, 45, 8, 11, 11, 15, 13, 19, 12, 8, 7, 6, 7, 6, 4, 6, 8, 7]"
certificate,pool_eps_0.4,11,20000,108.45000000000088,True,0.4427154256588359,"[19460, 62, 55, 56, 39, 53, 50, 44, 49, 13, 9, 9, 12, 11, 4, 12, 11, 7, 4, 7, 5, 7, 5, 8, 8]"
certificate,pool_eps_0.4,12,20000,105.00000000000082,True,0.4650510426133631,"[19485, 45, 61, 48, 40, 47, 57, 24, 55, 13, 11, 7, 12, 14, 16, 7, 11, 5, 6, 4, 6, 8, 5, 4, 9]"
certificate,pool_eps_0.4,13,20000,100.50000000000071,True,0.44089671788274687,"[19528, 35, 52, 29, 25, 51, 39, 77, 19, 13, 8, 15, 6, 11, 10, 14, 15, 7, 5, 6, 9, 9, 7, 6, 4]"
certificate,pool_eps_0.4,14,20000,97.8000000000006,True,0.3577559925833026,"[19536, 36, 43, 27, 52, 38, 33, 51, 44, 8, 14, 17, 9, 14, 7, 9, 14, 6, 6, 6, 8, 5, 6, 5, 6]"
certificate,pool_eps_0.4,15,20000,103.20000000000078,True,0.4181952065281828,"[19493, 43, 27, 48, 29, 51, 48, 62, 61, 15, 8, 10, 12, 20, 11, 8, 11, 6, 7, 5, 6, 5, 5, 4, 5]"
certificate,pool_eps_0.4,16,20000,97.50000000000051,True,0.3603750285994702,"[19545, 32, 34, 42, 57, 37, 56, 20, 29, 15, 13, 15, 9, 15, 12, 12, 10, 6, 8, 5, 6, 5, 6, 6, 5]"
certificate,pool_eps_0.4,17,20000,94.80000000000054,True,0.42446264182880705,"[19547, 24, 47, 37, 35, 56, 42, 43, 40, 10, 7, 7, 10, 5, 10, 15, 15, 7, 5, 4, 5, 7, 7, 9, 6]"
certificate,pool_eps_0.4,18,20000,99.90000000000052,True,0.5296890782946626,"[19533, 50, 46, 37, 17, 24, 28, 37, 72, 17, 14, 11, 14, 12, 11, 18, 16, 5, 5, 5, 5, 5, 8, 3, 7]"
certificate,pool_eps_0.4,19,20000,108.75000000000084,True,0.38893770414558115,"[19467, 32, 55, 45, 63, 40, 30, 64, 61, 11, 14, 16, 10, 13, 11, 9, 10, 7, 5, 5, 6, 7, 8, 5, 6]"
certificate,pool_eps_0.4,20,20000,94.2000000000004,True,0.348620620360773,"[19568, 25, 46, 29, 41, 25, 46, 36, 35, 17, 9, 10, 14, 10, 7, 18, 17, 6, 8, 5, 4, 8, 7, 4, 5]"
certificate,pool_eps_0.4,21,20000,105.00000000000091,True,0.3983684267877266,"[19474, 58, 29, 43, 40, 53, 66, 61, 47, 9, 10, 13, 12, 11, 10, 7, 12, 5, 4, 6, 6, 8, 5, 6, 5]"
certificate,pool_eps_0.4,22,20000,92.10000000000046,True,0.43743572412603465,"[19568, 31, 54, 31, 52, 26, 54, 24, 30, 13, 9, 8, 9, 9, 5, 8, 17, 7, 6, 7, 6, 5, 8, 7, 6]"
certificate,pool_eps_0.4,23,20000,102.30000000000064,True,0.3666972218765077,"[19514, 47, 36, 36, 47, 51, 35, 33, 53, 12, 8, 14, 18, 12, 10, 12, 14, 5, 5, 5, 7, 10, 6, 5, 5]"
certificate,pool_eps_0.4,24,20000,101.5500000000008,True,0.4590158713574527,"[19501, 53, 48, 38, 29, 49, 55, 50, 40, 10, 13, 14, 11, 14, 13, 8, 13, 6, 3, 7, 4, 5, 6, 4, 6]"
certificate,pool_eps_0.4,25,20000,102.45000000000059,True,0.3449203122221155,"[19513, 36, 29, 53, 65, 36, 36, 39, 42, 14, 12, 14, 13, 12, 16, 15, 10, 5, 3, 6, 6, 4, 8, 6, 7]"
certificate,pool_eps_0.4,26,20000,90.45000000000041,True,0.5472859009076936,"[19568, 31, 47, 29, 55, 38, 30, 43, 29, 11, 10, 17, 11, 9, 8, 12, 11, 4, 3, 7, 5, 5, 4, 7, 6]"
certificate,pool_eps_0.4,27,20000,91.35000000000045,True,0.4949744898701486,"[19567, 35, 63, 27, 26, 40, 54, 21, 36, 11, 9, 14, 16, 10, 10, 8, 8, 7, 5, 2, 8, 5, 5, 7, 6]"
certificate,pool_eps_0.4,28,20000,87.30000000000035,True,0.5083240169942951,"[19593, 45, 23, 38, 37, 24, 37, 31, 42, 10, 13, 7, 13, 18, 8, 11, 5, 4, 5, 8, 7, 4, 7, 6, 4]"
certificate,pool_eps_0.4,29,20000,94.20000000000053,True,0.4126709690917205,"[19547, 32, 36, 56, 49, 43, 37, 32, 43, 11, 10, 7, 6, 13, 12, 9, 7, 6, 5, 7, 5, 7, 6, 5, 9]"
certificate,pool_eps_0.4,30,20000,93.00000000000055,True,0.39946762548209436,"[19566, 28, 57, 40, 33, 20, 27, 63, 26, 13, 11, 11, 14, 10, 15, 10, 10, 6, 6, 5, 5, 6, 5, 8, 5]"
certificate,pool_eps_0.4,31,20000,95.55000000000057,True,0.4733619563399039,"[19546, 19, 26, 44, 51, 31, 53, 59, 37, 7, 11, 12, 10, 11, 9, 12, 13, 5, 6, 8, 6, 6, 7, 7, 4]"
certificate,pool_eps_0.4,32,20000,98.70000000000057,True,0.6218471999636688,"[19526, 9, 33, 46, 43, 45, 36, 42, 80, 8, 9, 14, 11, 17, 6, 16, 15, 5, 5, 6, 7, 5, 6, 4, 6]"
certificate,pool_eps_0.4,33,20000,101.10000000000068,True,0.45251500155658986,"[19509, 44, 44, 20, 38, 58, 41, 51, 59, 7, 16, 14, 11, 10, 12, 9, 10, 5, 4, 8, 6, 6, 5, 5, 8]"
certificate,pool_eps_0.4,34,20000,103.80000000000088,True,0.3495093142020603,"[19485, 26, 31, 62, 49, 43, 36, 60, 76, 13, 9, 13, 8, 10, 10, 12, 12, 7, 5, 4, 5, 7, 5, 7, 5]"
certificate,pool_eps_0.4,35,20000,92.25000000000048,True,0.353044561619024,"[19556, 45, 35, 42, 38, 32, 32, 36, 53, 7, 9, 10, 15, 12, 17, 10, 11, 5, 6, 4, 5, 5, 4, 7, 4]"
certificate,pool_eps_0.4,36,20000,115.05000000000118,True,0.41582569286550497,"[19426, 52, 43, 57, 77, 60, 55, 34, 50, 13, 14, 13, 13, 13, 12, 12, 9, 8, 6, 7, 5, 4, 6, 6, 5]"
certificate,pool_eps_0.4,37,20000,103.35000000000079,True,0.35448189099478816,"[19502, 50, 37, 76, 31, 38, 40, 50, 29, 19, 11, 14, 11, 15, 6, 11, 16, 7, 5, 6, 5, 5, 6, 5, 5]"
certificate,pool_eps_0.4,38,20000,92.40000000000059,True,0.40689883693048007,"[19552, 39, 45, 33, 49, 32, 48, 31, 42, 10, 8, 16, 11, 11, 15, 10, 9, 4, 4, 5, 7, 6, 3, 4, 6]"
certificate,pool_eps_0.4,39,20000,102.60000000000058,True,0.5216836257910117,"[19523, 48, 46, 53, 59, 34, 20, 47, 12, 12, 14, 13, 12, 8, 15, 18, 17, 5, 7, 6, 7, 3, 5, 9, 7]"
graph_corruption,ucb,0,20000,103.80000000000072,True,0.4047740228272421,"[19495, 53, 31, 60, 33, 36, 57, 35, 58, 14, 10, 13, 17, 13, 9, 11, 10, 10, 6, 5, 4, 6, 4, 5, 5]"
graph_corruption,ucb,1,20000,101.10000000000053,True,0.32009419466585953,"[19515, 45, 41, 31, 45, 38, 47, 41, 54, 9, 12, 15, 17, 15, 9, 9, 11, 7, 4, 9, 5, 4, 7, 5, 5]"
graph_corruption,ucb,2,20000,102.45000000000077,True,0.3430808215000852,"[19494, 45, 43, 48, 42, 71, 44, 51, 30, 11, 9, 14, 10, 12, 9, 8, 14, 6, 5, 5, 5, 8, 5, 5, 6]"
graph_corruption,ucb,3,20000,97.5000000000006,True,0.4216513954111817,"[19519, 73, 35, 41, 55, 22, 44, 59, 25, 11, 14, 12, 10, 13, 9, 10, 6, 7, 6, 3, 5, 3, 4, 7, 7]"
graph_corruption,ucb,4,20000,100.35000000000053,True,0.40061672752335675,"[19518, 41, 57, 37, 33, 53, 45, 35, 33, 7, 12, 14, 12, 19, 12, 18, 15, 4, 4, 5, 7, 5, 4, 7, 3]"
graph_corruption,ucb,5,20000,103.05000000000064,True,0.4850120013065199,"[19510, 77, 37, 29, 55, 20, 43, 28, 52, 17, 13, 12, 10, 8, 9, 17, 15, 6, 7, 4, 7, 8, 7, 3, 6]"
graph_corruption,ucb,6,20000,106.20000000000076,True,0.496600032872296,"[19488, 56, 35, 44, 52, 50, 29, 37, 65, 13, 12, 13, 10, 11, 10, 13, 10, 6, 6, 9, 5, 6, 5, 7, 8]"
graph_corruption,ucb,7,20000,105.90000000000074,True,0.5365489774173017,"[19471, 26, 83, 58, 39, 32, 55, 39, 61, 12, 15, 12, 13, 6, 13, 10, 14, 4, 4, 6, 7, 4, 6, 4, 6]"
graph_corruption,ucb,8,20000,99.90000000000052,True,0.42232489672081,"[19530, 72, 28, 38, 48, 44, 32, 25, 33, 14, 15, 14, 13, 14, 14, 10, 10, 4, 5, 5, 6, 5, 6, 6, 9]"
graph_corruption,ucb,9,20000,102.6000000000007,True,0.37995088046012315,"[19488, 62, 37, 60, 27, 51, 37, 75, 25, 15, 14, 15, 13, 13, 13, 11, 10, 4, 6, 3, 4, 4, 3, 5, 5]"
graph_corruption,ucb,10,20000,103.20000000000057,True,0.3645034236548375,"[19511, 48, 36, 43, 45, 53, 27, 44, 45, 8, 11, 11, 15, 13, 19, 12, 8, 7, 6, 7, 6, 4, 6, 8, 7]"
graph_corruption,ucb,11,20000,108.45000000000081,True,0.4427154256588359,"[19460, 62, 55, 56, 39, 53, 50, 44, 49, 13, 9, 9, 12, 11, 4, 12, 11, 7, 4, 7, 5, 7, 5, 8, 8]"
graph_corruption,ucb,12,20000,105.00000000000075,True,0.4650510426133631,"[19485, 45, 61, 48, 40, 47, 57, 24, 55, 13, 11, 7, 12, 14, 16, 7, 11, 5, 6, 4, 6, 8, 5, 4, 9]"
graph_corruption,ucb,13,20000,100.50000000000067,True,0.44089671788274687,"[19528, 35, 52, 29, 25, 51, 39, 77, 19, 13, 8, 15, 6, 11, 10, 14, 15, 7, 5, 6, 9, 9, 7, 6, 4]"
graph_corruption,ucb,14,20000,97.80000000000052,True,0.3577559925833026,"[19536, 36, 43, 27, 52, 38, 33, 51, 44, 8, 14, 17, 9, 14, 7, 9, 14, 6, 6, 6, 8, 5, 6, 5, 6]"
graph_corruption,ucb,15,20000,103.20000000000074,True,0.4181952065281828,"[19493, 43, 27, 48, 29, 51, 48, 62, 61, 15, 8, 10, 12, 20, 11, 8, 11, 6, 7, 5, 6, 5, 5, 4, 5]"
graph_corruption,ucb,16,20000,97.50000000000045,True,0.3603750285994702,"[19545, 32, 34, 42, 57, 37, 56, 20, 29, 15, 13, 15, 9, 15, 12, 12, 10, 6, 8, 5, 6, 5, 6, 6, 5]"
graph_corruption,ucb,17,20000,94.80000000000051,True,0.42446264182880705,"[19547, 24, 47, 37, 35, 56, 42, 43, 40, 10, 7, 7, 10, 5, 10, 15, 15, 7, 5, 4, 5, 7, 7, 9, 6]"
graph_corruption,ucb,18,20000,99.90000000000046,True,0.5296890782946626,"[19533, 50, 46, 37, 17, 24, 28, 37, 72, 17, 14, 11, 14, 12, 11, 18, 16, 5, 5, 5, 5, 5, 8, 3, 7]"
graph_corruption,ucb,19,20000,108.7500000000008,True,0.38893770414558115,"[19467, 32, 55, 45, 63, 40, 30, 64, 61, 11, 14, 16, 10, 13, 11, 9, 10, 7, 5, 5, 6, 7, 8, 5, 6]"
graph_corruption,ucb,20,20000,94.20000000000034,True,0.348620620360773,"[19568, 25, 46, 29, 41, 25, 46, 36, 35, 17, 9, 10, 14, 10, 7, 18, 17, 6, 8, 5, 4, 8, 7, 4, 5]"
graph_corruption,ucb,21,20000,105.00000000000084,True,0.3983684267877266,"[19474, 58, 29, 43, 40, 53, 66, 61, 47, 9, 10, 13, 12, 11, 10, 7, 12, 5, 4, 6, 6, 8, 5, 6, 5]"
graph_corruption,ucb,22,20000,92.10000000000042,True,0.43743572412603465,"[19568, 31, 54, 31, 52, 26, 54, 24, 30, 13, 9, 8, 9, 9, 5, 8, 17, 7, 6, 7, 6, 5, 8, 7, 6]"
graph_corruption,ucb,23,20000,102.30000000000057,True,0.3666972218765077,"[19514, 47, 36, 36, 47, 51, 35, 33, 53, 12, 8, 14, 18, 12, 10, 12, 14, 5, 5, 5, 7, 10, 6, 5, 5]"
graph_corruption,ucb,24,20000,101.55000000000075,True,0.4590158713574527,"[19501, 53, 48, 38, 29, 49, 55, 50, 40, 10, 13, 14, 11, 14, 13, 8, 13, 6, 3, 7, 4, 5, 6, 4, 6]"
graph_corruption,ucb,25,20000,102.45000000000056,True,0.3449203122221155,"[19513, 36, 29, 53, 65, 36, 36, 39, 42, 14, 12, 14, 13, 12, 16, 15, 10, 5, 3, 6, 6, 4, 8, 6, 7]"
graph_corruption,ucb,26,20000,90.45000000000034,True,0.5472859009076936,"[19568, 31, 47, 29, 55, 38, 30, 43, 29, 11, 10, 17, 11, 9, 8, 12, 11, 4, 3, 7, 5, 5, 4, 7, 6]"
graph_corruption,ucb,27,20000,91.3500000000004,True,0.4949744898701486,"[19567, 35, 63, 27, 26, 40, 54, 21, 36, 11, 9, 14, 16, 10, 10, 8, 8, 7, 5, 2, 8, 5, 5, 7, 6]"
graph_corruption,ucb,28,20000,87.3000000000003,True,0.5083240169942951,"[19593, 45, 23, 38, 37, 24, 37, 31, 42, 10, 13, 7, 13, 18, 8, 11, 5, 4, 5, 8, 7, 4, 7, 6, 4]"
graph_corruption,ucb,29,20000,94.2000000000005,True,0.4126709690917205,"[19547, 32, 36, 56, 49, 43, 37, 32, 43, 11, 10, 7, 6, 13, 12, 9, 7, 6, 5, 7, 5, 7, 6, 5, 9]"
graph_corruption,ucb,30,20000,93.0000000000005,True,0.39946762548209436,"[19566, 28, 57, 40, 33, 20, 27, 63, 26, 13, 11, 11, 14, 10, 15, 10, 10, 6, 6, 5, 5, 6, 5, 8, 5]"
graph_corruption,ucb,31,20000,95.55000000000051,True,0.4733619563399039,"[19546, 19, 26, 44, 51, 31, 53, 59, 37, 7, 11, 12, 10, 11, 9, 12, 13, 5, 6, 8, 6, 6, 7, 7, 4]"
graph_corruption,ucb,32,20000,98.70000000000051,True,0.6218471999636688,"[19526, 9, 33, 46, 43, 45, 36, 42, 80, 8, 9, 14, 11, 17, 6, 16, 15, 5, 5, 6, 7, 5, 6, 4, 6]"
graph_corruption,ucb,33,20000,101.10000000000062,True,0.45251500155658986,"[19509, 44, 44, 20, 38, 58, 41, 51, 59, 7, 16, 14, 11, 10, 12, 9, 10, 5, 4, 8, 6, 6, 5, 5, 8]"
graph_corruption,ucb,34,20000,103.80000000000081,True,0.3495093142020603,"[19485, 26, 31, 62, 49, 43, 36, 60, 76, 13, 9, 13, 8, 10, 10, 12, 12, 7, 5, 4, 5, 7, 5, 7, 5]"
graph_corruption,ucb,35,20000,92.25000000000044,True,0.353044561619024,"[19556, 45, 35, 42, 38, 32, 32, 36, 53, 7, 9, 10, 15, 12, 17, 10, 11, 5, 6, 4, 5, 5, 4, 7, 4]"
graph_corruption,ucb,36,20000,115.05000000000112,True,0.41582569286550497,"[19426, 52, 43, 57, 77, 60, 55, 34, 50, 13, 14, 13, 13, 13, 12, 12, 9, 8, 6, 7, 5, 4, 6, 6, 5]"
graph_corruption,ucb,37,20000,103.35000000000073,True,0.35448189099478816,"[19502, 50, 37, 76, 31, 38, 40, 50, 29, 19, 11, 14, 11, 15, 6, 11, 16, 7, 5, 6, 5, 5, 6, 5, 5]"
graph_corruption,ucb,38,20000,92.40000000000052,True,0.40689883693048007,"[19552, 39, 45, 33, 49, 32, 48, 31, 42, 10, 8, 16, 11, 11, 15, 10, 9, 4, 4, 5, 7, 6, 3, 4, 6]"
graph_corruption,ucb,39,20000,102.6000000000005,True,0.5216836257910117,"[19523, 48, 46, 53, 59, 34, 20, 47, 12, 12, 14, 13, 12, 8, 15, 18, 17, 5, 7, 6, 7, 3, 5, 9, 7]"
graph_corruption,pool_swaps_0,0,20000,10.35000000000001,True,0.4047740228272421,"[19952, 4, 4, 4, 4, 5, 2, 6, 5, 1, 1, 1, 1, 1, 1, 1, 0, 1, 1, 1, 1, 1, 1, 1, 0]"
graph_corruption,pool_swaps_0,1,20000,13.650000000000018,True,0.32009419466585953,"[19929, 3, 6, 6, 9, 9, 7, 7, 8, 1, 2, 2, 1, 2, 1, 1, 2, 1, 1, 1, 1, 0, 0, 0, 0]"
graph_corruption,pool_swaps_0,2,20000,9.450000000000008,True,0.30257336973755256,"[19954, 5, 6, 2, 3, 4, 4, 5, 4, 2, 1, 1, 1, 1, 1, 1, 1, 1, 1, 1, 1, 0, 0, 0, 0]"
graph_corruption,pool_swaps_0,3,20000,12.750000000000016,True,0.39361280552130284,"[19936, 9, 5, 5, 6, 3, 7, 8, 4, 1, 2, 2, 2, 1, 2, 2, 1, 1, 1, 1, 1, 0, 0, 0, 0]"
graph_corruption,pool_swaps_0,4,20000,10.35000000000001,True,0.38086656538297614,"[19948, 4, 7, 5, 7, 3, 5, 3, 4, 1, 2, 1, 1, 1, 2, 2, 1, 1, 1, 1, 0, 0, 0, 0, 0]"
graph_corruption,pool_swaps_0,5,20000,12.900000000000011,True,0.41484649156130043,"[19946, 5, 3, 5, 3, 2, 4, 2, 5, 3, 2, 2, 2, 1, 2, 3, 3, 1, 1, 1, 1, 1, 1, 1, 0]"
graph_corruption,pool_swaps_0,6,20000,8.100000000000005,True,0.4651179761104343,"[19963, 2, 4, 2, 4, 4, 3, 2, 3, 1, 1, 1, 1, 2, 1, 1, 1, 1, 1, 1, 1, 0, 0, 0, 0]"
graph_corruption,pool_swaps_0,7,20000,8.850000000000007,True,0.4219165123919043,"[19959, 2, 4, 3, 5, 4, 3, 4, 4, 1, 1, 1, 1, 1, 1, 0, 0, 1, 1, 1, 1, 1, 1, 0, 0]"
graph_corruption,pool_swaps_0,8,20000,10.80000000000001,True,0.42232489672081,"[19954, 3, 3, 2, 5, 2, 4, 3, 3, 2, 3, 2, 2, 2, 2, 2, 1, 1, 1, 1, 1, 1, 0, 0, 0]"
graph_corruption,pool_swaps_0,9,20000,14.850000000000021,True,0.2625637996640519,"[19922, 9, 7, 9, 10, 5, 9, 7, 6, 2, 1, 2, 1, 2, 1, 1, 1, 1, 1, 1, 1, 1, 0, 0, 0]"
graph_corruption,pool_swaps_0,10,20000,11.400000000000011,True,0.3645034236548375,"[19950, 4, 3, 3, 5, 3, 3, 6, 4, 2, 1, 1, 2, 1, 2, 2, 1, 1, 1, 1, 1, 1, 1, 1, 0]"
graph_corruption,pool_swaps_0,11,20000,17.40000000000001,True,0.4427154256588359,"[19912, 12, 9, 8, 8, 9, 8, 8, 7, 1, 2, 1, 1, 1, 1, 2, 1, 1, 1, 1, 1, 1, 1, 2, 1]"
graph_corruption,pool_swaps_0,12,20000,10.950000000000012,True,0.39714808120250095,"[19945, 4, 5, 6, 5, 6, 7, 4, 5, 1, 1, 1, 1, 1, 1, 1, 1, 1, 1, 1, 1, 1, 0, 0, 0]"
graph_corruption,pool_swaps_0,13,20000,12.900000000000013,True,0.3926921215355781,"[19941, 4, 5, 8, 4, 4, 7, 5, 3, 2, 1, 2, 1, 1, 1, 2, 1, 1, 1, 1, 1, 1, 1, 1, 1]"
graph_corruption,pool_swaps_0,14,20000,13.200000000000015,True,0.3577559925833026,"[19933, 7, 5, 7, 8, 5, 6, 7, 8, 1, 1, 1, 1, 1, 1, 1, 0, 1, 1, 1, 1, 1, 1, 1, 0]"
graph_corruption,pool_swaps_0,15,20000,15.15000000000002,True,0.4103025349121421,"[19925, 7, 6, 4, 7, 7, 7, 8, 10, 2, 1, 2, 2, 1, 1, 1, 2, 1, 1, 1, 1, 1, 1, 1, 0]"
graph_corruption,pool_swaps_0,16,20000,13.350000000000012,True,0.3603750285994702,"[19938, 5, 5, 6, 5, 4, 6, 4, 6, 1, 2, 1, 1, 2, 3, 2, 3, 1, 1, 1, 1, 1, 1, 0, 0]"
graph_corruption,pool_swaps_0,17,20000,10.200000000000008,True,0.42446264182880705,"[19951, 3, 4, 5, 4, 3, 9, 4, 4, 1, 1, 1, 1, 1, 1, 1, 0, 1, 1, 1, 1, 1, 1, 0, 0]"
graph_corruption,pool_swaps_0,18,20000,13.500000000000016,True,0.5296890782946626,"[19934, 5, 7, 6, 5, 5, 4, 6, 8, 2, 2, 2, 2, 2, 2, 3, 1, 1, 1, 1, 1, 0, 0, 0, 0]"
graph_corruption,pool_swaps_0,19,20000,13.650000000000011,True,0.38893770414558115,"[19936, 3, 6, 6, 6, 5, 6, 7, 5, 2, 2, 2, 1, 2, 1, 2, 1, 1, 1, 1, 1, 1, 1, 1, 0]"
graph_corruption,pool_swaps_0,20,20000,12.750000000000014,True,0.2704118706628261,"[19938, 6, 7, 4, 7, 5, 7, 6, 4, 1, 1, 1, 1, 2, 1, 1, 1, 1, 1, 1, 1, 1, 1, 1, 0]"
graph_corruption,pool_swaps_0,21,20000,12.900000000000016,True,0.3983684267877266,"[19930, 8, 4, 6, 8, 7, 10, 7, 6, 1, 2, 1, 1, 2, 1, 2, 2, 1, 1, 0, 0, 0, 0, 0, 0]"
graph_corruption,pool_swaps_0,22,20000,13.200000000000015,True,0.4075456692402781,"[19936, 6, 7, 3, 8, 4, 8, 5, 5, 2, 1, 1, 2, 1, 1, 2, 2, 1, 1, 1, 1, 1, 1, 0, 0]"
graph_corruption,pool_swaps_0,23,20000,14.550000000000017,True,0.3460792312430709,"[19930, 6, 8, 6, 8, 6, 6, 4, 5, 2, 2, 2, 2, 2, 1, 2, 2, 1, 1, 1, 1, 1, 1, 0, 0]"
graph_corruption,pool_swaps_0,24,20000,13.800000000000013,True,0.3824611814127028,"[19932, 7, 6, 6, 4, 5, 8, 6, 8, 1, 2, 1, 2, 1, 2, 1, 2, 1, 1, 1, 1, 1, 1, 0, 0]"
graph_corruption,pool_swaps_0,25,20000,11.100000000000012,True,0.316225762411062,"[19946, 6, 4, 4, 6, 4, 4, 5, 6, 1, 1, 1, 1, 2, 1, 2, 1, 1, 1, 1, 1, 1, 0, 0, 0]"
graph_corruption,pool_swaps_0,26,20000,13.200000000000019,True,0.5472859009076936,"[19930, 5, 10, 7, 7, 8, 7, 6, 6, 1, 1, 2, 1, 1, 1, 1, 2, 1, 1, 1, 1, 0, 0, 0, 0]"
graph_corruption,pool_swaps_0,27,20000,13.050000000000015,True,0.45682939153410207,"[19941, 3, 7, 4, 6, 3, 5, 2, 7, 1, 2, 2, 3, 2, 2, 2, 2, 1, 1, 1, 1, 1, 1, 0, 0]"
graph_corruption,pool_swaps_0,28,20000,10.500000000000007,True,0.5083240169942951,"[19956, 4, 3, 3, 3, 3, 2, 3, 3, 2, 2, 1, 2, 2, 2, 2, 1, 1, 1, 1, 1, 1, 1, 0, 0]"
graph_corruption,pool_swaps_0,29,20000,9.300000000000006,True,0.314539422191938,"[19957, 4, 4, 3, 5, 4, 3, 3, 3, 1, 1, 1, 1, 1, 1, 2, 1, 1, 1, 1, 1, 1, 0, 0, 0]"
graph_corruption,pool_swaps_0,30,20000,9.450000000000008,True,0.2887679768374844,"[19957, 4, 4, 3, 4, 3, 3, 4, 4, 1, 1, 1, 1, 1, 1, 1, 1, 1, 1, 1, 1, 1, 1, 0, 0]"
graph_corruption,pool_swaps_0,31,20000,13.500000000000016,True,0.4733619563399039,"[19932, 6, 5, 8, 8, 5, 7, 5, 8, 1, 1, 1, 1, 2, 1, 2, 1, 1, 1, 1, 1, 1, 1, 0, 0]"
graph_corruption,pool_swaps_0,32,20000,12.900000000000011,True,0.3408480287600407,"[19943, 3, 4, 7, 3, 4, 4, 4, 5, 3, 2, 2, 2, 2, 2, 2, 2, 1, 1, 1, 1, 1, 1, 0, 0]"
graph_corruption,pool_swaps_0,33,20000,9.450000000000008,True,0.431196792423932,"[19956, 4, 4, 2, 3, 5, 3, 4, 4, 1, 2, 2, 1, 1, 2, 1, 1, 1, 1, 1, 1, 0, 0, 0, 0]"
graph_corruption,pool_swaps_0,34,20000,13.800000000000017,True,0.3214390825010174,"[19932, 7, 6, 4, 6, 10, 6, 7, 4, 1, 2, 1, 1, 1, 2, 2, 2, 1, 1, 1, 1, 1, 1, 0, 0]"
graph_corruption,pool_swaps_0,35,20000,11.850000000000014,True,0.353044561619024,"[19940, 5, 5, 7, 8, 6, 5, 4, 5, 1, 1, 1, 2, 2, 2, 1, 1, 1, 1, 1, 1, 0, 0, 0, 0]"
graph_corruption,pool_swaps_0,36,20000,16.80000000000002,True,0.3968317575330907,"[19921, 6, 5, 9, 6, 6, 7, 6, 8, 3, 2, 3, 2, 2, 2, 3, 2, 1, 1, 1, 1, 1, 1, 1, 0]"
graph_corruption,pool_swaps_0,37,20000,12.150000000000015,True,0.35448189099478816,"[19942, 4, 4, 3, 7, 4, 7, 5, 6, 2, 1, 1, 2, 2, 1, 2, 2, 1, 1, 1, 1, 1, 0, 0, 0]"
graph_corruption,pool_swaps_0,38,20000,8.700000000000008,True,0.37699329811076066,"[19958, 3, 5, 4, 3, 2, 4, 5, 4, 1, 1, 1, 1, 1, 1, 1, 1, 1, 1, 1, 1, 0, 0, 0, 0]"
graph_corruption,pool_swaps_0,39,20000,12.150000000000011,True,0.34522349827383,"[19945, 4, 7, 5, 4, 4, 4, 5, 3, 2, 1, 2, 1, 1, 2, 2, 1, 1, 1, 1, 1, 1, 1, 1, 0]"
graph_corruption,pool_swaps_1,0,20000,76.80000000000015,True,0.4041433583300848,"[19585, 53, 31, 60, 33, 36, 57, 35, 58, 1, 1, 1, 1, 1, 1, 1, 0, 10, 6, 5, 4, 6, 4, 5, 5]"
graph_corruption,pool_swaps_1,1,20000,75.60000000000008,True,0.32009419466585953,"[19600, 45, 41, 31, 45, 38, 47, 41, 54, 1, 2, 2, 1, 2, 1, 1, 2, 7, 4, 9, 5, 4, 7, 5, 5]"
graph_corruption,pool_swaps_1,2,20000,79.0500000000002,True,0.3430808215000852,"[19572, 45, 43, 48, 42, 71, 44, 51, 30, 2, 1, 1, 1, 1, 1, 1, 1, 6, 5, 5, 5, 8, 5, 5, 6]"
graph_corruption,pool_swaps_1,3,20000,75.90000000000012,True,0.4216513954111817,"[19591, 73, 35, 41, 55, 22, 44, 59, 25, 1, 2, 2, 2, 1, 2, 2, 1, 7, 6, 3, 5, 3, 4, 7, 7]"
graph_corruption,pool_swaps_1,4,20000,70.94999999999996,True,0.40061672752335675,"[19616, 41, 57, 37, 33, 53, 45, 35, 33, 1, 2, 1, 1, 1, 2, 2, 1, 4, 4, 5, 7, 5, 4, 7, 3]"
graph_corruption,pool_swaps_1,5,20000,78.1500000000002,True,0.4850120013065199,"[19593, 77, 37, 29, 55, 20, 43, 28, 52, 3, 2, 2, 2, 1, 2, 3, 3, 6, 7, 4, 7, 8, 7, 3, 6]"
graph_corruption,pool_swaps_1,6,20000,81.30000000000025,True,0.496600032872296,"[19571, 56, 35, 44, 52, 50, 29, 37, 65, 1, 1, 1, 1, 2, 1, 1, 1, 6, 6, 9, 5, 6, 5, 7, 8]"
graph_corruption,pool_swaps_1,7,20000,79.2000000000002,True,0.5365489774173017,"[19560, 26, 83, 58, 39, 32, 55, 39, 61, 1, 1, 1, 1, 1, 1, 0, 0, 4, 4, 6, 7, 4, 6, 4, 6]"
graph_corruption,pool_swaps_1,8,20000,73.50000000000004,True,0.42232489672081,"[19618, 72, 28, 38, 48, 44, 32, 25, 33, 2, 3, 2, 2, 2, 2, 2, 1, 4, 5, 5, 6, 5, 6, 6, 9]"
graph_corruption,pool_swaps_1,9,20000,74.70000000000003,True,0.366327383647089,"[19581, 62, 37, 60, 27, 51, 37, 75, 25, 2, 1, 2, 1, 2, 1, 1, 1, 4, 6, 3, 4, 4, 3, 5, 5]"
graph_corruption,pool_swaps_1,10,20000,77.70000000000014,True,0.3645034236548375,"[19596, 48, 36, 43, 45, 53, 27, 44, 45, 2, 1, 1, 2, 1, 2, 2, 1, 7, 6, 7, 6, 4, 6, 8, 7]"
graph_corruption,pool_swaps_1,11,20000,87.1500000000005,True,0.41603527699371384,"[19531, 62, 55, 56, 39, 53, 50, 44, 49, 1, 2, 1, 1, 1, 1, 2, 1, 7, 4, 7, 5, 7, 5, 8, 8]"
graph_corruption,pool_swaps_1,12,20000,80.10000000000022,True,0.39714808120250095,"[19568, 45, 61, 48, 40, 47, 57, 24, 55, 1, 1, 1, 1, 1, 1, 1, 1, 5, 6, 4, 6, 8, 5, 4, 9]"
graph_corruption,pool_swaps_1,13,20000,76.20000000000017,True,0.44089671788274687,"[19609, 35, 52, 29, 25, 51, 39, 77, 19, 2, 1, 2, 1, 1, 1, 2, 1, 7, 5, 6, 9, 9, 7, 6, 4]"
graph_corruption,pool_swaps_1,14,20000,72.29999999999997,True,0.3577559925833026,"[19621, 36, 43, 27, 52, 38, 33, 51, 44, 1, 1, 1, 1, 1, 1, 1, 0, 6, 6, 6, 8, 5, 6, 5, 6]"
graph_corruption,pool_swaps_1,15,20000,78.30000000000018,True,0.4103025349121421,"[19576, 43, 27, 48, 29, 51, 48, 62, 61, 2, 1, 2, 2, 1, 1, 1, 2, 6, 7, 5, 6, 5, 5, 4, 5]"
graph_corruption,pool_swaps_1,16,20000,71.69999999999992,True,0.3920613191031605,"[19631, 32, 34, 42, 57, 37, 56, 20, 29, 1, 2, 1, 1, 2, 3, 2, 3, 6, 8, 5, 6, 5, 6, 6, 5]"
graph_corruption,pool_swaps_1,17,20000,73.2,True,0.42446264182880705,"[19619, 24, 47, 37, 35, 56, 42, 43, 40, 1, 1, 1, 1, 1, 1, 1, 0, 7, 5, 4, 5, 7, 7, 9, 6]"
graph_corruption,pool_swaps_1,18,20000,70.79999999999997,True,0.5296890782946626,"[19630, 50, 46, 37, 17, 24, 28, 37, 72, 2, 2, 2, 2, 2, 2, 3, 1, 5, 5, 5, 5, 5, 8, 3, 7]"
graph_corruption,pool_swaps_1,19,20000,84.45000000000033,True,0.4020299958607292,"[19548, 32, 55, 45, 63, 40, 30, 64, 61, 2, 2, 2, 1, 2, 1, 2, 1, 7, 5, 5, 6, 7, 8, 5, 6]"
graph_corruption,pool_swaps_1,20,20000,66.29999999999978,True,0.348620620360773,"[19661, 25, 46, 29, 41, 25, 46, 36, 35, 1, 1, 1, 1, 2, 1, 1, 1, 6, 8, 5, 4, 8, 7, 4, 5]"
graph_corruption,pool_swaps_1,21,20000,83.40000000000038,True,0.33712451957539136,"[19546, 58, 29, 43, 40, 53, 66, 61, 47, 1, 2, 1, 1, 2, 1, 2, 2, 5, 4, 6, 6, 8, 5, 6, 5]"
graph_corruption,pool_swaps_1,22,20000,72.29999999999997,True,0.4075456692402781,"[19634, 31, 54, 31, 52, 26, 54, 24, 30, 2, 1, 1, 2, 1, 1, 2, 2, 7, 6, 7, 6, 5, 8, 7, 6]"
graph_corruption,pool_swaps_1,23,20000,76.80000000000011,True,0.3666972218765077,"[19599, 47, 36, 36, 47, 51, 35, 33, 53, 2, 2, 2, 2, 2, 1, 2, 2, 5, 5, 5, 7, 10, 6, 5, 5]"
graph_corruption,pool_swaps_1,24,20000,76.35000000000016,True,0.3824611814127028,"[19585, 53, 48, 38, 29, 49, 55, 50, 40, 1, 2, 1, 2, 1, 2, 1, 2, 6, 3, 7, 4, 5, 6, 4, 6]"
graph_corruption,pool_swaps_1,25,20000,73.65000000000002,True,0.3449203122221155,"[19609, 36, 29, 53, 65, 36, 36, 39, 42, 1, 1, 1, 1, 2, 1, 2, 1, 5, 3, 6, 6, 4, 8, 6, 7]"
graph_corruption,pool_swaps_1,26,20000,66.74999999999979,True,0.5472859009076936,"[19647, 31, 47, 29, 55, 38, 30, 43, 29, 1, 1, 2, 1, 1, 1, 1, 2, 4, 3, 7, 5, 5, 4, 7, 6]"
graph_corruption,pool_swaps_1,27,20000,70.3499999999999,True,0.4949744898701486,"[19637, 35, 63, 27, 26, 40, 54, 21, 36, 1, 2, 2, 3, 2, 2, 2, 2, 7, 5, 2, 8, 5, 5, 7, 6]"
graph_corruption,pool_swaps_1,28,20000,65.99999999999979,True,0.5083240169942951,"[19664, 45, 23, 38, 37, 24, 37, 31, 42, 2, 2, 1, 2, 2, 2, 2, 1, 4, 5, 8, 7, 4, 7, 6, 4]"
graph_corruption,pool_swaps_1,29,20000,74.40000000000006,True,0.314539422191938,"[19613, 32, 36, 56, 49, 43, 37, 32, 43, 1, 1, 1, 1, 1, 1, 2, 1, 6, 5, 7, 5, 7, 6, 5, 9]"
graph_corruption,pool_swaps_1,30,20000,67.19999999999979,True,0.39858873360358493,"[19652, 28, 57, 40, 33, 20, 27, 63, 26, 1, 1, 1, 1, 1, 1, 1, 1, 6, 6, 5, 5, 6, 5, 8, 5]"
graph_corruption,pool_swaps_1,31,20000,73.2,True,0.38769636377487043,"[19620, 20, 26, 44, 51, 31, 53, 59, 37, 1, 1, 1, 1, 2, 1, 2, 1, 5, 6, 8, 6, 6, 7, 7, 4]"
graph_corruption,pool_swaps_1,32,20000,75.00000000000001,True,0.6218471999636688,"[19605, 9, 33, 46, 43, 45, 36, 42, 80, 3, 2, 2, 2, 2, 2, 2, 2, 5, 5, 6, 7, 5, 6, 4, 6]"
graph_corruption,pool_swaps_1,33,20000,77.70000000000013,True,0.45251500155658986,"[19587, 44, 44, 20, 38, 58, 41, 51, 59, 1, 2, 2, 1, 1, 2, 1, 1, 5, 4, 8, 6, 6, 5, 5, 8]"
graph_corruption,pool_swaps_1,34,20000,81.30000000000025,True,0.3495093142020603,"[19560, 26, 31, 62, 49, 43, 36, 60, 76, 1, 2, 1, 1, 1, 2, 2, 2, 7, 5, 4, 5, 7, 5, 7, 5]"
graph_corruption,pool_swaps_1,35,20000,68.24999999999983,True,0.353044561619024,"[19636, 45, 35, 42, 38, 32, 32, 36, 53, 1, 1, 1, 2, 2, 2, 1, 1, 5, 6, 4, 5, 5, 4, 7, 4]"
graph_corruption,pool_swaps_1,36,20000,91.05000000000058,True,0.41582569286550497,"[19506, 52, 43, 57, 77, 60, 55, 34, 50, 3, 2, 3, 2, 2, 2, 3, 2, 8, 6, 7, 5, 4, 6, 6, 5]"
graph_corruption,pool_swaps_1,37,20000,76.3500000000001,True,0.35448189099478816,"[19592, 50, 37, 76, 31, 38, 40, 50, 29, 2, 1, 1, 2, 2, 1, 2, 2, 7, 5, 6, 5, 5, 6, 5, 5]"
graph_corruption,pool_swaps_1,38,20000,67.7999999999998,True,0.493766735333598,"[19634, 39, 45, 33, 49, 32, 48, 31, 42, 1, 1, 1, 1, 1, 1, 1, 1, 4, 4, 5, 7, 6, 3, 4, 6]"
graph_corruption,pool_swaps_1,39,20000,73.50000000000004,True,0.5216836257910117,"[19620, 48, 46, 53, 59, 34, 20, 47, 12, 2, 1, 2, 1, 1, 2, 2, 1, 5, 7, 6, 7, 3, 5, 9, 7]"
graph_corruption,pool_swaps_2,0,20000,76.80000000000014,True,0.41373970466306287,"[19585, 53, 31, 60, 33, 36, 57, 35, 58, 1, 1, 1, 1, 1, 1, 1, 0, 10, 6, 5, 4, 6, 4, 5, 5]"
graph_corruption,pool_swaps_2,1,20000,75.60000000000007,True,0.32009419466585953,"[19600, 45, 41, 31, 45, 38, 47, 41, 54, 1, 2, 2, 1, 2, 1, 1, 2, 7, 4, 9, 5, 4, 7, 5, 5]"
graph_corruption,pool_swaps_2,2,20000,79.05000000000018,True,0.374977690005972,"[19572, 45, 43, 48, 42, 71, 44, 51, 30, 2, 1, 1, 1, 1, 1, 1, 1, 6, 5, 5, 5, 8, 5, 5, 6]"
graph_corruption,pool_swaps_2,3,20000,75.90000000000012,True,0.4216513954111817,"[19591, 73, 35, 41, 55, 22, 44, 59, 25, 1, 2, 2, 2, 1, 2, 2, 1, 7, 6, 3, 5, 3, 4, 7, 7]"
graph_corruption,pool_swaps_2,4,20000,70.94999999999993,True,0.40061672752335675,"[19616, 41, 57, 37, 33, 53, 45, 35, 33, 1, 2, 1, 1, 1, 2, 2, 1, 4, 4, 5, 7, 5, 4, 7, 3]"
graph_corruption,pool_swaps_2,5,20000,78.15000000000019,True,0.4850120013065199,"[19593, 77, 37, 29, 55, 20, 43, 28, 52, 3, 2, 2, 2, 1, 2, 3, 3, 6, 7, 4, 7, 8, 7, 3, 6]"
graph_corruption,pool_swaps_2,6,20000,81.30000000000025,True,0.496600032872296,"[19571, 56, 35, 44, 52, 50, 29, 37, 65, 1, 1, 1, 1, 2, 1, 1, 1, 6, 6, 9, 5, 6, 5, 7, 8]"
graph_corruption,pool_swaps_2,7,20000,79.20000000000019,True,0.5365489774173017,"[19560, 26, 83, 58, 39, 32, 55, 39, 61, 1, 1, 1, 1, 1, 1, 0, 0, 4, 4, 6, 7, 4, 6, 4, 6]"
graph_corruption,pool_swaps_2,8,20000,73.50000000000003,True,0.42232489672081,"[19618, 72, 28, 38, 48, 44, 32, 25, 33, 2, 3, 2, 2, 2, 2, 2, 1, 4, 5, 5, 6, 5, 6, 6, 9]"
graph_corruption,pool_swaps_2,9,20000,74.70000000000002,True,0.366327383647089,"[19581, 62, 37, 60, 27, 51, 37, 75, 25, 2, 1, 2, 1, 2, 1, 1, 1, 4, 6, 3, 4, 4, 3, 5, 5]"
graph_corruption,pool_swaps_2,10,20000,77.70000000000013,True,0.3645034236548375,"[19596, 48, 36, 43, 45, 53, 27, 44, 45, 2, 1, 1, 2, 1, 2, 2, 1, 7, 6, 7, 6, 4, 6, 8, 7]"
graph_corruption,pool_swaps_2,11,20000,87.15000000000049,True,0.3853397023469791,"[19531, 62, 55, 56, 39, 53, 50, 44, 49, 1, 2, 1, 1, 1, 1, 2, 1, 7, 4, 7, 5, 7, 5, 8, 8]"
graph_corruption,pool_swaps_2,12,20000,80.10000000000021,True,0.39714808120250095,"[19568, 45, 61, 48, 40, 47, 57, 24, 55, 1, 1, 1, 1, 1, 1, 1, 1, 5, 6, 4, 6, 8, 5, 4, 9]"
graph_corruption,pool_swaps_2,13,20000,76.20000000000016,True,0.44089671788274687,"[19609, 35, 52, 29, 25, 51, 39, 77, 19, 2, 1, 2, 1, 1, 1, 2, 1, 7, 5, 6, 9, 9, 7, 6, 4]"
graph_corruption,pool_swaps_2,14,20000,72.29999999999997,True,0.3577559925833026,"[19621, 36, 43, 27, 52, 38, 33, 51, 44, 1, 1, 1, 1, 1, 1, 1, 0, 6, 6, 6, 8, 5, 6, 5, 6]"
graph_corruption,pool_swaps_2,15,20000,78.30000000000017,True,0.4103025349121421,"[19576, 43, 27, 48, 29, 51, 48, 62, 61, 2, 1, 2, 2, 1, 1, 1, 2, 6, 7, 5, 6, 5, 5, 4, 5]"
graph_corruption,pool_swaps_2,16,20000,71.69999999999992,True,0.3603750285994702,"[19631, 32, 34, 42, 57, 37, 56, 20, 29, 1, 2, 1, 1, 2, 3, 2, 3, 6, 8, 5, 6, 5, 6, 6, 5]"
graph_corruption,pool_swaps_2,17,20000,73.19999999999999,True,0.42446264182880705,"[19619, 24, 47, 37, 35, 56, 42, 43, 40, 1, 1, 1, 1, 1, 1, 1, 0, 7, 5, 4, 5, 7, 7, 9, 6]"
graph_corruption,pool_swaps_2,18,20000,70.79999999999995,True,0.5296890782946626,"[19630, 50, 46, 37, 17, 24, 28, 37, 72, 2, 2, 2, 2, 2, 2, 3, 1, 5, 5, 5, 5, 5, 8, 3, 7]"
graph_corruption,pool_swaps_2,19,20000,84.45000000000032,True,0.38893770414558115,"[19548, 32, 55, 45, 63, 40, 30, 64, 61, 2, 2, 2, 1, 2, 1, 2, 1, 7, 5, 5, 6, 7, 8, 5, 6]"
graph_corruption,pool_swaps_2,20,20000,66.29999999999978,True,0.348620620360773,"[19661, 25, 46, 29, 41, 25, 46, 36, 35, 1, 1, 1, 1, 2, 1, 1, 1, 6, 8, 5, 4, 8, 7, 4, 5]"
graph_corruption,pool_swaps_2,21,20000,83.40000000000038,True,0.3983684267877266,"[19546, 58, 29, 43, 40, 53, 66, 61, 47, 1, 2, 1, 1, 2, 1, 2, 2, 5, 4, 6, 6, 8, 5, 6, 5]"
graph_corruption,pool_swaps_2,22,20000,72.29999999999995,True,0.4075456692402781,"[19634, 31, 54, 31, 52, 26, 54, 24, 30, 2, 1, 1, 2, 1, 1, 2, 2, 7, 6, 7, 6, 5, 8, 7, 6]"
graph_corruption,pool_swaps_2,23,20000,76.80000000000011,True,0.3666972218765077,"[19599, 47, 36, 36, 47, 51, 35, 33, 53, 2, 2, 2, 2, 2, 1, 2, 2, 5, 5, 5, 7, 10, 6, 5, 5]"
graph_corruption,pool_swaps_2,24,20000,76.35000000000016,True,0.3824611814127028,"[19585, 53, 48, 38, 29, 49, 55, 50, 40, 1, 2, 1, 2, 1, 2, 1, 2, 6, 3, 7, 4, 5, 6, 4, 6]"
graph_corruption,pool_swaps_2,25,20000,73.65,True,0.3449203122221155,"[19609, 36, 29, 53, 65, 36, 36, 39, 42, 1, 1, 1, 1, 2, 1, 2, 1, 5, 3, 6, 6, 4, 8, 6, 7]"
graph_corruption,pool_swaps_2,26,20000,66.74999999999977,True,0.5472859009076936,"[19647, 31, 47, 29, 55, 38, 30, 43, 29, 1, 1, 2, 1, 1, 1, 1, 2, 4, 3, 7, 5, 5, 4, 7, 6]"
graph_corruption,pool_swaps_2,27,20000,70.34999999999988,True,0.4949744898701486,"[19637, 35, 63, 27, 26, 40, 54, 21, 36, 1, 2, 2, 3, 2, 2, 2, 2, 7, 5, 2, 8, 5, 5, 7, 6]"
graph_corruption,pool_swaps_2,28,20000,65.99999999999979,True,0.5083240169942951,"[19664, 45, 23, 38, 37, 24, 37, 31, 42, 2, 2, 1, 2, 2, 2, 2, 1, 4, 5, 8, 7, 4, 7, 6, 4]"
graph_corruption,pool_swaps_2,29,20000,74.40000000000006,True,0.314539422191938,"[19613, 32, 36, 56, 49, 43, 37, 32, 43, 1, 1, 1, 1, 1, 1, 2, 1, 6, 5, 7, 5, 7, 6, 5, 9]"
graph_corruption,pool_swaps_2,30,20000,67.19999999999979,True,0.43286243191005463,"[19652, 28, 57, 40, 33, 20, 27, 63, 26, 1, 1, 1, 1, 1, 1, 1, 1, 6, 6, 5, 5, 6, 5, 8, 5]"
graph_corruption,pool_swaps_2,31,20000,73.19999999999997,True,0.4733619563399039,"[19620, 20, 26, 44, 51, 31, 53, 59, 37, 1, 1, 1, 1, 2, 1, 2, 1, 5, 6, 8, 6, 6, 7, 7, 4]"
graph_corruption,pool_swaps_2,32,20000,75.0,True,0.6218471999636688,"[19605, 9, 33, 46, 43, 45, 36, 42, 80, 3, 2, 2, 2, 2, 2, 2, 2, 5, 5, 6, 7, 5, 6, 4, 6]"
graph_corruption,pool_swaps_2,33,20000,77.70000000000012,True,0.45251500155658986,"[19587, 44, 44, 20, 38, 58, 41, 51, 59, 1, 2, 2, 1, 1, 2, 1, 1, 5, 4, 8, 6, 6, 5, 5, 8]"
graph_corruption,pool_swaps_2,34,20000,81.30000000000024,True,0.3495093142020603,"[19560, 26, 31, 62, 49, 43, 36, 60, 76, 1, 2, 1, 1, 1, 2, 2, 2, 7, 5, 4, 5, 7, 5, 7, 5]"
graph_corruption,pool_swaps_2,35,20000,68.24999999999982,True,0.353044561619024,"[19636, 45, 35, 42, 38, 32, 32, 36, 53, 1, 1, 1, 2, 2, 2, 1, 1, 5, 6, 4, 5, 5, 4, 7, 4]"
graph_corruption,pool_swaps_2,36,20000,91.05000000000057,True,0.41582569286550497,"[19506, 52, 43, 57, 77, 60, 55, 34, 50, 3, 2, 3, 2, 2, 2, 3, 2, 8, 6, 7, 5, 4, 6, 6, 5]"
graph_corruption,pool_swaps_2,37,20000,76.35000000000008,True,0.35448189099478816,"[19592, 50, 37, 76, 31, 38, 40, 50, 29, 2, 1, 1, 2, 2, 1, 2, 2, 7, 5, 6, 5, 5, 6, 5, 5]"
graph_corruption,pool_swaps_2,38,20000,67.79999999999978,True,0.5301029354654435,"[19634, 39, 45, 33, 49, 32, 48, 31, 42, 1, 1, 1, 1, 1, 1, 1, 1, 4, 4, 5, 7, 6, 3, 4, 6]"
graph_corruption,pool_swaps_2,39,20000,73.50000000000003,True,0.5216836257910117,"[19620, 48, 46, 53, 59, 34, 20, 47, 12, 2, 1, 2, 1, 1, 2, 2, 1, 5, 7, 6, 7, 3, 5, 9, 7]"
graph_corruption,pool_swaps_4,0,20000,76.80000000000014,True,0.4041433583300848,"[19585, 53, 31, 60, 33, 36, 57, 35, 58, 1, 1, 1, 1, 1, 1, 1, 0, 10, 6, 5, 4, 6, 4, 5, 5]"
graph_corruption,pool_swaps_4,1,20000,75.60000000000007,True,0.32009419466585953,"[19600, 45, 41, 31, 45, 38, 47, 41, 54, 1, 2, 2, 1, 2, 1, 1, 2, 7, 4, 9, 5, 4, 7, 5, 5]"
graph_corruption,pool_swaps_4,2,20000,79.05000000000018,True,0.41915206961453594,"[19572, 45, 43, 48, 42, 71, 44, 51, 30, 2, 1, 1, 1, 1, 1, 1, 1, 6, 5, 5, 5, 8, 5, 5, 6]"
graph_corruption,pool_swaps_4,3,20000,75.90000000000012,True,0.4216513954111817,"[19591, 73, 35, 41, 55, 22, 44, 59, 25, 1, 2, 2, 2, 1, 2, 2, 1, 7, 6, 3, 5, 3, 4, 7, 7]"
graph_corruption,pool_swaps_4,4,20000,70.94999999999995,True,0.40558695800594274,"[19616, 41, 57, 37, 33, 53, 45, 35, 33, 1, 2, 1, 1, 1, 2, 2, 1, 4, 4, 5, 7, 5, 4, 7, 3]"
graph_corruption,pool_swaps_4,5,20000,78.15000000000019,True,0.4850120013065199,"[19593, 77, 37, 29, 55, 20, 43, 28, 52, 3, 2, 2, 2, 1, 2, 3, 3, 6, 7, 4, 7, 8, 7, 3, 6]"
graph_corruption,pool_swaps_4,6,20000,81.30000000000025,True,0.496600032872296,"[19571, 56, 35, 44, 52, 50, 29, 37, 65, 1, 1, 1, 1, 2, 1, 1, 1, 6, 6, 9, 5, 6, 5, 7, 8]"
graph_corruption,pool_swaps_4,7,20000,79.20000000000019,True,0.5365489774173017,"[19560, 26, 83, 58, 39, 32, 55, 39, 61, 1, 1, 1, 1, 1, 1, 0, 0, 4, 4, 6, 7, 4, 6, 4, 6]"
graph_corruption,pool_swaps_4,8,20000,73.50000000000003,True,0.42232489672081,"[19618, 72, 28, 38, 48, 44, 32, 25, 33, 2, 3, 2, 2, 2, 2, 2, 1, 4, 5, 5, 6, 5, 6, 6, 9]"
graph_corruption,pool_swaps_4,9,20000,74.70000000000002,True,0.366327383647089,"[19581, 62, 37, 60, 27, 51, 37, 75, 25, 2, 1, 2, 1, 2, 1, 1, 1, 4, 6, 3, 4, 4, 3, 5, 5]"
graph_corruption,pool_swaps_4,10,20000,77.70000000000014,True,0.3645034236548375,"[19596, 48, 36, 43, 45, 53, 27, 44, 45, 2, 1, 1, 2, 1, 2, 2, 1, 7, 6, 7, 6, 4, 6, 8, 7]"
graph_corruption,pool_swaps_4,11,20000,87.15000000000049,True,0.38995799614875726,"[19531, 62, 55, 56, 39, 53, 50, 44, 49, 1, 2, 1, 1, 1, 1, 2, 1, 7, 4, 7, 5, 7, 5, 8, 8]"
graph_corruption,pool_swaps_4,12,20000,80.10000000000021,True,0.39714808120250095,"[19568, 45, 61, 48, 40, 47, 57, 24, 55, 1, 1, 1, 1, 1, 1, 1, 1, 5, 6, 4, 6, 8, 5, 4, 9]"
graph_corruption,pool_swaps_4,13,20000,76.20000000000016,True,0.44089671788274687,"[19609, 35, 52, 29, 25, 51, 39, 77, 19, 2, 1, 2, 1, 1, 1, 2, 1, 7, 5, 6, 9, 9, 7, 6, 4]"
graph_corruption,pool_swaps_4,14,20000,72.29999999999997,True,0.3577559925833026,"[19621, 36, 43, 27, 52, 38, 33, 51, 44, 1, 1, 1, 1, 1, 1, 1, 0, 6, 6, 6, 8, 5, 6, 5, 6]"
graph_corruption,pool_swaps_4,15,20000,78.30000000000018,True,0.4300609934873179,"[19576, 43, 27, 48, 29, 51, 48, 62, 61, 2, 1, 2, 2, 1, 1, 1, 2, 6, 7, 5, 6, 5, 5, 4, 5]"
graph_corruption,pool_swaps_4,16,20000,71.69999999999992,True,0.3603750285994702,"[19631, 32, 34, 42, 57, 37, 56, 20, 29, 1, 2, 1, 1, 2, 3, 2, 3, 6, 8, 5, 6, 5, 6, 6, 5]"
graph_corruption,pool_swaps_4,17,20000,73.19999999999999,True,0.42446264182880705,"[19619, 24, 47, 37, 35, 56, 42, 43, 40, 1, 1, 1, 1, 1, 1, 1, 0, 7, 5, 4, 5, 7, 7, 9, 6]"
graph_corruption,pool_swaps_4,18,20000,70.79999999999995,True,0.5296890782946626,"[19630, 50, 46, 37, 17, 24, 28, 37, 72, 2, 2, 2, 2, 2, 2, 3, 1, 5, 5, 5, 5, 5, 8, 3, 7]"
graph_corruption,pool_swaps_4,19,20000,84.45000000000032,True,0.38893770414558115,"[19548, 32, 55, 45, 63, 40, 30, 64, 61, 2, 2, 2, 1, 2, 1, 2, 1, 7, 5, 5, 6, 7, 8, 5, 6]"
graph_corruption,pool_swaps_4,20,20000,66.29999999999978,True,0.348620620360773,"[19661, 25, 46, 29, 41, 25, 46, 36, 35, 1, 1, 1, 1, 2, 1, 1, 1, 6, 8, 5, 4, 8, 7, 4, 5]"
graph_corruption,pool_swaps_4,21,20000,83.40000000000038,True,0.3983684267877266,"[19546, 58, 29, 43, 40, 53, 66, 61, 47, 1, 2, 1, 1, 2, 1, 2, 2, 5, 4, 6, 6, 8, 5, 6, 5]"
graph_corruption,pool_swaps_4,22,20000,72.29999999999995,True,0.4075456692402781,"[19634, 31, 54, 31, 52, 26, 54, 24, 30, 2, 1, 1, 2, 1, 1, 2, 2, 7, 6, 7, 6, 5, 8, 7, 6]"
graph_corruption,pool_swaps_4,23,20000,76.80000000000011,True,0.3666972218765077,"[19599, 47, 36, 36, 47, 51, 35, 33, 53, 2, 2, 2, 2, 2, 1, 2, 2, 5, 5, 5, 7, 10, 6, 5, 5]"
graph_corruption,pool_swaps_4,24,20000,76.35000000000016,True,0.3824611814127028,"[19585, 53, 48, 38, 29, 49, 55, 50, 40, 1, 2, 1, 2, 1, 2, 1, 2, 6, 3, 7, 4, 5, 6, 4, 6]"
graph_corruption,pool_swaps_4,25,20000,73.65,True,0.3449203122221155,"[19609, 36, 29, 53, 65, 36, 36, 39, 42, 1, 1, 1, 1, 2, 1, 2, 1, 5, 3, 6, 6, 4, 8, 6, 7]"
graph_corruption,pool_swaps_4,26,20000,66.74999999999977,True,0.5472859009076936,"[19647, 31, 47, 29, 55, 38, 30, 43, 29, 1, 1, 2, 1, 1, 1, 1, 2, 4, 3, 7, 5, 5, 4, 7, 6]"
graph_corruption,pool_swaps_4,27,20000,70.3499999999999,True,0.4949744898701486,"[19637, 35, 63, 27, 26, 40, 54, 21, 36, 1, 2, 2, 3, 2, 2, 2, 2, 7, 5, 2, 8, 5, 5, 7, 6]"
graph_corruption,pool_swaps_4,28,20000,65.99999999999979,True,0.5083240169942951,"[19664, 45, 23, 38, 37, 24, 37, 31, 42, 2, 2, 1, 2, 2, 2, 2, 1, 4, 5, 8, 7, 4, 7, 6, 4]"
graph_corruption,pool_swaps_4,29,20000,74.40000000000006,True,0.314539422191938,"[19613, 32, 36, 56, 49, 43, 37, 32, 43, 1, 1, 1, 1, 1, 1, 2, 1, 6, 5, 7, 5, 7, 6, 5, 9]"
graph_corruption,pool_swaps_4,30,20000,67.19999999999979,True,0.39858873360358493,"[19652, 28, 57, 40, 33, 20, 27, 63, 26, 1, 1, 1, 1, 1, 1, 1, 1, 6, 6, 5, 5, 6, 5, 8, 5]"
graph_corruption,pool_swaps_4,31,20000,73.19999999999999,True,0.4733619563399039,"[19620, 20, 26, 44, 51, 31, 53, 59, 37, 1, 1, 1, 1, 2, 1, 2, 1, 5, 6, 8, 6, 6, 7, 7, 4]"
graph_corruption,pool_swaps_4,32,20000,75.0,True,0.6218471999636688,"[19605, 9, 33, 46, 43, 45, 36, 42, 80, 3, 2, 2, 2, 2, 2, 2, 2, 5, 5, 6, 7, 5, 6, 4, 6]"
graph_corruption,pool_swaps_4,33,20000,77.70000000000012,True,0.45251500155658986,"[19587, 44, 44, 20, 38, 58, 41, 51, 59, 1, 2, 2, 1, 1, 2, 1, 1, 5, 4, 8, 6, 6, 5, 5, 8]"
graph_corruption,pool_swaps_4,34,20000,81.30000000000024,True,0.3495093142020603,"[19560, 26, 31, 62, 49, 43, 36, 60, 76, 1, 2, 1, 1, 1, 2, 2, 2, 7, 5, 4, 5, 7, 5, 7, 5]"
graph_corruption,pool_swaps_4,35,20000,68.24999999999982,True,0.353044561619024,"[19636, 45, 35, 42, 38, 32, 32, 36, 53, 1, 1, 1, 2, 2, 2, 1, 1, 5, 6, 4, 5, 5, 4, 7, 4]"
graph_corruption,pool_swaps_4,36,20000,91.05000000000057,True,0.41582569286550497,"[19506, 52, 43, 57, 77, 60, 55, 34, 50, 3, 2, 3, 2, 2, 2, 3, 2, 8, 6, 7, 5, 4, 6, 6, 5]"
graph_corruption,pool_swaps_4,37,20000,76.3500000000001,True,0.35448189099478816,"[19592, 50, 37, 76, 31, 38, 40, 50, 29, 2, 1, 1, 2, 2, 1, 2, 2, 7, 5, 6, 5, 5, 6, 5, 5]"
graph_corruption,pool_swaps_4,38,20000,67.79999999999978,True,0.44331994294745897,"[19634, 39, 45, 33, 49, 32, 48, 31, 42, 1, 1, 1, 1, 1, 1, 1, 1, 4, 4, 5, 7, 6, 3, 4, 6]"
graph_corruption,pool_swaps_4,39,20000,73.50000000000003,True,0.5216836257910117,"[19620, 48, 46, 53, 59, 34, 20, 47, 12, 2, 1, 2, 1, 1, 2, 2, 1, 5, 7, 6, 7, 3, 5, 9, 7]"
