profile,world,mode,horizon,prefix_days,bursty_block,any_violation,violated_rounds,final_max_width,final_fraction_arms_outside_pointwise95,final_pointwise95_max_width
ar1,0,known,800,365,25,0,0,4.171177948310313,0.0,1.1274500951271935
ar1,0,fitted,800,365,25,0,0,4.863961696569164,0.0,1.3149142559133329
ar1,0,fitted_inflated,800,365,25,0,0,5.8087843099007035,0.0,1.6092218802641691
ar1,0,wrong_order_or_diagonal,800,365,25,0,0,4.936400470556874,0.0,1.3379498734909507
ar1,1,known,800,365,25,0,0,4.171177948310313,0.3333333333333333,1.1274500951271935
ar1,1,fitted,800,365,25,0,0,4.493264997200747,0.3333333333333333,1.2105101172379
ar1,1,fitted_inflated,800,365,25,0,0,5.367577723599969,0.16666666666666666,1.4816035669137229
ar1,1,wrong_order_or_diagonal,800,365,25,0,0,4.5425074952868,0.16666666666666666,1.2264765731090677
ar1,2,known,800,365,25,0,0,4.171177948310313,0.0,1.1274500951271935
ar1,2,fitted,800,365,25,0,0,6.121135006397211,0.16666666666666666,1.659043441298119
ar1,2,fitted_inflated,800,365,25,0,0,7.3086307987926284,0.0,2.0302128670444404
ar1,2,wrong_order_or_diagonal,800,365,25,0,0,6.219733243675792,0.16666666666666666,1.6904087521123479
ar1,3,known,800,365,25,0,0,4.171177948310313,0.0,1.1274500951271935
ar1,3,fitted,800,365,25,0,0,4.023832471722643,0.0,1.0600465670589274
ar1,3,fitted_inflated,800,365,25,0,0,4.811849139144126,0.0,1.2973586892302609
ar1,3,wrong_order_or_diagonal,800,365,25,0,0,4.069569928223226,0.0,1.0741527302282297
ar1,4,known,800,365,25,0,0,4.171177948310313,0.0,1.1274500951271935
ar1,4,fitted,800,365,25,0,0,3.7389669070808833,0.0,0.9841221193367338
ar1,4,fitted_inflated,800,365,25,0,0,4.471324139948686,0.0,1.2044218092744534
ar1,4,wrong_order_or_diagonal,800,365,25,0,0,3.7903267372053735,0.0,0.9995688304766509
ar1,5,known,800,365,25,0,0,4.171177948310313,0.0,1.1274500951271935
ar1,5,fitted,800,365,25,0,0,4.118337529944256,0.0,1.0978587003046063
ar1,5,fitted_inflated,800,365,25,0,0,4.9217828775620065,0.0,1.3435753041902125
ar1,5,wrong_order_or_diagonal,800,365,25,0,0,4.177807351888477,0.0,1.1168324480369523
ar1,6,known,800,365,25,0,0,4.171177948310313,0.16666666666666666,1.1274500951271935
ar1,6,fitted,800,365,25,0,0,4.34249361871825,0.3333333333333333,1.1439782431080332
ar1,6,fitted_inflated,800,365,25,0,0,5.192780755580983,0.16666666666666666,1.4000411182939108
ar1,6,wrong_order_or_diagonal,800,365,25,0,0,4.405277469032722,0.16666666666666666,1.1628856164521986
ar1,7,known,800,365,25,0,0,4.171177948310313,0.0,1.1274500951271935
ar1,7,fitted,800,365,25,0,0,5.025179089830056,0.3333333333333333,1.3463075586879787
ar1,7,fitted_inflated,800,365,25,0,0,6.004095855561932,0.0,1.6476512967947305
ar1,7,wrong_order_or_diagonal,800,365,25,0,0,5.0885226960287575,0.3333333333333333,1.3662636284775853
ar1,8,known,800,365,25,0,0,4.171177948310313,0.16666666666666666,1.1274500951271935
ar1,8,fitted,800,365,25,0,0,4.568686205707999,0.16666666666666666,1.2190366631675031
ar1,8,fitted_inflated,800,365,25,0,0,5.4599839080923065,0.16666666666666666,1.4919409659465088
ar1,8,wrong_order_or_diagonal,800,365,25,0,0,4.622208523107437,0.16666666666666666,1.2360596079885966
ar1,9,known,800,365,25,0,0,4.171177948310313,0.16666666666666666,1.1274500951271935
ar1,9,fitted,800,365,25,0,0,3.7688624132968758,0.16666666666666666,1.0000568393553586
ar1,9,fitted_inflated,800,365,25,0,0,4.505439800885295,0.0,1.2239620065877788
ar1,9,wrong_order_or_diagonal,800,365,25,0,0,3.8219753616624876,0.16666666666666666,1.0165853264795295
ar1,10,known,800,365,25,0,0,4.171177948310313,0.0,1.1274500951271935
ar1,10,fitted,800,365,25,0,0,4.327771636273359,0.0,1.148759588644918
ar1,10,fitted_inflated,800,365,25,0,0,5.17332538082108,0.0,1.4059113054858554
ar1,10,wrong_order_or_diagonal,800,365,25,0,0,4.375409788012144,0.0,1.1641286953675287
ar1,11,known,800,365,25,0,0,4.171177948310313,0.0,1.1274500951271935
ar1,11,fitted,800,365,25,0,0,5.331208009055161,0.16666666666666666,1.4383639540224764
ar1,11,fitted_inflated,800,365,25,0,0,6.367623381228328,0.0,1.7603504605538942
ar1,11,wrong_order_or_diagonal,800,365,25,0,0,5.404517712714769,0.16666666666666666,1.4616647923432162
ar1,12,known,800,365,25,0,0,4.171177948310313,0.16666666666666666,1.1274500951271935
ar1,12,fitted,800,365,25,0,0,4.285201280307642,0.16666666666666666,1.1273939482541127
ar1,12,fitted_inflated,800,365,25,0,0,5.124440610255529,0.0,1.379698110094373
ar1,12,wrong_order_or_diagonal,800,365,25,0,0,4.3633733613173025,0.16666666666666666,1.150731094591717
ar1,13,known,800,365,25,0,0,4.171177948310313,0.16666666666666666,1.1274500951271935
ar1,13,fitted,800,365,25,0,0,5.071610895100458,0.16666666666666666,1.3620672969724812
ar1,13,fitted_inflated,800,365,25,0,0,6.058905414102105,0.16666666666666666,1.6669601848071884
ar1,13,wrong_order_or_diagonal,800,365,25,0,0,5.119378673487705,0.16666666666666666,1.3784448976316523
ar1,14,known,800,365,25,0,0,4.171177948310313,0.0,1.1274500951271935
ar1,14,fitted,800,365,25,0,0,4.266747427476073,0.0,1.1551882453912912
ar1,14,fitted_inflated,800,365,25,0,0,5.095371665860823,0.0,1.4138015432370086
ar1,14,wrong_order_or_diagonal,800,365,25,0,0,4.319771115210393,0.0,1.172964221707978
ar1,15,known,800,365,25,0,0,4.171177948310313,0.16666666666666666,1.1274500951271935
ar1,15,fitted,800,365,25,0,0,4.598207581353716,0.16666666666666666,1.23485657436125
ar1,15,fitted_inflated,800,365,25,0,0,5.493336793974477,0.0,1.511260474183008
ar1,15,wrong_order_or_diagonal,800,365,25,0,0,4.672909219922738,0.0,1.258010107830397
ar1,16,known,800,365,25,0,0,4.171177948310313,0.0,1.1274500951271935
ar1,16,fitted,800,365,25,0,0,4.505525743107645,0.0,1.2046141783151918
ar1,16,fitted_inflated,800,365,25,0,0,5.384009143848167,0.0,1.47431217548267
ar1,16,wrong_order_or_diagonal,800,365,25,0,0,4.55761755550637,0.0,1.2209632594726323
ar1,17,known,800,365,25,0,0,4.171177948310313,0.0,1.1274500951271935
ar1,17,fitted,800,365,25,0,0,4.751633842828649,0.0,1.292318866322749
ar1,17,fitted_inflated,800,365,25,0,0,5.673302921215552,0.0,1.5816886672430719
ar1,17,wrong_order_or_diagonal,800,365,25,0,0,4.8074064715663285,0.0,1.3110693765174948
ar1,18,known,800,365,25,0,0,4.171177948310313,0.0,1.1274500951271935
ar1,18,fitted,800,365,25,0,0,4.256174183147732,0.0,1.1407294462257596
ar1,18,fitted_inflated,800,365,25,0,0,5.085191822759243,0.0,1.3960562220427097
ar1,18,wrong_order_or_diagonal,800,365,25,0,0,4.3231902025847395,0.0,1.1617545121704451
ar1,19,known,800,365,25,0,0,4.171177948310313,0.16666666666666666,1.1274500951271935
ar1,19,fitted,800,365,25,0,0,4.842663070850404,0.16666666666666666,1.2819598416123927
ar1,19,fitted_inflated,800,365,25,0,0,5.789503181679088,0.16666666666666666,1.5689089580076603
ar1,19,wrong_order_or_diagonal,800,365,25,0,0,4.8979701742120225,0.3333333333333333,1.2993203079030011
ar1,20,known,800,365,25,0,0,4.171177948310313,0.0,1.1274500951271935
ar1,20,fitted,800,365,25,0,0,4.652422418126313,0.0,1.2277112151950058
ar1,20,fitted_inflated,800,365,25,0,0,5.562963684908669,0.0,1.5025260966671308
ar1,20,wrong_order_or_diagonal,800,365,25,0,0,4.697718462849079,0.0,1.2418203302528992
ar1,21,known,800,365,25,0,0,4.171177948310313,0.16666666666666666,1.1274500951271935
ar1,21,fitted,800,365,25,0,0,5.030701862900314,0.3333333333333333,1.3496624141435514
ar1,21,fitted_inflated,800,365,25,0,0,6.010078652725503,0.16666666666666666,1.6517027669079174
ar1,21,wrong_order_or_diagonal,800,365,25,0,0,5.1316008339724535,0.3333333333333333,1.3800945814107963
ar1,22,known,800,365,25,0,0,4.171177948310313,0.0,1.1274500951271935
ar1,22,fitted,800,365,25,0,0,4.862862414902754,0.0,1.3083923820688976
ar1,22,fitted_inflated,800,365,25,0,0,5.809031086764173,0.0,1.6012805673825523
ar1,22,wrong_order_or_diagonal,800,365,25,0,0,4.908853377159126,0.0,1.3245327196818057
ar1,23,known,800,365,25,0,0,4.171177948310313,0.16666666666666666,1.1274500951271935
ar1,23,fitted,800,365,25,0,0,4.473402043883374,0.3333333333333333,1.1917038243043303
ar1,23,fitted_inflated,800,365,25,0,0,5.346350473004201,0.0,1.4584411615362929
ar1,23,wrong_order_or_diagonal,800,365,25,0,0,4.543423504998735,0.0,1.213166648739122
ar1,24,known,800,365,25,0,0,4.171177948310313,0.0,1.1274500951271935
ar1,24,fitted,800,365,25,0,0,4.83010657841363,0.16666666666666666,1.2848103425581878
ar1,24,fitted_inflated,800,365,25,0,0,5.77334840705093,0.16666666666666666,1.5724557455944004
ar1,24,wrong_order_or_diagonal,800,365,25,0,0,4.890353826409856,0.16666666666666666,1.3040403623915593
ar1,25,known,800,365,25,0,0,4.171177948310313,0.0,1.1274500951271935
ar1,25,fitted,800,365,25,0,0,4.220133959365634,0.16666666666666666,1.1230566191688751
ar1,25,fitted_inflated,800,365,25,0,0,5.044211294801549,0.0,1.374509079926441
ar1,25,wrong_order_or_diagonal,800,365,25,0,0,4.265470251350741,0.16666666666666666,1.1375337931204301
ar1,26,known,800,365,25,0,0,4.171177948310313,0.0,1.1274500951271935
ar1,26,fitted,800,365,25,0,0,4.8061049172937,0.16666666666666666,1.2961652571137752
ar1,26,fitted_inflated,800,365,25,0,0,5.740472789675131,0.0,1.586296653245586
ar1,26,wrong_order_or_diagonal,800,365,25,0,0,4.886763644988527,0.16666666666666666,1.3218301616607144
ar1,27,known,800,365,25,0,0,4.171177948310313,0.0,1.1274500951271935
ar1,27,fitted,800,365,25,0,0,4.836542480481499,0.0,1.2808465641057214
ar1,27,fitted_inflated,800,365,25,0,0,5.782260323486673,0.0,1.5675880913727738
ar1,27,wrong_order_or_diagonal,800,365,25,0,0,4.88992950934719,0.0,1.2984320106516178
ar1,28,known,800,365,25,0,0,4.171177948310313,0.0,1.1274500951271935
ar1,28,fitted,800,365,25,0,0,4.059446161261245,0.16666666666666666,1.0654815989004607
ar1,28,fitted_inflated,800,365,25,0,0,4.8553044925266,0.16666666666666666,1.3040098183990354
ar1,28,wrong_order_or_diagonal,800,365,25,0,0,4.108995168627938,0.16666666666666666,1.080752165119402
ar1,29,known,800,365,25,0,0,4.171177948310313,0.0,1.1274500951271935
ar1,29,fitted,800,365,25,0,0,4.88986221288669,0.0,1.3295342898672835
ar1,29,fitted_inflated,800,365,25,0,0,5.8382198929900335,0.0,1.6271772933554047
ar1,29,wrong_order_or_diagonal,800,365,25,0,0,4.956105080625024,0.0,1.350955636330207
ar7,0,known,800,365,25,0,0,3.5394096736851193,0.0,0.9360735380984837
ar7,0,fitted,800,365,25,0,0,3.9085880373707718,0.0,1.028109072723507
ar7,0,fitted_inflated,800,365,25,0,0,4.675377528541313,0.0,1.258585565916351
ar7,0,wrong_order_or_diagonal,800,365,25,0,0,2.548466122771077,0.16666666666666666,0.6434426001623448
ar7,1,known,800,365,25,0,0,3.5394096736851193,0.16666666666666666,0.9360735380984837
ar7,1,fitted,800,365,25,0,0,3.9063991324726786,0.16666666666666666,1.0314133591413654
ar7,1,fitted_inflated,800,365,25,0,0,4.672132761634312,0.16666666666666666,1.2626923067462978
ar7,1,wrong_order_or_diagonal,800,365,25,0,0,2.6445863732098442,0.5,0.6677814200399101
ar7,2,known,800,365,25,0,0,3.5394096736851193,0.16666666666666666,0.9360735380984837
ar7,2,fitted,800,365,25,0,0,5.561447959443346,0.16666666666666666,1.4854178480354854
ar7,2,fitted_inflated,800,365,25,0,0,6.647037499651966,0.16666666666666666,1.818281842240102
ar7,2,wrong_order_or_diagonal,800,365,25,0,0,3.392534219335156,0.16666666666666666,0.8613105951644484
ar7,3,known,800,365,25,0,0,3.5394096736851193,0.0,0.9360735380984837
ar7,3,fitted,800,365,25,0,0,3.575665591096106,0.0,0.9218591377817651
ar7,3,fitted_inflated,800,365,25,0,0,4.281364963269995,0.0,1.12855108035902
ar7,3,wrong_order_or_diagonal,800,365,25,0,0,2.325090213356474,0.0,0.5787743790673955
ar7,4,known,800,365,25,0,0,3.5394096736851193,0.0,0.9360735380984837
ar7,4,fitted,800,365,25,0,0,3.5717380505831007,0.16666666666666666,0.9192607733590358
ar7,4,fitted_inflated,800,365,25,0,0,4.277003734000482,0.16666666666666666,1.1253702325318757
ar7,4,wrong_order_or_diagonal,800,365,25,0,0,2.233851850223979,0.3333333333333333,0.5554727758603121
ar7,5,known,800,365,25,0,0,3.5394096736851193,0.0,0.9360735380984837
ar7,5,fitted,800,365,25,0,0,3.6846803257113643,0.0,0.9570108847346236
ar7,5,fitted_inflated,800,365,25,0,0,4.410200818551909,0.0,1.1715429855038952
ar7,5,wrong_order_or_diagonal,800,365,25,0,0,2.422333448903544,0.0,0.606118004331744
ar7,6,known,800,365,25,0,0,3.5394096736851193,0.16666666666666666,0.9360735380984837
ar7,6,fitted,800,365,25,0,0,3.397383005295259,0.16666666666666666,0.8742874450283598
ar7,6,fitted_inflated,800,365,25,0,0,4.068013891248898,0.16666666666666666,1.0702500623626503
ar7,6,wrong_order_or_diagonal,800,365,25,0,0,2.671689057747574,0.16666666666666666,0.6665034147377237
ar7,7,known,800,365,25,0,0,3.5394096736851193,0.16666666666666666,0.9360735380984837
ar7,7,fitted,800,365,25,0,0,4.662359409502958,0.16666666666666666,1.227430114251634
ar7,7,fitted_inflated,800,365,25,0,0,5.576776830077178,0.0,1.5025827426402445
ar7,7,wrong_order_or_diagonal,800,365,25,0,0,3.164016209450664,0.3333333333333333,0.801184334298509
ar7,8,known,800,365,25,0,0,3.5394096736851193,0.0,0.9360735380984837
ar7,8,fitted,800,365,25,1,15,3.702807743891399,0.16666666666666666,0.9617396859704542
ar7,8,fitted_inflated,800,365,25,0,0,4.431937470681904,0.0,1.177336437775431
ar7,8,wrong_order_or_diagonal,800,365,25,1,38,2.477576787642081,0.16666666666666666,0.6209312418163276
ar7,9,known,800,365,25,0,0,3.5394096736851193,0.16666666666666666,0.9360735380984837
ar7,9,fitted,800,365,25,0,0,3.6964066351118436,0.16666666666666666,0.961996842567574
ar7,9,fitted_inflated,800,365,25,0,0,4.423980666456066,0.0,1.1776910578984228
ar7,9,wrong_order_or_diagonal,800,365,25,0,0,2.321994684486021,0.3333333333333333,0.5820719386442669
ar7,10,known,800,365,25,0,0,3.5394096736851193,0.0,0.9360735380984837
ar7,10,fitted,800,365,25,0,0,3.9422456251213194,0.0,1.020687874702394
ar7,10,fitted_inflated,800,365,25,0,0,4.71927145715785,0.0,1.249511089651066
ar7,10,wrong_order_or_diagonal,800,365,25,0,0,2.687031566804443,0.0,0.6707279340967737
ar7,11,known,800,365,25,0,0,3.5394096736851193,0.0,0.9360735380984837
ar7,11,fitted,800,365,25,0,0,4.315284856333223,0.16666666666666666,1.1324759708411258
ar7,11,fitted_inflated,800,365,25,0,0,5.162541245561013,0.0,1.3863737387478579
ar7,11,wrong_order_or_diagonal,800,365,25,0,0,2.7912388471579312,0.16666666666666666,0.7005580940486427
ar7,12,known,800,365,25,0,0,3.5394096736851193,0.16666666666666666,0.9360735380984837
ar7,12,fitted,800,365,25,0,0,3.123060167411881,0.3333333333333333,0.7979788247821191
ar7,12,fitted_inflated,800,365,25,0,0,3.740900794683901,0.0,0.9768704720474815
ar7,12,wrong_order_or_diagonal,800,365,25,0,0,2.1976499526959783,0.5,0.5433657813757053
ar7,13,known,800,365,25,0,0,3.5394096736851193,0.0,0.9360735380984837
ar7,13,fitted,800,365,25,0,0,4.347676060792508,0.0,1.1374303049820962
ar7,13,fitted_inflated,800,365,25,0,0,5.202024155671701,0.0,1.3924275197522828
ar7,13,wrong_order_or_diagonal,800,365,25,0,0,3.001443394027647,0.16666666666666666,0.757837604207933
ar7,14,known,800,365,25,0,0,3.5394096736851193,0.16666666666666666,0.9360735380984837
ar7,14,fitted,800,365,25,0,0,3.631767431857239,0.16666666666666666,0.957943426701889
ar7,14,fitted_inflated,800,365,25,0,0,4.343618471337064,0.0,1.1726793320285367
ar7,14,wrong_order_or_diagonal,800,365,25,0,0,2.660049897166606,0.16666666666666666,0.6733335434858799
ar7,15,known,800,365,25,0,0,3.5394096736851193,0.0,0.9360735380984837
ar7,15,fitted,800,365,25,0,0,4.13867835585443,0.0,1.084717229777145
ar7,15,fitted_inflated,800,365,25,0,0,4.951492788470432,0.0,1.3278873702307785
ar7,15,wrong_order_or_diagonal,800,365,25,0,0,2.8242038841865136,0.16666666666666666,0.7120758030741768
ar7,16,known,800,365,25,0,0,3.5394096736851193,0.0,0.9360735380984837
ar7,16,fitted,800,365,25,0,0,3.6465825870113595,0.0,0.9501991603557987
ar7,16,fitted_inflated,800,365,25,0,0,4.363942380077999,0.0,1.1632085533134138
ar7,16,wrong_order_or_diagonal,800,365,25,0,0,2.7099327184105055,0.3333333333333333,0.6803901544610658
ar7,17,known,800,365,25,0,0,3.5394096736851193,0.3333333333333333,0.9360735380984837
ar7,17,fitted,800,365,25,0,0,4.008977832490958,0.16666666666666666,1.0667564151950248
ar7,17,fitted_inflated,800,365,25,0,0,4.7927701524947475,0.0,1.3059031757814634
ar7,17,wrong_order_or_diagonal,800,365,25,0,0,2.590661609712152,0.5,0.6558437759277724
ar7,18,known,800,365,25,0,0,3.5394096736851193,0.0,0.9360735380984837
ar7,18,fitted,800,365,25,0,0,3.994971865415688,0.0,1.0499684993435867
ar7,18,fitted_inflated,800,365,25,0,0,4.7788887972698815,0.0,1.2853405261880673
ar7,18,wrong_order_or_diagonal,800,365,25,0,0,2.512651779901972,0.0,0.6320284018943896
ar7,19,known,800,365,25,0,0,3.5394096736851193,0.16666666666666666,0.9360735380984837
ar7,19,fitted,800,365,25,0,0,4.65484639940324,0.3333333333333333,1.2090543272936944
ar7,19,fitted_inflated,800,365,25,0,0,5.571405380923608,0.16666666666666666,1.4800902950381998
ar7,19,wrong_order_or_diagonal,800,365,25,0,0,2.7729386106896166,0.5,0.6929631597542846
ar7,20,known,800,365,25,0,0,3.5394096736851193,0.0,0.9360735380984837
ar7,20,fitted,800,365,25,0,0,4.205583120649024,0.0,1.081103696951761
ar7,20,fitted_inflated,800,365,25,0,0,5.036224822669005,0.0,1.323478772309445
ar7,20,wrong_order_or_diagonal,800,365,25,0,0,2.740982918587134,0.16666666666666666,0.6829911666362609
ar7,21,known,800,365,25,0,0,3.5394096736851193,0.16666666666666666,0.9360735380984837
ar7,21,fitted,800,365,25,0,0,3.8953395982819665,0.3333333333333333,1.0204259035903014
ar7,21,fitted_inflated,800,365,25,0,0,4.660419034627543,0.16666666666666666,1.2491692934256593
ar7,21,wrong_order_or_diagonal,800,365,25,0,0,2.565992976485848,0.3333333333333333,0.6444075273082508
ar7,22,known,800,365,25,0,0,3.5394096736851193,0.0,0.9360735380984837
ar7,22,fitted,800,365,25,0,0,4.149804672470009,0.0,1.091984506623921
ar7,22,fitted_inflated,800,365,25,0,0,4.96388512283747,0.0,1.3367951643950702
ar7,22,wrong_order_or_diagonal,800,365,25,0,0,2.6873340334641798,0.16666666666666666,0.6774340031558931
ar7,23,known,800,365,25,0,0,3.5394096736851193,0.16666666666666666,0.9360735380984837
ar7,23,fitted,800,365,25,0,0,3.6910443051288295,0.0,0.9577896410399178
ar7,23,fitted_inflated,800,365,25,0,0,4.418020670124536,0.0,1.1724969347723482
ar7,23,wrong_order_or_diagonal,800,365,25,0,0,2.670717648313889,0.16666666666666666,0.6672018241728004
ar7,24,known,800,365,25,0,0,3.5394096736851193,0.16666666666666666,0.9360735380984837
ar7,24,fitted,800,365,25,0,0,3.8389907278742124,0.16666666666666666,0.9964054095754334
ar7,24,fitted_inflated,800,365,25,0,0,4.595117736738932,0.16666666666666666,1.2197820064512634
ar7,24,wrong_order_or_diagonal,800,365,25,0,0,2.559409855189108,0.16666666666666666,0.6411383565150127
ar7,25,known,800,365,25,0,0,3.5394096736851193,0.0,0.9360735380984837
ar7,25,fitted,800,365,25,0,0,3.6446303704295167,0.16666666666666666,0.9450011687790993
ar7,25,fitted_inflated,800,365,25,0,0,4.362592933956015,0.0,1.156833360733144
ar7,25,wrong_order_or_diagonal,800,365,25,0,0,2.3243840168932848,0.3333333333333333,0.5774279161484445
ar7,26,known,800,365,25,0,0,3.5394096736851193,0.0,0.9360735380984837
ar7,26,fitted,800,365,25,0,0,3.8758040971935435,0.0,1.021880248486063
ar7,26,fitted_inflated,800,365,25,0,0,4.635626280838661,0.0,1.2509582652386868
ar7,26,wrong_order_or_diagonal,800,365,25,0,0,2.6944947422079255,0.5,0.6825648473413183
ar7,27,known,800,365,25,0,0,3.5394096736851193,0.0,0.9360735380984837
ar7,27,fitted,800,365,25,0,0,4.436428203880839,0.0,1.1538158614105412
ar7,27,fitted_inflated,800,365,25,0,0,5.309857994783844,0.0,1.4125169302519438
ar7,27,wrong_order_or_diagonal,800,365,25,0,0,2.7247987289654665,0.0,0.6787272051051154
ar7,28,known,800,365,25,0,0,3.5394096736851193,0.0,0.9360735380984837
ar7,28,fitted,800,365,25,0,0,3.4125906442229565,0.16666666666666666,0.8728632655040984
ar7,28,fitted_inflated,800,365,25,0,0,4.087607060100548,0.16666666666666666,1.0685640092372481
ar7,28,wrong_order_or_diagonal,800,365,25,0,0,2.4018469829992797,0.16666666666666666,0.5949672885777632
ar7,29,known,800,365,25,0,0,3.5394096736851193,0.0,0.9360735380984837
ar7,29,fitted,800,365,25,0,0,4.47335503964876,0.0,1.1949811446018401
ar7,29,fitted_inflated,800,365,25,0,0,5.347013841062285,0.0,1.4629027115047135
ar7,29,wrong_order_or_diagonal,800,365,25,0,0,2.997414597252378,0.0,0.7652132272093559
ar20,0,known,800,365,25,0,0,5.00994809917638,0.0,1.3780941986428883
ar20,0,fitted,800,365,25,1,6,4.750665682829479,0.0,1.2637673873249362
ar20,0,fitted_inflated,800,365,25,0,0,5.679399738633998,0.0,1.54703136075574
ar20,0,wrong_order_or_diagonal,800,365,25,1,64,2.575370283427261,0.3333333333333333,0.6437605516859485
ar20,1,known,800,365,25,0,0,5.00994809917638,0.16666666666666666,1.3780941986428883
ar20,1,fitted,800,365,25,1,1,7.055827609444987,0.5,1.8806373586701721
ar20,1,fitted_inflated,800,365,25,0,0,8.432645663883838,0.3333333333333333,2.3016642520386608
ar20,1,wrong_order_or_diagonal,800,365,25,1,405,3.5907174207675614,1.0,0.8891849773453832
ar20,2,known,800,365,25,0,0,5.00994809917638,0.16666666666666666,1.3780941986428883
ar20,2,fitted,800,365,25,0,0,4.538560990338224,0.3333333333333333,1.1755728558950593
ar20,2,fitted_inflated,800,365,25,0,0,5.433274586990847,0.16666666666666666,1.439181176326459
ar20,2,wrong_order_or_diagonal,800,365,25,1,471,2.105012477679574,0.5,0.510066440042936
ar20,3,known,800,365,25,0,0,5.00994809917638,0.0,1.3780941986428883
ar20,3,fitted,800,365,25,0,0,3.0051172327016142,0.5,0.7647016455599606
ar20,3,fitted_inflated,800,365,25,0,0,3.600288345180492,0.16666666666666666,0.9361294207310737
ar20,3,wrong_order_or_diagonal,800,365,25,1,21,2.3179601220272787,0.8333333333333334,0.5630167035480307
ar20,4,known,800,365,25,0,0,5.00994809917638,0.0,1.3780941986428883
ar20,4,fitted,800,365,25,0,0,3.7705233495168295,0.0,0.9694028124595774
ar20,4,fitted_inflated,800,365,25,0,0,4.515284822705805,0.0,1.1867516595670762
ar20,4,wrong_order_or_diagonal,800,365,25,0,0,1.746998577809847,0.6666666666666666,0.4227402980242373
ar20,5,known,800,365,25,0,0,5.00994809917638,0.0,1.3780941986428883
ar20,5,fitted,800,365,25,0,0,3.441889354235614,0.16666666666666666,0.8891462024246714
ar20,5,fitted_inflated,800,365,25,0,0,4.120783378632322,0.16666666666666666,1.0885004222949461
ar20,5,wrong_order_or_diagonal,800,365,25,1,37,1.9090086072489705,0.16666666666666666,0.4646762421831588
ar20,6,known,800,365,25,0,0,5.00994809917638,0.16666666666666666,1.3780941986428883
ar20,6,fitted,800,365,25,0,0,5.249358399418781,0.3333333333333333,1.4037745144629998
ar20,6,fitted_inflated,800,365,25,0,0,6.274000429390239,0.3333333333333333,1.7184434545771126
ar20,6,wrong_order_or_diagonal,800,365,25,0,0,4.6666889967880305,0.3333333333333333,1.2036192398258543
ar20,7,known,800,365,25,0,0,5.00994809917638,0.16666666666666666,1.3780941986428883
ar20,7,fitted,800,365,25,0,0,5.0786939574704,0.16666666666666666,1.350219704760433
ar20,7,fitted_inflated,800,365,25,0,0,6.071935768564675,0.16666666666666666,1.6529231734236933
ar20,7,wrong_order_or_diagonal,800,365,25,1,33,2.374646917445531,0.5,0.5874065612472662
ar20,8,known,800,365,25,0,0,5.00994809917638,0.0,1.3780941986428883
ar20,8,fitted,800,365,25,0,0,4.229648315726974,0.3333333333333333,1.1118453574931002
ar20,8,fitted_inflated,800,365,25,0,0,5.059863481644884,0.0,1.3611747430222672
ar20,8,wrong_order_or_diagonal,800,365,25,0,0,2.2910808818259376,0.5,0.5608376970198308
ar20,9,known,800,365,25,0,0,5.00994809917638,0.0,1.3780941986428883
ar20,9,fitted,800,365,25,0,0,4.575281374969091,0.16666666666666666,1.201740295803715
ar20,9,fitted_inflated,800,365,25,0,0,5.473159922208214,0.16666666666666666,1.4711132265130469
ar20,9,wrong_order_or_diagonal,800,365,25,0,0,2.444786565442558,0.5,0.6005165760360275
ar20,10,known,800,365,25,0,0,5.00994809917638,0.0,1.3780941986428883
ar20,10,fitted,800,365,25,0,0,7.861497575361519,0.16666666666666666,2.1195230360413966
ar20,10,fitted_inflated,800,365,25,0,0,9.388750019982872,0.16666666666666666,2.5936447580422937
ar20,10,wrong_order_or_diagonal,800,365,25,0,0,3.8507941765740066,0.16666666666666666,0.971266919322942
ar20,11,known,800,365,25,0,0,5.00994809917638,0.16666666666666666,1.3780941986428883
ar20,11,fitted,800,365,25,0,0,3.997748291060644,0.16666666666666666,1.0436482174595652
ar20,11,fitted_inflated,800,365,25,0,0,4.783638278953951,0.16666666666666666,1.2775731856049888
ar20,11,wrong_order_or_diagonal,800,365,25,0,0,2.179994859694702,0.3333333333333333,0.5338559973856175
ar20,12,known,800,365,25,0,0,5.00994809917638,0.0,1.3780941986428883
ar20,12,fitted,800,365,25,0,0,4.530410804833842,0.16666666666666666,1.1920591084831196
ar20,12,fitted_inflated,800,365,25,0,0,5.4194651689606435,0.16666666666666666,1.4593829771650286
ar20,12,wrong_order_or_diagonal,800,365,25,0,0,2.1098658456760915,0.8333333333333334,0.5159860684111447
ar20,13,known,800,365,25,0,0,5.00994809917638,0.16666666666666666,1.3780941986428883
ar20,13,fitted,800,365,25,0,0,7.288504591075635,0.0,2.0092184771708204
ar20,13,fitted_inflated,800,365,25,0,0,8.694696860209666,0.0,2.458767428764365
ar20,13,wrong_order_or_diagonal,800,365,25,0,0,5.579983234949616,0.3333333333333333,1.4544769481999715
ar20,14,known,800,365,25,0,0,5.00994809917638,0.16666666666666666,1.3780941986428883
ar20,14,fitted,800,365,25,0,0,5.46104145950747,0.3333333333333333,1.4449274236561582
ar20,14,fitted_inflated,800,365,25,0,0,6.530485692921864,0.3333333333333333,1.7688176822340251
ar20,14,wrong_order_or_diagonal,800,365,25,1,36,2.4041297380246487,0.6666666666666666,0.5936723797039962
ar20,15,known,800,365,25,0,0,5.00994809917638,0.0,1.3780941986428883
ar20,15,fitted,800,365,25,0,0,5.254642723014959,0.16666666666666666,1.410563621484518
ar20,15,fitted_inflated,800,365,25,0,0,6.2789957537117465,0.16666666666666666,1.7267081966954847
ar20,15,wrong_order_or_diagonal,800,365,25,1,38,2.5041327527323274,0.5,0.6195088134092327
ar20,16,known,800,365,25,0,0,5.00994809917638,0.0,1.3780941986428883
ar20,16,fitted,800,365,25,0,0,4.6861940200687995,0.3333333333333333,1.2449907792867763
ar20,16,fitted_inflated,800,365,25,0,0,5.602970133499423,0.16666666666666666,1.5241278157904319
ar20,16,wrong_order_or_diagonal,800,365,25,1,10,2.2540957613988075,0.6666666666666666,0.5575063009568729
ar20,17,known,800,365,25,0,0,5.00994809917638,0.16666666666666666,1.3780941986428883
ar20,17,fitted,800,365,25,0,0,4.160468758996653,0.5,1.0891524756735331
ar20,17,fitted_inflated,800,365,25,0,0,4.9776953712991325,0.5,1.3332797756351533
ar20,17,wrong_order_or_diagonal,800,365,25,1,96,2.124115048074674,0.6666666666666666,0.5206565265948023
ar20,18,known,800,365,25,0,0,5.00994809917638,0.0,1.3780941986428883
ar20,18,fitted,800,365,25,0,0,5.327042432425932,0.0,1.4112129607660802
ar20,18,fitted_inflated,800,365,25,0,0,6.369847037983601,0.0,1.7275551068699901
ar20,18,wrong_order_or_diagonal,800,365,25,0,0,2.1028117661796406,0.3333333333333333,0.5155931131592402
ar20,19,known,800,365,25,0,0,5.00994809917638,0.0,1.3780941986428883
ar20,19,fitted,800,365,25,0,0,4.84953110928873,0.5,1.2605089620176433
ar20,19,fitted_inflated,800,365,25,0,0,5.804517839338655,0.3333333333333333,1.5431474552916915
ar20,19,wrong_order_or_diagonal,800,365,25,0,0,2.28110883889343,0.6666666666666666,0.5537880336878277
ar20,20,known,800,365,25,0,0,5.00994809917638,0.0,1.3780941986428883
ar20,20,fitted,800,365,25,0,0,3.9348035361358895,0.5,1.0154226086202327
ar20,20,fitted_inflated,800,365,25,0,0,4.710914832180252,0.3333333333333333,1.2430133383580477
ar20,20,wrong_order_or_diagonal,800,365,25,1,140,2.4997265497835937,0.6666666666666666,0.6102632203597269
ar20,21,known,800,365,25,0,0,5.00994809917638,0.0,1.3780941986428883
ar20,21,fitted,800,365,25,0,0,3.9488147543307246,0.5,1.0044071225651043
ar20,21,fitted_inflated,800,365,25,0,0,4.731093237211562,0.5,1.2295998467843186
ar20,21,wrong_order_or_diagonal,800,365,25,1,2,3.1280834063559766,0.6666666666666666,0.767477817889068
ar20,22,known,800,365,25,0,0,5.00994809917638,0.0,1.3780941986428883
ar20,22,fitted,800,365,25,0,0,5.212477532214621,0.16666666666666666,1.3852923666093557
ar20,22,fitted_inflated,800,365,25,0,0,6.231963610819272,0.0,1.6958510701493537
ar20,22,wrong_order_or_diagonal,800,365,25,0,0,2.48793634880382,0.3333333333333333,0.6137149936592173
ar20,23,known,800,365,25,0,0,5.00994809917638,0.0,1.3780941986428883
ar20,23,fitted,800,365,25,0,0,5.229122326249337,0.3333333333333333,1.3728238487807822
ar20,23,fitted_inflated,800,365,25,0,0,6.255520190124101,0.3333333333333333,1.6805528982671856
ar20,23,wrong_order_or_diagonal,800,365,25,0,0,2.1586953535245397,0.5,0.53092305802189
ar20,24,known,800,365,25,0,0,5.00994809917638,0.16666666666666666,1.3780941986428883
ar20,24,fitted,800,365,25,0,0,6.325417304653529,0.16666666666666666,1.6938523949133582
ar20,24,fitted_inflated,800,365,25,0,0,7.558624979355278,0.16666666666666666,2.073256601466052
ar20,24,wrong_order_or_diagonal,800,365,25,0,0,3.0861865232834482,0.3333333333333333,0.7653120036349161
ar20,25,known,800,365,25,0,0,5.00994809917638,0.0,1.3780941986428883
ar20,25,fitted,800,365,25,0,0,5.882316425552708,0.5,1.551401782953543
ar20,25,fitted_inflated,800,365,25,0,0,7.03485335419774,0.3333333333333333,1.8990291844375236
ar20,25,wrong_order_or_diagonal,800,365,25,0,0,2.5933336673148606,0.6666666666666666,0.6350760553833686
ar20,26,known,800,365,25,0,0,5.00994809917638,0.0,1.3780941986428883
ar20,26,fitted,800,365,25,0,0,4.440723923341356,0.3333333333333333,1.1649529096570599
ar20,26,fitted_inflated,800,365,25,0,0,5.31300176634454,0.0,1.4262069137426805
ar20,26,wrong_order_or_diagonal,800,365,25,1,147,1.8837565126722429,0.8333333333333334,0.45922456704022363
ar20,27,known,800,365,25,0,0,5.00994809917638,0.0,1.3780941986428883
ar20,27,fitted,800,365,25,0,0,6.783897620945709,0.0,1.792202198305992
ar20,27,fitted_inflated,800,365,25,0,0,8.111834437482942,0.0,2.1936128288777015
ar20,27,wrong_order_or_diagonal,800,365,25,1,69,2.9254881251600673,0.3333333333333333,0.7313961805894028
ar20,28,known,800,365,25,0,0,5.00994809917638,0.0,1.3780941986428883
ar20,28,fitted,800,365,25,0,0,4.822005307458187,0.3333333333333333,1.2642860707300003
ar20,28,fitted_inflated,800,365,25,0,0,5.769211914842489,0.16666666666666666,1.5477958708420911
ar20,28,wrong_order_or_diagonal,800,365,25,1,2,2.8184594686857642,0.8333333333333334,0.695081405015442
ar20,29,known,800,365,25,0,0,5.00994809917638,0.0,1.3780941986428883
ar20,29,fitted,800,365,25,0,0,6.289084011022572,0.16666666666666666,1.667120925757959
ar20,29,fitted_inflated,800,365,25,0,0,7.519175209466254,0.16666666666666666,2.0406044571845
ar20,29,wrong_order_or_diagonal,800,365,25,0,0,2.5592169403567464,0.6666666666666666,0.6375808244042426
heterogeneous,0,known,800,365,25,0,0,2.9867658386663583,0.0,0.7541870087805915
heterogeneous,0,fitted,800,365,25,0,0,3.060141169474832,0.0,0.7729537565215117
heterogeneous,0,fitted_inflated,800,365,25,0,0,3.666812667917101,0.0,0.9460667701822387
heterogeneous,0,wrong_order_or_diagonal,800,365,25,0,0,2.5167026063610614,0.0,0.6225476224579943
heterogeneous,1,known,800,365,25,0,0,2.9867658386663583,0.3333333333333333,0.7541870087805915
heterogeneous,1,fitted,800,365,25,0,0,3.1714107794007025,0.3333333333333333,0.8016658998657467
heterogeneous,1,fitted_inflated,800,365,25,0,0,3.8006350493937835,0.0,0.9813665105069445
heterogeneous,1,wrong_order_or_diagonal,800,365,25,0,0,2.449133317786906,0.3333333333333333,0.6046246237272421
heterogeneous,2,known,800,365,25,0,0,2.9867658386663583,0.0,0.7541870087805915
heterogeneous,2,fitted,800,365,25,0,0,3.95739148584508,0.16666666666666666,0.999616533634026
heterogeneous,2,fitted_inflated,800,365,25,0,0,4.7427248704319975,0.0,1.2236919719428947
heterogeneous,2,wrong_order_or_diagonal,800,365,25,0,0,2.320479724279394,0.16666666666666666,0.571647708155847
heterogeneous,3,known,800,365,25,0,0,2.9867658386663583,0.0,0.7541870087805915
heterogeneous,3,fitted,800,365,25,0,0,2.3809932690646693,0.0,0.5922036595241364
heterogeneous,3,fitted_inflated,800,365,25,0,0,2.8543847532613307,0.0,0.7246840259767221
heterogeneous,3,wrong_order_or_diagonal,800,365,25,0,0,2.324174291212271,0.16666666666666666,0.5683605648546735
heterogeneous,4,known,800,365,25,0,0,2.9867658386663583,0.16666666666666666,0.7541870087805915
heterogeneous,4,fitted,800,365,25,0,0,2.6991475895797383,0.16666666666666666,0.6731742899281299
heterogeneous,4,fitted_inflated,800,365,25,0,0,3.236380623754174,0.0,0.8240166166489679
heterogeneous,4,wrong_order_or_diagonal,800,365,25,0,0,2.527694057646084,0.16666666666666666,0.6185396352319192
heterogeneous,5,known,800,365,25,0,0,2.9867658386663583,0.0,0.7541870087805915
heterogeneous,5,fitted,800,365,25,0,0,2.8558048795433253,0.16666666666666666,0.717349023492167
heterogeneous,5,fitted_inflated,800,365,25,0,0,3.4226340160050324,0.0,0.8779606323981705
heterogeneous,5,wrong_order_or_diagonal,800,365,25,0,0,2.3164930979296896,0.0,0.5696008938490856
heterogeneous,6,known,800,365,25,0,0,2.9867658386663583,0.16666666666666666,0.7541870087805915
heterogeneous,6,fitted,800,365,25,0,0,2.3573820796906864,0.16666666666666666,0.5879303845002951
heterogeneous,6,fitted_inflated,800,365,25,0,0,2.8260717145329464,0.16666666666666666,0.7195416867813502
heterogeneous,6,wrong_order_or_diagonal,800,365,25,0,0,2.424421204667811,0.16666666666666666,0.5918083337373571
heterogeneous,7,known,800,365,25,0,0,2.9867658386663583,0.0,0.7541870087805915
heterogeneous,7,fitted,800,365,25,0,0,2.9946924935137553,0.0,0.7515134572780022
heterogeneous,7,fitted_inflated,800,365,25,0,0,3.589742457004335,0.0,0.9199035189261872
heterogeneous,7,wrong_order_or_diagonal,800,365,25,0,0,2.4321129054272137,0.16666666666666666,0.5997490078031613
heterogeneous,8,known,800,365,25,0,0,2.9867658386663583,0.3333333333333333,0.7541870087805915
heterogeneous,8,fitted,800,365,25,0,0,3.2838350443759956,0.3333333333333333,0.8275572578091465
heterogeneous,8,fitted_inflated,800,365,25,0,0,3.9359412632396893,0.16666666666666666,1.0130686526630461
heterogeneous,8,wrong_order_or_diagonal,800,365,25,0,0,2.5081827098053315,0.3333333333333333,0.6184993859273119
heterogeneous,9,known,800,365,25,0,0,2.9867658386663583,0.16666666666666666,0.7541870087805915
heterogeneous,9,fitted,800,365,25,0,0,2.798941225025746,0.16666666666666666,0.7016366523314895
heterogeneous,9,fitted_inflated,800,365,25,0,0,3.355116567375726,0.0,0.8588154674614495
heterogeneous,9,wrong_order_or_diagonal,800,365,25,0,0,2.7040050968734293,0.16666666666666666,0.6664284192200709
heterogeneous,10,known,800,365,25,0,0,2.9867658386663583,0.0,0.7541870087805915
heterogeneous,10,fitted,800,365,25,0,0,2.981412686803623,0.0,0.7448684686803528
heterogeneous,10,fitted_inflated,800,365,25,0,0,3.5740479336002626,0.0,0.9116445081335277
heterogeneous,10,wrong_order_or_diagonal,800,365,25,0,0,2.556776324160583,0.0,0.6279816801211725
heterogeneous,11,known,800,365,25,0,0,2.9867658386663583,0.16666666666666666,0.7541870087805915
heterogeneous,11,fitted,800,365,25,0,0,3.8348487237015823,0.16666666666666666,0.9775666810732397
heterogeneous,11,fitted_inflated,800,365,25,0,0,4.593419532870698,0.0,1.1965567412942062
heterogeneous,11,wrong_order_or_diagonal,800,365,25,0,0,2.604887232988023,0.16666666666666666,0.6448386786392375
heterogeneous,12,known,800,365,25,0,0,2.9867658386663583,0.0,0.7541870087805915
heterogeneous,12,fitted,800,365,25,0,0,2.2733817714619655,0.0,0.5681814026786122
heterogeneous,12,fitted_inflated,800,365,25,0,0,2.724985080076575,0.0,0.6953387909353713
heterogeneous,12,wrong_order_or_diagonal,800,365,25,0,0,2.672977700279427,0.0,0.6526662793094004
heterogeneous,13,known,800,365,25,0,0,2.9867658386663583,0.16666666666666666,0.7541870087805915
heterogeneous,13,fitted,800,365,25,0,0,3.3269133085957545,0.16666666666666666,0.8403977252269444
heterogeneous,13,fitted_inflated,800,365,25,0,0,3.9865990532430384,0.16666666666666666,1.0286543836452862
heterogeneous,13,wrong_order_or_diagonal,800,365,25,0,0,2.9210858476898913,0.16666666666666666,0.7242304201328955
heterogeneous,14,known,800,365,25,0,0,2.9867658386663583,0.0,0.7541870087805915
heterogeneous,14,fitted,800,365,25,0,0,3.1068064083601676,0.0,0.7909517245407032
heterogeneous,14,fitted_inflated,800,365,25,0,0,3.7218188735689073,0.0,0.9682086560852983
heterogeneous,14,wrong_order_or_diagonal,800,365,25,0,0,2.609303572683911,0.16666666666666666,0.6479522663650482
heterogeneous,15,known,800,365,25,0,0,2.9867658386663583,0.0,0.7541870087805915
heterogeneous,15,fitted,800,365,25,0,0,3.273867953280209,0.0,0.824270613768922
heterogeneous,15,fitted_inflated,800,365,25,0,0,3.9236134393035855,0.0,1.0089040434505665
heterogeneous,15,wrong_order_or_diagonal,800,365,25,0,0,2.265456545300112,0.0,0.5599657770207715
heterogeneous,16,known,800,365,25,0,0,2.9867658386663583,0.0,0.7541870087805915
heterogeneous,16,fitted,800,365,25,0,0,3.2857636110819333,0.0,0.8296215584708726
heterogeneous,16,fitted_inflated,800,365,25,0,0,3.9373867025216396,0.0,1.0154655773469385
heterogeneous,16,wrong_order_or_diagonal,800,365,25,0,0,2.3193796065706507,0.0,0.5741857015549088
heterogeneous,17,known,800,365,25,0,0,2.9867658386663583,0.0,0.7541870087805915
heterogeneous,17,fitted,800,365,25,0,0,3.3314991195615833,0.0,0.8474157870076355
heterogeneous,17,fitted_inflated,800,365,25,0,0,3.9907804731607244,0.0,1.0372284772927265
heterogeneous,17,wrong_order_or_diagonal,800,365,25,0,0,2.423980435471223,0.16666666666666666,0.599923745970798
heterogeneous,18,known,800,365,25,0,0,2.9867658386663583,0.0,0.7541870087805915
heterogeneous,18,fitted,800,365,25,0,0,3.01073715084052,0.0,0.754084374490264
heterogeneous,18,fitted_inflated,800,365,25,0,0,3.6092901669349082,0.0,0.9230470610002254
heterogeneous,18,wrong_order_or_diagonal,800,365,25,0,0,2.2473575559995096,0.0,0.5526393925422679
heterogeneous,19,known,800,365,25,0,0,2.9867658386663583,0.16666666666666666,0.7541870087805915
heterogeneous,19,fitted,800,365,25,0,0,2.568017918999523,0.16666666666666666,0.640557239787262
heterogeneous,19,fitted_inflated,800,365,25,0,0,3.078753233221024,0.16666666666666666,0.7839968786802198
heterogeneous,19,wrong_order_or_diagonal,800,365,25,0,0,2.5046642169619804,0.3333333333333333,0.6123235912384826
heterogeneous,20,known,800,365,25,0,0,2.9867658386663583,0.0,0.7541870087805915
heterogeneous,20,fitted,800,365,25,0,0,3.188568983600048,0.0,0.7973240737409246
heterogeneous,20,fitted_inflated,800,365,25,0,0,3.8223009155879764,0.0,0.9758635913307434
heterogeneous,20,wrong_order_or_diagonal,800,365,25,0,0,2.5349027767082415,0.16666666666666666,0.6230299521652103
heterogeneous,21,known,800,365,25,0,0,2.9867658386663583,0.0,0.7541870087805915
heterogeneous,21,fitted,800,365,25,0,0,3.683255651544987,0.0,0.9303225382869015
heterogeneous,21,fitted_inflated,800,365,25,0,0,4.413711825353821,0.0,1.1387402929385937
heterogeneous,21,wrong_order_or_diagonal,800,365,25,0,0,2.2872618451156335,0.3333333333333333,0.5673320415249816
heterogeneous,22,known,800,365,25,0,0,2.9867658386663583,0.0,0.7541870087805915
heterogeneous,22,fitted,800,365,25,0,0,3.2595583052400756,0.0,0.824184561626341
heterogeneous,22,fitted_inflated,800,365,25,0,0,3.905724862776553,0.0,1.0088109431555214
heterogeneous,22,wrong_order_or_diagonal,800,365,25,0,0,2.5509140133922235,0.16666666666666666,0.6305867646628619
heterogeneous,23,known,800,365,25,0,0,2.9867658386663583,0.16666666666666666,0.7541870087805915
heterogeneous,23,fitted,800,365,25,0,0,3.2604161288123006,0.16666666666666666,0.8245723590655754
heterogeneous,23,fitted_inflated,800,365,25,0,0,3.9071824935106534,0.0,1.009399405645573
heterogeneous,23,wrong_order_or_diagonal,800,365,25,0,0,2.4680320550775283,0.16666666666666666,0.6101751147178094
heterogeneous,24,known,800,365,25,0,0,2.9867658386663583,0.16666666666666666,0.7541870087805915
heterogeneous,24,fitted,800,365,25,0,0,2.7674714942683027,0.16666666666666666,0.6886635990141943
heterogeneous,24,fitted_inflated,800,365,25,0,0,3.318403554316226,0.16666666666666666,0.8429179054738103
heterogeneous,24,wrong_order_or_diagonal,800,365,25,0,0,2.5854702113103403,0.16666666666666666,0.6332377414724114
heterogeneous,25,known,800,365,25,0,0,2.9867658386663583,0.0,0.7541870087805915
heterogeneous,25,fitted,800,365,25,0,0,3.0729391781561763,0.0,0.7715124886697191
heterogeneous,25,fitted_inflated,800,365,25,0,0,3.683086206255127,0.0,0.9442814509717367
heterogeneous,25,wrong_order_or_diagonal,800,365,25,0,0,2.2656170087328515,0.3333333333333333,0.5572057554600262
heterogeneous,26,known,800,365,25,0,0,2.9867658386663583,0.16666666666666666,0.7541870087805915
heterogeneous,26,fitted,800,365,25,0,0,3.2069097279223993,0.16666666666666666,0.8119725528365788
heterogeneous,26,fitted_inflated,800,365,25,0,0,3.8427346459927136,0.0,0.9939478942057116
heterogeneous,26,wrong_order_or_diagonal,800,365,25,0,0,2.5884954399388858,0.3333333333333333,0.6429821836641195
heterogeneous,27,known,800,365,25,0,0,2.9867658386663583,0.0,0.7541870087805915
heterogeneous,27,fitted,800,365,25,0,0,3.3035467755390684,0.0,0.8258129834827314
heterogeneous,27,fitted_inflated,800,365,25,0,0,3.9604133601521747,0.0,1.0107907318719096
heterogeneous,27,wrong_order_or_diagonal,800,365,25,0,0,2.5413964715936825,0.0,0.6217154143587903
heterogeneous,28,known,800,365,25,0,0,2.9867658386663583,0.0,0.7541870087805915
heterogeneous,28,fitted,800,365,25,0,0,2.799241972456506,0.16666666666666666,0.6993365275247696
heterogeneous,28,fitted_inflated,800,365,25,0,0,3.3561889590603577,0.0,0.8560531469762797
heterogeneous,28,wrong_order_or_diagonal,800,365,25,0,0,2.7039149915760126,0.16666666666666666,0.6614369099463133
heterogeneous,29,known,800,365,25,0,0,2.9867658386663583,0.0,0.7541870087805915
heterogeneous,29,fitted,800,365,25,0,0,3.332242536241778,0.0,0.8450999226142186
heterogeneous,29,fitted_inflated,800,365,25,0,0,3.9921487272058345,0.0,1.034373167581932
heterogeneous,29,wrong_order_or_diagonal,800,365,25,0,0,2.495254600346504,0.0,0.6202006501736672
