config,seed,policy,seconds,dyn@100,mu@100,dyn@250,mu@250,dyn@500,mu@500,dyn@1000,mu@1000,dyn@2000,mu@2000
main,0,st_ps,99.8,86.9677059322769,42.578302021844756,307.09928607246746,171.760089418736,511.81189889066167,430.20119371835557,889.1439077678984,898.4581175836979,1600.9641711650013,1567.6488560828375
main,0,ar_ps,98.9,247.72418373010035,126.03989901180066,466.6529996334037,304.69424694673927,659.528907475694,515.2627776840238,995.2357487161297,927.170363970124,1872.0455511838038,1704.8837341688622
main,0,st_ucbm1,91.2,194.82506251711962,113.74198235465587,406.7740137068289,282.1629614443948,787.3183833378259,537.7391812944007,1155.835163498916,1078.030071133275,2158.0446197723245,1787.436157274978
main,0,st_ucbm2,90.8,45.1625542737287,23.072537299484324,191.77115859353714,80.15692783793493,449.21595840369423,385.6837814756524,831.7931096660161,693.0809297642987,1763.0246195818818,1262.0987621147508
main,0,st_ucbm4,85.2,203.06854004979533,108.02095407181855,341.64119843741804,207.02395377790052,496.16293460322106,402.37915636681544,874.634194094651,896.2548445066808,1535.5376297028197,1554.3683456431675
main,1,st_ps,93.5,128.9821261799066,63.78712923344839,268.24233048977663,178.12250380130388,553.9583771728044,334.7149570948679,976.4130220827315,593.003897830847,1907.0438677230497,1234.4466785629754
main,1,ar_ps,92.1,133.4422179237003,54.316488718662356,396.397760371107,191.59333189955717,695.4099219400483,430.241371906578,1174.4333937315537,712.7216809821756,2256.4625226677726,1381.1889439766474
main,1,st_ucbm1,85.1,88.47841732216749,103.29384264323541,259.4186598515019,219.4952429082143,513.5722161066628,331.263592952245,1336.3866913734694,721.0073792104972,2403.2028540103493,1315.6339897265143
main,1,st_ucbm2,84.2,153.5877694365838,70.87386934303768,314.4811305678798,146.22718099383312,572.9934266421521,343.48027323698403,1122.231819075647,763.770050353832,1849.6035459057923,1142.9956414620121
main,1,st_ucbm4,83.6,106.30456533009752,55.13065860543978,271.29793829979843,218.90604846277438,578.5807453445257,400.9076504157643,945.1015048022736,624.1765696466906,1765.951757431869,1189.9132275986815
main,2,st_ps,90.7,119.1984746014598,42.31507887855893,226.74570947657483,92.8057599260357,540.926744582683,263.25099203971007,1153.6314475037886,730.3157443688898,2172.5547592328107,1530.4473848769944
main,2,ar_ps,89.4,181.66558554810922,88.68821333759777,309.48296355020165,142.06242180367886,743.1980549174456,390.0456396406195,1419.8244412851425,859.0904107337526,2520.433451529227,1639.2583939744482
main,2,st_ucbm1,77.7,148.95152201183174,63.04377219355999,219.19358051264297,83.7870511100753,460.72807170667073,191.97686063835982,1155.7242337773116,896.3617151078045,1968.4367766429573,1564.0052364853511
main,2,st_ucbm2,77.8,130.86545017725652,58.70950540404614,225.91654542859132,100.01725200702627,449.0993006597895,213.6114434092334,990.2416841046337,679.173807606828,2203.3111944375005,1152.5269830945228
main,2,st_ucbm4,77.7,112.56881729470172,49.72548853080736,209.30186762255966,98.29893460992568,516.7040024901885,305.8770689706872,1043.8699726875877,779.8472966551303,1940.9540237190736,1478.1295703340518
main,3,st_ps,85.4,189.67871285463767,99.21991999196409,326.3519116736973,164.6302692009543,496.8951461207652,267.4456238135635,963.1320581363341,487.1872157657651,1770.6184223042192,1199.0583587127137
main,3,ar_ps,84.5,178.511669608737,96.61043520017635,464.0969013709368,226.70540314471867,592.7209568378453,352.78158275403985,960.3884528603634,702.5179707758582,2093.7651041301883,1398.4719309753766
main,3,st_ucbm1,77.7,130.22012507562533,92.54711483234622,280.16093128369755,213.08747414616855,643.5079413044818,407.3057369506289,1348.844538419426,749.1279319268273,2308.2111672257,1175.6396283898248
main,3,st_ucbm2,78.1,146.47279956357826,100.54182213809918,264.4340501568009,159.63769208114857,382.67453449124054,243.44511325043132,782.6566483070571,496.99558569589914,1670.3952029979534,1105.133911212035
main,3,st_ucbm4,78.3,153.4636441580489,86.69987494521038,293.0716638294588,152.97953755686592,381.2689495251959,248.8582144524248,752.0808239168039,474.22382747735793,1489.6581279120333,1170.275568448217
main,4,st_ps,89.4,148.87291195507933,73.58244999269255,322.44481720343316,148.9540773976522,519.7503999116202,295.52353330577654,1114.7103736369702,605.8640736048756,1902.579558570762,1043.1982551118472
main,4,ar_ps,89.0,198.749294066381,92.18131859946935,356.26747922822284,193.93646506442437,597.0532276026527,342.2753054827285,1254.1611870175745,676.7943635321064,2175.9868957944022,1180.9555809476346
main,4,st_ucbm1,81.5,168.41212414685688,78.22405696880399,382.82178686111877,127.1167904164195,769.9460956073706,235.68037254146745,1156.1429234314446,378.02518165871845,2121.418376065638,498.26410908516544
main,4,st_ucbm2,81.3,100.52043957648429,36.26919428315074,217.21321349872593,107.41096019851739,298.1033647468906,240.68709931909456,771.5892398454897,548.0863865452494,1504.5774606787875,839.8872130955606
main,4,st_ucbm4,85.7,156.27125063182262,86.09266269726955,335.3756543717049,140.97677757983615,615.5039921173362,281.2621374599979,1128.6571598164248,559.748870761555,1741.6978544845326,991.7232550405478
main,5,st_ps,93.9,157.98561616801447,90.73061302671721,342.1454153545842,214.56255868039892,459.7919303701997,270.17144904939346,1060.9124758996288,609.4320417713848,2046.6064933011294,1111.3789029944644
main,5,ar_ps,93.1,225.79436663089825,91.13099215972345,374.8510842160512,172.70182337865327,560.84588427254,272.1320824862208,1426.700743408857,640.6526140694342,2681.6288964586133,1301.8366266928736
main,5,st_ucbm1,85.5,149.74729842306212,41.39829350660058,255.60161107066392,59.71810724118747,305.9403953872077,90.25113013216561,1024.8091161016798,291.48261432477887,1833.7066339736407,427.6877570055381
main,5,st_ucbm2,85.8,133.88962374448255,58.98901677044217,183.1603694333884,105.12101533006637,300.25685571457313,150.31756400075884,825.4101215427778,408.2892549924286,1414.4389204596396,855.4252120278975
main,5,st_ucbm4,86.0,198.23929344507204,91.09970012742572,346.3043525995162,175.84502371358755,453.17950685535595,229.52758237601142,1052.8597389589966,606.5630883827868,2047.0947951594876,1143.8784155620435
main,6,st_ps,93.6,101.20201588573899,86.55397985720354,285.7165846557862,217.8104662679589,569.8780337486678,370.6853601367363,819.0181054148077,718.641178066709,1813.4065042410073,1550.3940028550358
main,6,ar_ps,91.9,181.47707758269937,100.68585295200624,422.2643808746068,243.02612839214348,691.5680883521156,397.71327564850577,897.5560085763041,742.252396606202,2009.0723336357328,1642.2857740686322
main,6,st_ucbm1,77.4,146.12416231645813,57.15665671610965,237.17851971641525,126.4145680439019,607.6929622417329,260.75560854045,1318.8017039693202,533.2862720714459,2125.147051565426,1320.0125090807314
main,6,st_ucbm2,77.4,84.84578902633147,65.82947357552972,190.4104690213252,169.5138562145702,444.87339567573093,372.5998699513146,1080.3557596201024,758.8614759913331,1621.398642728092,1487.2712388813
main,6,st_ucbm4,77.3,93.96397654781458,83.07043316460864,262.6601093444304,208.05356746580134,445.2902145740907,362.36207193663955,600.1873986460807,690.2631720275898,1419.4830957529764,1572.854996466896
main,7,st_ps,85.2,124.61704194781531,129.48396383253944,298.68077583842364,289.5458875299938,477.9719075910995,520.1506747092014,889.4526104419198,930.2885724910395,1978.4766429237459,1732.7481002154796
main,7,ar_ps,84.2,247.54066728454427,135.69513639731414,421.5715379164861,303.77359978252673,607.0213254593291,544.2556374681815,1086.1244036451246,890.3197843436154,2329.823073728611,1781.3280729318192
main,7,st_ucbm1,77.7,124.19885623646698,146.63200803871507,253.12445071396925,304.02803081008824,500.7999300600924,507.6468767138344,1475.4753791368746,888.4038228177589,2642.8663468398468,1512.9398363735063
main,7,st_ucbm2,79.4,119.65097516705535,149.85959872658412,220.5409938173012,277.4578423768295,480.4681538056868,543.4110284723043,802.0626878079095,628.0944144226288,1573.3196245850904,1189.95049104273
main,7,st_ucbm4,79.3,198.83276999119653,138.19297611368208,394.34608353797984,290.4420880356199,596.9477327650219,517.0060529591547,894.6343416106935,615.5230321898292,1866.2764898057649,1382.2031753184096
weak_persistence,0,st_ps,88.7,141.67123391578653,33.0759189047654,375.18612251567913,81.62008748341326,747.4868403748246,138.1162114997054,1343.8313345021554,176.19429161689547,2767.5156062383253,288.4778241794639
weak_persistence,0,ar_ps,87.9,191.99832726378,67.00852302113722,409.53572530270844,91.17436978970419,787.0509908369639,134.4310896858274,1383.9683111251625,156.24426973902047,2776.6833686507885,272.5193805179573
weak_persistence,0,st_ucbm1,78.7,120.792937173207,12.713114244649617,334.1870239201231,12.713114244649617,669.4704482865264,12.713114244649617,1240.555889865023,12.713114244649617,2607.6078514471437,12.713114244649617
weak_persistence,0,st_ucbm2,78.5,173.69649269649486,78.11237348728011,453.7349554007945,178.61819601218423,926.0619891382906,347.9520026403073,1888.8304617571644,682.3867980390853,3822.34644845571,1366.6045286792391
weak_persistence,0,st_ucbm4,79.2,197.33638847393254,103.83047094419759,461.7980758693261,191.3204401500266,863.576070029798,326.488830087128,1633.2314072952545,558.8722101356108,3168.5770240751617,1010.792689236609
weak_persistence,1,st_ps,87.0,223.49472942829195,62.3869397109023,431.71124125938996,73.52462550527679,802.9187322189388,106.75449709174909,1507.2102412047425,182.03554152561185,2991.191996687911,317.90879209091605
weak_persistence,1,ar_ps,86.7,164.56003725755582,38.625564090615846,430.69552119558034,88.13728036468514,787.7624286827241,132.24642839651136,1515.0402959990588,242.79738688464758,3033.0486364911158,449.0600491605032
weak_persistence,1,st_ucbm1,78.9,275.64557318979854,131.03013400945775,599.6882619515546,225.21394840123548,956.882352384452,270.4882483985759,1732.4497299869358,361.0368483932663,3276.2240130264786,542.1340483826472
weak_persistence,1,st_ucbm2,79.1,211.1947995142568,60.98340577394218,550.423798285341,137.86117005453448,946.9721221485198,219.13757820679038,1817.2737340736805,381.6903945113132,3488.732536832302,660.93213028763
weak_persistence,1,st_ucbm4,78.1,189.66052765885175,52.35087967439668,395.6924340628974,62.14434113504623,748.6996263500921,85.877052315505,1439.7930110360253,126.72264197228911,2876.7655384202385,216.2021236961126
weak_persistence,2,st_ps,87.4,190.7678077333291,82.09741718672059,442.0435645893353,129.28438136160187,871.7916599403043,210.74439627345757,1608.1665571975975,277.7101148849622,2932.792800999522,360.0586092864859
weak_persistence,2,ar_ps,86.4,173.7643673668916,68.82631739929413,406.5412190409271,94.90628746920576,776.2572548073985,124.67837203278967,1474.691713869085,149.35628611039314,2801.0063300442257,174.82162771231117
weak_persistence,2,st_ucbm1,79.5,180.63147545311702,39.58727099324008,397.84545923984916,68.2074750206776,772.3546392372463,115.90781506640681,1549.805781661624,211.30849515786522,3078.7905126378873,402.1098553407603
weak_persistence,2,st_ucbm2,79.2,228.17495900151917,118.86529080745618,573.2581354918311,266.87535889251296,1086.9049642021087,469.6176410086533,2063.3818428426907,837.8650083888061,4126.923521140009,1547.7666181770503
weak_persistence,2,st_ucbm4,80.1,219.37913737569005,68.98081984706869,436.59312116242205,97.60102387450621,818.808014813816,159.9047814813376,1596.270661792215,281.11570232361686,3135.5288097985817,494.12587431535303
weak_persistence,3,st_ps,88.3,186.42717147114698,71.98675873033679,409.38585752994237,104.04271365620443,785.9985860143632,156.73988472959132,1434.6894330873452,181.22963030438268,2882.308134605747,278.92321071621245
weak_persistence,3,ar_ps,89.7,168.80628249597527,54.92609718549812,384.77302927057644,72.34552475885339,718.7971871668033,100.81509812221832,1357.6581570344774,142.5882638707652,2855.039301054766,293.84867422809214
weak_persistence,3,st_ucbm1,82.5,194.3508669716807,72.67474711979887,464.94973185667345,181.20049892754687,972.3096000630643,356.52753705677424,1982.7832998356296,670.1757597512403,3999.685714632629,1275.6106455564511
weak_persistence,3,st_ucbm2,82.6,218.36232772970322,83.82512019683068,522.6731530791797,209.27827844394216,934.3674838093367,320.936365241018,1746.2636806925375,499.03832599480126,3444.790853870266,852.7453145463131
weak_persistence,3,st_ucbm4,82.9,208.45112317788409,83.11423732443052,478.96601482172616,190.35053988984268,845.9874555238066,339.4793837968104,1849.14237116837,659.027513393626,3859.7881614002,1281.2950420996947
weak_persistence,4,st_ps,89.8,230.97500425264818,91.80372225444434,523.8030369184751,168.46759775957455,1000.1977006701701,309.04188567185025,1928.7927100538093,521.1233752270567,3401.7343566178643,597.6990730164442
weak_persistence,4,ar_ps,88.9,199.15015125121295,52.86602962940263,405.11288200328806,67.35279324868951,782.4808402964361,89.69340999077608,1542.2986918530223,133.4457892355082,3000.482349629769,185.16113595173508
weak_persistence,4,st_ucbm1,81.6,201.4647921283263,61.532455993905685,504.9776560815303,146.4684137910542,1016.9501575541337,283.01497889229495,1995.9203061435564,542.6644235313458,3945.410166612495,1071.6361188785593
weak_persistence,4,st_ucbm2,80.3,238.93009134393913,98.65961627836418,515.4925862868611,176.99530806666277,963.2121818077879,270.88069066259243,1899.7551154258842,447.7263547789721,3656.8100896050664,794.5357126438809
weak_persistence,4,st_ucbm4,78.6,207.61534335141278,64.54725639217257,444.5621769793513,78.74901259417463,846.5056289814213,95.86396309951436,1569.2437228614801,114.57358455381502,3016.862423051243,133.65541404646422
weak_persistence,5,st_ps,86.5,224.1141542513885,76.60783499116701,488.52012652563644,141.0565910251664,888.2428059700778,198.56879178190718,1724.530713955091,316.3874334884798,3284.749669670688,443.6388469775018
weak_persistence,5,ar_ps,86.3,242.57278307298208,87.51435571821273,586.2450130968347,199.79806461959066,1097.934093149702,342.5750908826603,1950.111591238559,502.1098120006575,3528.028173215963,605.7616710377714
weak_persistence,5,st_ucbm1,78.6,198.53895400223178,59.308204122705355,487.74384660609223,149.46750386566293,988.576341126424,267.82215465323566,1924.5241679743729,509.7514628180108,3792.574874590274,922.2845763620659
weak_persistence,5,st_ucbm2,83.5,168.15632122775872,38.029511354838974,421.7872414984249,90.68204972581476,887.2586998039119,171.58975693125558,1791.7664517424098,330.9615242848102,3580.1805468897214,647.9475774759937
weak_persistence,5,st_ucbm4,683.2,191.2638488225069,49.567514246625194,435.7860745057058,68.22039297417315,858.2681975474023,92.52430051233233,1603.8524604868685,146.61948613400747,3086.615254751537,192.93997912766554
weak_persistence,6,st_ps,691.1,227.0665407934971,102.89966264335804,515.3685759490754,210.704295825202,1047.5458198599579,368.60232652343075,1956.214117885828,670.4934094672069,3854.0042577785875,1241.1660144787513
weak_persistence,6,ar_ps,690.2,249.1783224381373,110.86625797947545,612.8224809348981,268.0974238901663,1153.595766639649,459.8283329662666,2000.991552377522,565.9507121845519,3492.884036423722,696.9630528077489
weak_persistence,6,st_ucbm1,946.5,168.60785553270964,20.178866740178584,346.54538586694105,20.178866740178584,675.0239121805066,20.178866740178584,1412.547284725932,20.178866740178584,2839.8893631311103,20.178866740178584
weak_persistence,6,st_ucbm2,347.0,208.35762486919984,59.07781320425669,528.8687384792706,166.56711970075773,983.4541021800682,315.86702949008225,1908.8939627321154,604.9516444880344,3929.7387294878054,1202.8758680093024
weak_persistence,6,st_ucbm4,346.1,216.6052644539177,80.3827234563246,467.34777505025676,156.39095510811475,942.8295386295739,278.56252445034403,1838.2097028269513,525.6041901610249,3624.5961356099365,1012.2097773278914
weak_persistence,7,st_ps,764.5,202.6355146256304,101.67743009119093,465.81987441488934,225.53308495956395,965.5569682479927,434.9363952977039,1572.2356480777978,503.52364928936413,2978.9762878676934,587.3585257290763
weak_persistence,7,ar_ps,1054.2,254.7770545118952,136.30732325772732,595.0497634526346,297.0821295972579,956.6278804691091,352.9313886626803,1526.5215378818332,367.30250290397294,2919.024001173766,485.83182132535524
weak_persistence,7,st_ucbm1,1047.3,216.09101536567098,98.38850453394909,455.9855400536296,192.6571889250749,897.9241766344367,349.9296067634608,1833.863693551245,652.8926390559822,3732.3891401639885,1273.614478891098
weak_persistence,7,st_ucbm2,1047.2,188.77952180315657,73.42287227230474,453.22914903319366,168.3704798594783,940.8678174220684,335.7982614139641,1854.4007101516206,648.1182124491352,3644.243066763612,1276.287439411828
weak_persistence,7,st_ucbm4,636.8,164.4089799567532,84.53468573671442,400.5280034429585,173.13243215912857,831.1822770555806,318.9672566116744,1412.5461140280934,351.08809371987536,2765.871284431933,404.8591667677501
no_spatial,0,st_ps,1048.8,234.78609073978677,123.45630510328243,453.30780663340386,271.9968154122105,644.9743924625164,472.4438630972613,954.4165855937921,922.625521867861,1755.6306864214891,1674.9257753036475
no_spatial,0,ar_ps,1047.9,178.41928412589596,114.2621614801008,448.83882506487737,279.4295124930689,616.5565866220925,475.85351539267305,1019.2652844899662,809.6936997600997,1713.8350803531832,1519.5583432072258
no_spatial,0,st_ucbm1,1078.8,204.22769742390705,132.6639760281841,408.7351770991642,296.6006772419248,774.7182482197161,544.1361542912479,1258.1604200384375,976.9038454726448,2136.623407244376,1428.383901549412
no_spatial,0,st_ucbm2,1079.1,210.70893608078518,110.10414761586169,347.49801526812433,222.52182379975116,659.8021180650263,426.57558294090876,1107.4455246849984,886.4296562509721,1662.456659398735,1412.4673317632287
no_spatial,0,st_ucbm4,1087.5,67.33527167328236,31.922962613256292,253.93491214108496,150.62601297491955,542.8890186926468,381.137751287975,820.4543607839928,746.8753763097262,1522.614540787086,1462.124642846822
no_spatial,1,st_ps,1095.2,178.75364781404247,86.25579864552097,347.4827273233838,189.7191144621239,621.5826086985925,323.48543498292867,1097.7356364033599,620.1590184660257,2192.167068446749,1246.2423520755324
no_spatial,1,ar_ps,1056.6,213.80100777926793,99.24967962839787,460.1975902730038,258.2982873199383,737.5415995454663,418.0944388037202,1156.7114610089507,666.9882760156943,2372.084184436339,1299.9175073850733
no_spatial,1,st_ucbm1,1050.0,191.52533623757603,126.77210765371734,445.078570178891,300.5144749429155,786.0142149686236,571.6466513240327,1706.9273188705874,1257.2791098107302,3460.473092588507,2383.826606467039
no_spatial,1,st_ucbm2,819.3,156.34651015748722,50.23382653342427,300.51416888907346,101.76274950074593,468.1227228042801,155.70281603248782,876.2408845611131,279.66253778688946,1631.5184583576547,534.0239258424402
no_spatial,1,st_ucbm4,819.3,202.54599754814217,95.56232097871205,378.08767938036704,196.44341286542732,657.5209112526393,337.87842772220677,1086.1158911739808,644.303642527918,2062.086708857294,1181.8675820678448
no_spatial,2,st_ps,826.2,173.3812990299523,109.785966358411,371.21451411500976,193.55247736562168,739.7852812019202,431.72243784519634,1327.7881362408034,843.592889998049,2479.7556238846155,1627.6199894346314
no_spatial,2,ar_ps,826.0,181.25764792712482,83.83417052247142,352.56944994920815,162.68250437873425,758.7049517922769,390.5651253451167,1381.8650767329532,827.7516673152863,2570.51654847299,1570.3651199064127
no_spatial,2,st_ucbm1,1096.0,229.0200659802308,160.97855691744573,497.56266354261265,364.8070349793972,798.9735965607844,559.2008987760139,1539.5579970850606,965.1042151554634,2626.621990592359,1413.2730522068439
no_spatial,2,st_ucbm2,1690.9,143.343833358789,85.9395311499752,327.17708862225714,138.82831773274725,638.4128890172279,324.3216274317743,1066.3000763586183,686.2497392502562,1837.9358043821035,1078.0294934789872
no_spatial,2,st_ucbm4,1690.9,167.8567476230104,66.43218699584776,373.3601657172075,171.36659149342174,757.5949112622078,370.3388723139768,1258.3865855852907,741.7525685151729,2078.0567294231187,1437.9287337207027
no_spatial,3,st_ps,1699.1,239.89587918825907,116.94239721650155,296.2058880042455,137.49725406150566,586.2780441136247,335.06337229671266,898.5715475840243,547.1179686529009,2025.2653678568502,1245.2730706731454
no_spatial,3,ar_ps,883.2,211.72790803718306,96.17914483202014,465.43512684567185,232.1032116894163,657.425687344873,381.886964239169,1067.0387975036317,728.4409315948361,1753.7936864668748,1429.1469449753324
no_spatial,3,st_ucbm1,281.1,169.2766721322952,144.9424036216716,406.31060041161345,396.7774959522415,729.60033364912,712.1501898170714,1253.6506090882178,962.7267247095715,2462.0426430231755,1630.3102999393311
no_spatial,3,st_ucbm2,281.1,72.02947819325652,88.29773586695292,180.1937027282294,196.82348767470063,487.96411382890824,414.20081199776655,968.963759402633,830.440103725645,2104.499846629134,1692.87924961563
no_spatial,3,st_ucbm4,281.1,149.66303702165445,93.77700280062115,330.0187845506143,207.51835134718243,517.9641730568786,365.4492897569483,827.1485521218822,620.7303612521828,1593.3886695184096,1297.8541436663647
no_spatial,4,st_ps,1331.5,178.04037644364146,86.01438404099176,378.87778521079167,182.59926802801277,666.1798682363806,351.4374282955197,1395.844786587491,691.1024510835912,2301.309909778475,1165.2001838029482
no_spatial,4,ar_ps,1330.7,187.45650064223457,96.06007233200192,405.6781687865255,192.14930292774022,722.3845779399352,395.7987161718938,1392.362411518813,762.523826796637,2349.846429164526,1185.710480748588
no_spatial,4,st_ucbm1,1323.5,88.19019995139011,69.23710571674243,245.84127748709298,171.27863550160677,508.2998379216892,375.50206936761606,1124.600552526775,578.2920651009465,1972.5715424752982,642.5781631413915
no_spatial,4,st_ucbm2,1323.9,137.092264759353,50.27002039817762,310.1072355949206,85.53376696518156,648.2226412873624,132.7814565681235,1056.4212944068363,277.47918447283377,1859.088556483977,395.66161687435505
no_spatial,4,st_ucbm4,125.1,223.27086561266202,98.40618245464856,412.3623418584391,198.3575384923099,620.1318863065441,377.3634078937147,1151.5743784813849,722.7306631846171,2081.2833203216487,1163.63181867089
no_spatial,5,st_ps,133.3,209.73549565437793,85.03538529826622,325.28546756876375,166.56192847950777,666.4428650585959,354.96683124369133,1313.3457930735458,650.2519006182063,1995.9932302351529,983.9714172186623
no_spatial,5,ar_ps,133.4,202.47923815169952,95.20423918572993,383.1872192717181,195.41709998509273,704.5566160594938,350.83532151073183,1302.9728085672702,708.8250670523221,2180.664001749527,1156.1727611434414
no_spatial,5,st_ucbm1,127.4,199.34777345572962,45.35713601538984,418.96774078780976,197.3207429773341,686.6299211285087,278.21109607982464,1136.6129541440343,432.366877225172,2377.8791015939814,711.0383470859349
no_spatial,5,st_ucbm2,88.2,139.85524041148054,69.67316661579008,183.2969106646108,139.5265926363104,331.82817483678383,218.39129089611745,788.5821150238903,399.7340997579133,1288.814813881677,536.4664233671998
no_spatial,5,st_ucbm4,86.6,234.16139838667644,88.75036045598912,350.7229300224322,167.316328072373,540.2136230740688,266.952244408125,1072.0835005930135,551.1759575335404,1898.3184383669893,895.5061054291901
no_spatial,6,st_ps,95.4,141.09231294544068,90.38328420405259,344.6193384121084,216.26518172485964,683.9217327944823,378.5485732586832,962.8331543420358,730.1992677898713,2143.7871923120583,1667.000115619508
no_spatial,6,ar_ps,94.2,131.6719730816586,91.18042262197419,367.5273665342142,238.57793415859624,698.1038881589059,445.6939699785064,1008.0096918808175,802.9358184843152,2213.3687732434496,1683.189345629715
no_spatial,6,st_ucbm1,84.8,178.30699062179707,91.07999089968564,367.5080662416898,176.43125030391943,714.5285717581702,306.2675252473311,1482.9437649338402,558.2029439776348,2519.156423136591,1414.9633546351788
no_spatial,6,st_ucbm2,85.0,140.80552662874592,133.4705915629957,289.0304766161799,280.50127121738245,526.5201530999333,341.3089540911508,639.2464791414229,657.949734267246,1725.457053523517,1534.7600818928215
no_spatial,6,st_ucbm4,84.7,169.47950814166248,91.64976067597786,407.35037015881153,231.84842134826852,703.5145220765748,426.40487850138237,991.0264196252899,773.8018917248926,2042.7244502300475,1610.7407882253099
no_spatial,7,st_ps,93.4,86.86853716949913,133.34987007805415,178.53387298708788,326.4529342381988,379.18525870432717,653.250170509287,891.9417516861233,1048.273003303582,2012.7705240397281,1923.881019300194
no_spatial,7,ar_ps,89.7,312.4744993920138,128.80249133878266,415.78793784295965,325.08568704232954,554.0468694991071,633.8667091332277,1129.1740849449102,1104.1831381844381,2346.2413265680534,2045.2426325224844
no_spatial,7,st_ucbm1,82.4,202.45981048844163,133.67303947471706,464.3206716155881,284.2879882019305,821.0612827032852,474.5069795324674,1456.1782285012403,916.5939962083249,2482.02193072466,2157.3242758737842
no_spatial,7,st_ucbm2,78.8,221.73543914439446,131.70038071206088,483.6344443659631,221.07868419420143,831.6416811305013,381.6377416715156,1180.1832717386972,436.01394077238865,2125.4200729673953,1001.8744945159482
no_spatial,7,st_ucbm4,74.1,288.4158948828272,128.065917570862,338.22319169324976,322.7737860377423,466.4626493677962,625.6742476438532,875.7093494526238,989.6766251471573,1969.9047709059575,1827.5359410278083
