item_id,clicks,impressions,campaign,ctr
0,48,17657,all,0.00271846859602424
1,39,17616,all,0.0022138964577656677
2,22,17299,all,0.0012717498121278686
3,43,16729,all,0.0025703867535417538
4,20,17428,all,0.0011475786091347257
5,41,16594,all,0.002470772568398216
6,80,17555,all,0.004557106237539163
7,92,17516,all,0.005252340717058689
8,75,17062,all,0.004395733208299144
9,45,17651,all,0.0025494306271599343
10,26,16950,all,0.0015339233038348082
11,57,16730,all,0.003407053197848177
12,31,17632,all,0.0017581669691470055
13,28,16928,all,0.0016540642722117202
14,30,17239,all,0.0017402401531411336
15,37,17482,all,0.00211646264729436
16,51,17495,all,0.0029151186053158044
17,24,16702,all,0.0014369536582445215
18,74,18184,all,0.004069511658600968
19,40,17113,all,0.0023374043125109567
20,25,17564,all,0.0014233659758597131
21,44,17195,all,0.002558883396336144
22,57,16986,all,0.003355704697986577
23,29,16836,all,0.0017224994060346876
24,43,17285,all,0.0024877061035579982
25,33,17135,all,0.0019258826962357748
26,40,17205,all,0.0023249055507120024
27,25,17039,all,0.0014672222548271611
28,36,16395,all,0.0021957913998170175
29,40,17224,all,0.0023223409196470044
30,63,17538,all,0.0035921997947314403
31,67,17781,all,0.00376806703784939
32,58,17158,all,0.003380347359832148
33,46,17733,all,0.0025940337224383916
34,103,17185,all,0.005993599068955484
35,129,17335,all,0.007441592154600519
36,63,16551,all,0.0038064165307232192
37,82,17788,all,0.004609849336631437
38,91,16978,all,0.005359877488514548
39,123,17396,all,0.007070590940446079
40,29,18016,all,0.0016096802841918294
41,94,17207,all,0.005462893008659267
42,87,17287,all,0.005032683519407648
43,96,17397,all,0.0055181927918606655
44,61,16908,all,0.003607759640406908
45,81,17339,all,0.004671549685679682
46,68,17296,all,0.00393154486586494
47,96,17159,all,0.005594731627717233
48,104,16576,all,0.006274131274131274
49,92,17173,all,0.005357246840971292
50,85,16639,all,0.0051084800769277
51,84,17102,all,0.004911706233189101
52,66,17125,all,0.003854014598540146
53,55,16733,all,0.003286918066096934
54,20,16330,all,0.001224739742804654
55,56,16552,all,0.0033832769453842437
56,26,17700,all,0.0014689265536723163
57,84,17498,all,0.004800548634129615
58,113,16913,all,0.0066812511086146754
59,77,16593,all,0.0046405110588802504
60,128,16325,all,0.00784073506891271
61,90,17337,all,0.005191209551825575
62,85,17114,all,0.00496669393479023
63,100,17753,all,0.005632850785782685
64,51,16976,all,0.0030042412818096138
65,63,17389,all,0.003622980044855943
66,49,17601,all,0.0027839327310948242
67,38,17043,all,0.002229654403567447
68,41,17380,all,0.0023590333716915993
69,62,17394,all,0.0035644475106358514
70,24,17564,all,0.0013664313368253246
71,39,17256,all,0.002260083449235049
72,51,17446,all,0.0029233062019947266
73,39,16712,all,0.0023336524652943992
74,22,17147,all,0.0012830232693765674
75,35,16594,all,0.002109196094974087
76,49,16658,all,0.0029415295953896027
77,71,17597,all,0.004034778655452634
78,79,16492,all,0.004790201309725928
79,78,17137,all,0.004551555114664177
0,71,13571,men,0.0052317441603419055
1,50,13315,men,0.003755163349605708
2,81,13527,men,0.005988023952095809
3,102,13582,men,0.007509939625975556
4,52,12793,men,0.004064722895333385
5,70,13447,men,0.0052056220718375845
6,77,13564,men,0.0056767915069301095
7,71,14014,men,0.005066362209219352
8,45,13066,men,0.0034440532680238786
9,63,13277,men,0.004745047827069368
10,73,12514,men,0.005833466517500399
11,57,13692,men,0.004163014899211218
12,81,13001,men,0.006230289977694024
13,97,12675,men,0.0076528599605522685
14,88,13666,men,0.006439338504317283
15,53,12789,men,0.004144186410196263
16,42,13283,men,0.0031619363095686213
17,89,13746,men,0.0064746107958678885
18,57,13288,men,0.004289584587597832
19,68,13719,men,0.004956629491945477
20,60,13153,men,0.004561696951265871
21,64,13194,men,0.004850689707442777
22,59,13907,men,0.004242467821960164
23,89,12531,men,0.007102386082515362
24,54,13219,men,0.0040850291247446855
25,69,13791,men,0.005003262997607135
26,91,13249,men,0.006868442901351046
27,96,13571,men,0.007073907597082013
28,50,13209,men,0.003785297902944962
29,44,13560,men,0.0032448377581120944
30,67,13450,men,0.004981412639405204
31,97,12819,men,0.0075668928933614165
32,48,13192,men,0.0036385688295936932
33,46,13575,men,0.0033885819521178636
0,77,18711,women,0.00411522633744856
1,43,18630,women,0.0023081052066559315
2,148,19369,women,0.007641075946099437
3,93,18468,women,0.0050357374918778425
4,52,18975,women,0.0027404479578392624
5,88,18302,women,0.004808217681127745
6,79,18346,women,0.004306115774555762
7,64,19104,women,0.0033500837520938024
8,54,18855,women,0.002863961813842482
9,85,18671,women,0.004552514594826201
10,124,18544,women,0.006686798964624676
11,55,18568,women,0.002962085308056872
12,90,18569,women,0.004846787656847434
13,114,18698,women,0.006096908760295219
14,121,18155,women,0.0066648306251721285
15,60,19511,women,0.0030751883552867613
16,122,18087,women,0.006745176093326699
17,85,19352,women,0.004392310872261265
18,108,18442,women,0.005856197809348227
19,67,18893,women,0.00354628698459747
20,96,18881,women,0.005084476457814734
21,136,19457,women,0.006989772318445804
22,123,18772,women,0.006552311953974004
23,91,18971,women,0.00479679510832323
24,135,18689,women,0.007223500454812992
25,99,18412,women,0.005376928090375842
26,137,18680,women,0.007334047109207709
27,84,18320,women,0.004585152838427947
28,61,19048,women,0.0032024359512809746
29,35,19270,women,0.0018162947586922678
30,68,19113,women,0.0035577878930570816
31,38,18795,women,0.0020218143123171056
32,57,18986,women,0.003002212156325714
33,116,18922,women,0.006130430187083818
34,137,18845,women,0.007269832846908995
35,107,19159,women,0.005584842632705256
36,146,18725,women,0.007797062750333778
37,92,18943,women,0.004856675289024969
38,125,19085,women,0.006549646319098768
39,92,19077,women,0.004822561199350003
40,70,18539,women,0.0037758239387237717
41,93,18815,women,0.004942864735583311
42,60,18718,women,0.00320547066994337
43,48,18312,women,0.002621231979030144
44,89,19007,women,0.004682485400115747
45,99,18794,women,0.005267638608066404
