phi,budget,runs,target,policy,empirical_pcs,ci95_halfwidth,average_posterior_pcs,theoretical_optimum
0.0,10,40000,mean,alternate,0.7678,0.004137911875137023,0.7674949062174344,0.7677204728012301
0.0,10,40000,mean,block,0.76785,0.004137601055575562,0.7682019574325166,0.7677204728012301
0.0,10,40000,mean,greedy,0.74375,0.004278302635099578,0.7455775421286421,0.7677204728012301
0.0,10,40000,mean,greedy_final_refresh,0.754275,0.004219059054928598,0.7537113497125623,0.7677204728012301
0.0,10,40000,state,alternate,0.4985,0.004899977949950388,0.5,0.5
0.0,10,40000,state,block,0.4985,0.004899977949950388,0.5,0.5
0.0,10,40000,state,greedy,0.4985,0.004899977949950388,0.5,0.5
0.0,10,40000,state,greedy_final_refresh,0.4985,0.004899977949950388,0.5,0.5
0.5,10,40000,mean,alternate,0.737375,0.0043125914047559616,0.7369617325070178,0.7370813638753339
0.5,10,40000,mean,block,0.705425,0.004467344477737866,0.7081632430433884,0.7370813638753339
0.5,10,40000,mean,greedy,0.701675,0.004483724316656299,0.7027754469268158,0.7370813638753339
0.5,10,40000,mean,greedy_final_refresh,0.711625,0.004439463379100565,0.7147017132090551,0.7370813638753339
0.5,10,40000,state,alternate,0.62745,0.004738140354601159,0.6290497916589171,0.6293540651172507
0.5,10,40000,state,block,0.61045,0.004778952666840298,0.6150634004837529,0.6293540651172507
0.5,10,40000,state,greedy,0.620375,0.0047558770899146455,0.6210231128313369,0.6293540651172507
0.5,10,40000,state,greedy_final_refresh,0.62855,0.004735285541115762,0.6288025529538039,0.6293540651172507
0.9,10,40000,mean,alternate,0.669725,0.004609058089997889,0.6717122753412408,0.6710349942460084
0.9,10,40000,mean,block,0.6601,0.0046420148383649095,0.6611292313964162,0.6710349942460084
0.9,10,40000,mean,greedy,0.649675,0.004675302530935833,0.6514752372172378,0.6710349942460084
0.9,10,40000,mean,greedy_final_refresh,0.664925,0.004625763445073148,0.6667778406589301,0.6710349942460084
0.9,10,40000,state,alternate,0.8252,0.003722000263084354,0.8279103934074791,0.827170653928671
0.9,10,40000,state,block,0.76405,0.004160992725768696,0.7655501273039677,0.827170653928671
0.9,10,40000,state,greedy,0.771225,0.004116431636742556,0.7724207205924346,0.827170653928671
0.9,10,40000,state,greedy_final_refresh,0.82555,0.00371906058674768,0.8279298750517834,0.827170653928671
0.99,10,40000,mean,alternate,0.651925,0.004668327431936946,0.6500087750288981,0.6501075135739673
0.99,10,40000,mean,block,0.650175,0.004673762398622228,0.6487714817922773,0.6501075135739673
0.99,10,40000,mean,greedy,0.637125,0.004712126310846835,0.630483687866177,0.6501075135739673
0.99,10,40000,mean,greedy_final_refresh,0.65045,0.0046729129193576885,0.6494073474668788,0.6501075135739673
0.99,10,40000,state,alternate,0.9433,0.0022664311073579972,0.9444871569723787,0.9449132572419021
0.99,10,40000,state,block,0.9147,0.002737410512948323,0.9163756075158446,0.9449132572419021
0.99,10,40000,state,greedy,0.858525,0.0034154064960081982,0.8594192892781953,0.9449132572419021
0.99,10,40000,state,greedy_final_refresh,0.943875,0.0022555969275061087,0.9445896691679964,0.9449132572419021
