lag2,mean_block,mean_cycle,state_block,state_bad_cycle
0.0,0.691462461274013,0.691462461274013,0.5,0.5
0.01,0.691462461274013,0.6905883033728379,0.5022509220869446,0.5022508095474048
0.02,0.691462461274013,0.6897259763399691,0.5045026319633679,0.5045017316470113
0.03,0.691462461274013,0.6888752165232421,0.5067559174699445,0.5067528789016853
0.04,0.691462461274013,0.6880357683957377,0.5090115665513993,0.5090043640156837
0.05,0.691462461274013,0.6872073842378373,0.5112703673126812,0.5112562998455087
0.06,0.691462461274013,0.6863898238342923,0.5135331080801177,0.5135087994509526
0.06999999999999999,0.691462461274013,0.6855828541854769,0.5158005774692168,0.5157619761463982
0.08,0.691462461274013,0.6847862492320548,0.518073564460785,0.518015943552438
0.09,0.691462461274013,0.6839997895923267,0.5203528584870395,0.52027081564788
0.1,0.691462461274013,0.6832232623115833,0.5226392495293983,0.522526706822206
0.11,0.691462461274013,0.6824564606228176,0.5249335282296463,0.5247837319285494
0.12,0.691462461274013,0.6816991837181995,0.5272364860161838,0.5270420063372623
0.13,0.691462461274013,0.6809512365307463,0.5295489152470856,0.5293016459901428
0.13999999999999999,0.691462461274013,0.6802124295256561,0.531871609371718,0.531562767455395
0.15,0.691462461274013,0.6794825785008082,0.5342053631126833,0.5338254879833929
0.16,0.691462461274013,0.6787615043959562,0.5365509726698982,0.5360899255633296
0.16999999999999998,0.691462461274013,0.6780490331101745,0.5389092359486407,0.5383561989808243
0.18,0.691462461274013,0.6773449953271391,0.5412809528134533,0.5406244278765735
0.18999999999999997,0.691462461274013,0.6766492263478503,0.5436669253698323,0.5428947328061253
0.2,0.691462461274013,0.6759615659304269,0.5460679582757005,0.5451672353008665
0.21,0.691462461274013,0.6752818581366227,0.5484848590847274,0.5474420579303109
0.22,0.691462461274013,0.674609951184735,0.5509184386236452,0.5497193243657821
0.22999999999999998,0.691462461274013,0.6739456973085944,0.5533695114058022,0.551999159445588
0.24,0.691462461274013,0.6732889526223412,0.5558388960833073,0.5542816892417886
0.25,0.691462461274013,0.6726395769907114,0.5583274159402436,0.5565670411286606
0.26,0.691462461274013,0.6719974339045695,0.5608358994295731,0.5588553438529712
0.27,0.691462461274013,0.671362390361439,0.5633651807565219,0.5611467276061752
0.27999999999999997,0.691462461274013,0.6707343167507974,0.5659161005114193,0.5634413240986552
0.29000000000000004,0.691462461274013,0.670113086743913,0.5684895063551818,0.5657392666361339
0.3,0.691462461274013,0.6694985771880105,0.5710862537608705,0.568040690198388
0.31,0.691462461274013,0.6688906680045709,0.5737072068150272,0.5703457315204068
0.32,0.691462461274013,0.6682892420915725,0.5763532390828054,0.5726545291761398
0.33,0.691462461274013,0.6676941852294969,0.5790252345412592,0.5749672236649889
0.33999999999999997,0.691462461274013,0.6671053859909291,0.5817240885855508,0.5772839575012094
0.35,0.691462461274013,0.6665227356535903,0.5844507091132853,0.5796048753063904
0.36,0.691462461274013,0.665946128116653,0.5872060176926817,0.5819301239051977
0.37000000000000005,0.691462461274013,0.6653754598201896,0.5899909508208605,0.5842598524245709
0.37999999999999995,0.691462461274013,0.6648106296676222,0.5928064612791705,0.5865942123965798
0.39,0.691462461274013,0.6642515389510364,0.5956535195931998,0.5889333578651537
0.4,0.691462461274013,0.6636980912792416,0.5985331156059385,0.5912774454969142
0.41,0.691462461274013,0.663150192508455,0.601446260173486,0.5936266346963542
0.42,0.691462461274013,0.662607750675498,0.6043939869937476,0.5959810877256202
0.43,0.691462461274013,0.6620706759334009,0.6073773545797503,0.5983409698291723
0.44,0.691462461274013,0.6615388804893103,0.6103974483905666,0.6007064493636152
0.44999999999999996,0.691462461274013,0.6610122785446062,0.6134553831343653,0.6030776979330084
0.45999999999999996,0.691462461274013,0.6604907862371336,0.6165523052598604,0.6054548905299895
0.47000000000000003,0.691462461274013,0.6599743215854645,0.6196893956544287,0.6078382056830612
0.48,0.691462461274013,0.6594628044351029,0.6228678725694462,0.6102278256104221
0.49,0.691462461274013,0.6589561564065559,0.6260889947960149,0.6126239363807409
0.5,0.691462461274013,0.6584543008451956,0.6293540651172507,0.615026728081308
0.51,0.691462461274013,0.6579571627728364,0.6326644340667709,0.6174363949940237
0.52,0.691462461274013,0.6574646688409616,0.6360215040270044,0.6198531357797181
0.53,0.691462461274013,0.6569767472855326,0.6394267337055745,0.6222771536713306
0.54,0.691462461274013,0.6564933278833174,0.6428816430333639,0.62470865667652
0.55,0.691462461274013,0.6560143419096797,0.6463878185341154,0.6271478577903123
0.5599999999999999,0.691462461274013,0.6555397220977697,0.6499469192227054,0.629594975218445
0.57,0.691462461274013,0.6550694025990633,0.6535606830977676,0.6320502326121101
0.5800000000000001,0.691462461274013,0.6546033189451973,0.6572309343043745,0.6345138593148598
0.59,0.691462461274013,0.65414140801105,0.6609595910543156,0.6369860906224897
0.6,0.691462461274013,0.6536836079790198,0.6647486744055265,0.6394671680567855
0.61,0.691462461274013,0.6532298583044572,0.6686003180188655,0.641957339654086
0.62,0.691462461274013,0.6527800996822045,0.6725167790303124,0.6444568602696933
0.63,0.691462461274013,0.6523342740142033,0.6765004502004761,0.6469659918992463
0.64,0.691462461274013,0.65189232437813,0.6805538735319736,0.649485004018264
0.6499999999999999,0.691462461274013,0.6514541949970183,0.6846797555799271,0.6520141739411708
0.66,0.691462461274013,0.6510198312098362,0.6888809847229973,0.6545537872012206
0.6699999999999999,0.691462461274013,0.6505891794429791,0.6931606507139074,0.6571041379528686
0.6799999999999999,0.691462461274013,0.6501621871826475,0.6975220668917528,0.6596655293982668
0.6900000000000001,0.691462461274013,0.6497388029480756,0.7019687955166861,0.6622382742397119
0.7,0.691462461274013,0.6493189762655812,0.7065046767849659,0.6648226951600389
0.7100000000000001,0.691462461274013,0.6489026576434072,0.7111338622043123,0.6674191253331363
0.72,0.691462461274013,0.648489798547325,0.7158608531632809,0.6700279089669575
0.73,0.691462461274013,0.6480803513769754,0.7206905457237256,0.6726494018816301
0.7400000000000001,0.691462461274013,0.6476742694429174,0.7256282829155598,0.6752839721255102
0.75,0.691462461274013,0.6472715069443633,0.7306799161360829,0.6779320006323055
0.7599999999999999,0.691462461274013,0.6468720189475737,0.7358518776771543,0.6805938819226998
0.77,0.691462461274013,0.6464757613648907,0.7411512669575915,0.6832700248542494
0.78,0.691462461274013,0.6460826909343865,0.7465859537751158,0.6859608534237105
0.7899999999999999,0.691462461274013,0.6456927652001065,0.7521647028835752,0.6886668076263808
0.8,0.691462461274013,0.6453059424928868,0.7578973255514004,0.6913883443775194
0.8099999999999999,0.691462461274013,0.6449221819117256,0.763794865621123,0.6941259385014479
0.82,0.691462461274013,0.6445414433056905,0.7698698302006074,0.6968800837945427
0.8300000000000001,0.691462461274013,0.6441636872563437,0.7761364788331176,0.6996512941690098
0.84,0.691462461274013,0.6437888750606666,0.7826111903781566,0.7024401048851053
0.8500000000000001,0.691462461274013,0.6434169687144689,0.7893129347916401,0.7052470738803394
0.86,0.691462461274013,0.6430479308962637,0.7962638890102366,0.708072783205185
0.87,0.691462461274013,0.6426817249515961,0.8034902547415403,0.710917840575945
0.88,0.691462461274013,0.642318314877808,0.8110233655491624,0.7137828810567026
0.89,0.691462461274013,0.6419576653092247,0.8189012191993981,0.7166685688837455
0.8999999999999999,0.691462461274013,0.6415997415027527,0.827170653928671,0.7195755994475246
0.91,0.691462461274013,0.641244509323871,0.8358905341000079,0.7225047014491206
0.9199999999999999,0.691462461274013,0.640891935233007,0.8451365845916949,0.7254566392503992
0.9299999999999999,0.691462461274013,0.6405419862722813,0.855009055416515,0.7284322154395706
0.9400000000000001,0.691462461274013,0.6401946300526132,0.8656455520774435,0.7314322736368083
0.95,0.691462461274013,0.6398498347411717,0.8772440578340951,0.7344577015679781
0.96,0.691462461274013,0.6395075690491646,0.8901082371279356,0.7375094344384935
0.97,0.691462461274013,0.6391678022199518,0.9047489192303202,0.7405884586439161
0.98,0.691462461274013,0.6388305040174755,0.9221614147677855,0.7436958158593274
0.9900000000000001,0.691462461274013,0.6384956447149949,0.9449132572419023,0.7468326075558298
