graph,k,null,axis,nodes,edges,isolated,quotient_median,quotient_mean,edge_corr,random_pair_corr,quotient_dc_median,edge_corr_dc,random_pair_corr_dc,top1_kept@0.1,top10_overlap@0.1,choice_regret@0.1,top1_kept@1,top10_overlap@1,choice_regret@1,top1_kept@10,top10_overlap@10,choice_regret@10
I-cat,10,er,I2I,3327,29558,0,0.9896084473604357,0.9849527944685682,0.050021600671136576,0.05082744993752572,0.9920978662684075,0.009235693831672808,0.009559991537272874,0.0007087172218284905,0.16945428773919208,0.0,0.0007087172218284905,0.16881644223954642,0.0,0.0007087172218284905,0.1696669029057406,0.0
I-cat,10,real,I2I,3327,29558,0,0.9536350536063742,0.9441907798542084,0.05320997819583251,0.0500722961494504,0.9672208261104333,0.02234492495273187,0.009060332255143596,0.014883061658398299,0.16576895818568393,0.0,0.014174344436569808,0.16520198440822115,0.0,0.012756909992912827,0.16456413890857546,0.0
I-cat,10,rewired,I2I,3327,29558,0,0.987534737837852,0.9784468689382197,0.05081156974932756,0.04996323977223659,0.9975185488939785,0.008360062453517586,0.00911032586275687,0.007087172218284904,0.16364280652019847,0.0,0.008504606661941885,0.16335931963146705,0.0,0.007795889440113395,0.16335931963146705,0.0
I-coauthor,10,er,I2I,3327,30080,0,0.9941206517680006,0.9830842474393089,0.05016771430556049,0.04988790531302499,1.0043134966739453,0.008178178151963776,0.008721985410851035,0.01630049610205528,0.17165131112686038,0.0,0.01630049610205528,0.17214741318214033,0.0,0.014883061658398299,0.15464209780297664,0.0
I-coauthor,10,real,I2I,3327,30080,0,1.0006783974269235,0.9264070583395637,0.051582373579239636,0.05002241107038708,1.0747832220726061,0.012102360966686992,0.010587712484733168,0.0007087172218284905,0.17037562012756907,0.0,0.0007087172218284905,0.16987951807228915,0.0,0.0007087172218284905,0.16881644223954642,0.0
I-coauthor,10,rewired,I2I,3327,30080,0,1.0193576709716545,1.0203276337180456,0.05059864100593452,0.05017608239681431,1.0165402941935338,0.008788285146182781,0.008902390187427622,0.029766123316796598,0.16839121190644935,0.0,0.029766123316796598,0.16846208362863216,0.0,0.03047484053862509,0.15159461374911412,0.0
I-coeng,10,er,I2I,3327,31680,0,1.013126269634137,1.0247075695196253,0.049868215566177904,0.0501730629727947,1.0030039242990756,0.009232461860453954,0.00906938934376389,0.010630758327427357,0.16541459957476967,0.0,0.010630758327427357,0.16555634301913538,0.0,0.010630758327427357,0.16562721474131822,0.0
I-coeng,10,real,I2I,3327,31680,0,2.136974655293462,2.4192158854935815,0.07624547217886547,0.049929378078299586,1.8983846300405043,0.047386361066121055,0.008823363966362307,0.003543586109142452,0.1816442239546421,0.0,0.002834868887313962,0.18157335223245927,0.0,0.002834868887313962,0.1806520198440822,0.0
I-coeng,10,rewired,I2I,3327,31680,0,1.7899068511165854,1.984922392847483,0.05580353144278554,0.05047632391384404,1.5832482031688635,-0.0008970419875301612,0.009136317637278311,0.014883061658398299,0.1816442239546421,0.0,0.01700921332388377,0.17951807228915664,0.0,0.01842664776754075,0.17937632884479093,0.0
I-mf,10,er,I2I,3327,25492,0,0.9981207442427488,0.9982330186683726,0.049960684423550145,0.05028626550862104,0.9977112036581628,0.009867149685097061,0.009258573683438956,0.001417434443656981,0.1596739900779589,0.0,0.0007087172218284905,0.1591070163004961,0.0,0.0007087172218284905,0.15875265768958186,0.0
I-mf,10,real,I2I,3327,25492,0,0.8845856360005526,0.8723443618924174,0.07066351951880091,0.0500581997549517,0.9210775488388822,0.06002568652173416,0.010017392081738793,0.001417434443656981,0.18377037562012757,0.0,0.004252303330970942,0.1851878100637846,0.0,0.009213323883770375,0.18072289156626506,0.0
I-mf,10,rewired,I2I,3327,25492,0,0.9357108263794377,0.921820335947442,0.05127008995090799,0.05045215867731143,0.9595758487615753,0.009584544567941559,0.009741795321769888,0.010630758327427357,0.17448618001417435,0.0,0.012756909992912827,0.17377746279234585,0.0,0.01559177888022679,0.17257264351523743,0.0
I-tag,10,er,I2I,3327,30094,0,0.9895340363340734,0.9838944507832075,0.05014298631825166,0.050254678285734704,0.9961200326359563,0.00947503593839851,0.008758558593814933,0.18426647767540752,0.15251594613749114,0.0,0.18710134656272148,0.15209071580439407,0.0,0.1927710843373494,0.15116938341601702,0.0
I-tag,10,real,I2I,3327,30094,0,1.0151595406464335,1.019604655050898,0.05331243643478416,0.05007275434595303,1.0137103288948042,0.023154624877437975,0.008803849504013262,0.020552799433026223,0.1712260807937633,0.0,0.021261516654854713,0.17072997873848336,0.0,0.023387668320340185,0.17150956768249467,0.0
I-tag,10,rewired,I2I,3327,30094,0,1.01659931763638,1.020103283059356,0.04995777290909276,0.05024989276630404,1.0153966216227777,0.007864590991036842,0.009109023040284792,0.026931254429482635,0.16853295535081503,0.0,0.026931254429482635,0.16881644223954642,0.0,0.026931254429482635,0.16973777462792347,0.0
U-coauthor,10,er,U2U,1411,11182,0,1.0024028896690957,inf,0.13324233656153955,0.13206881647769006,1.0020893915013607,0.009351301033382236,0.009271467927160276,0.04748405386250886,0.16626506024096388,0.0,0.040396881644223954,0.16633593196314672,0.0,0.010630758327427357,0.13720765414599576,0.0007117284634386873
U-coauthor,10,real,U2U,1411,11182,0,0.7600243945271925,-inf,0.18489585635734904,0.13256707461698533,0.7751599590179414,0.06223713384920395,0.00981879625265247,0.05527994330262225,0.16491849751948973,0.0,0.042523033309709427,0.163855421686747,0.0,0.012756909992912827,0.13571934798015592,0.0
U-coauthor,10,rewired,U2U,1411,11182,0,0.8765438194649956,inf,0.15359385112786572,0.13120820204559056,0.8802467715213638,0.014312378102909709,0.009392104961780877,0.04890148830616584,0.16612331679659817,0.0,0.042523033309709427,0.16555634301913538,0.0,0.013465627214741318,0.13529411764705884,0.0
U-coeng,10,er,U2U,1411,12563,0,0.9984110098044351,inf,0.1324141692947978,0.13268122145459002,0.9983547728027908,0.010044098710826089,0.008823494917528409,0.0517363571934798,0.16654854712969525,0.0,0.04606661941885188,0.16513111268603828,0.0,0.012756909992912827,0.13593196314670447,0.001589288697786437
U-coeng,10,real,U2U,1411,12563,0,0.6426133576864869,inf,0.19315651456474298,0.13172746702555807,0.6496003225412785,0.06674832968290541,0.008319000967894114,0.04961020552799433,0.16626506024096388,0.0,0.03614457831325301,0.16406803685329555,0.0,0.009922041105598866,0.13777462792345854,0.003582867130098352
U-coeng,10,rewired,U2U,1411,12563,0,0.784986342319846,inf,0.1658167968556512,0.13172755105507192,0.7867471271316299,0.021801730923858675,0.010030724002187831,0.05527994330262225,0.16697377746279235,0.0,0.03897944720056697,0.16555634301913538,0.0,0.014174344436569808,0.1372785258681786,0.0021471060942352175
U-coeng-idf,10,er,U2U,1411,11193,0,0.9964017564086309,-inf,0.13422954353833572,0.13179977380547084,0.996927156128192,0.010184056037903776,0.009255271511503942,0.03897944720056697,0.1677533664068037,0.0,0.03827072997873848,0.1667611622962438,0.0,0.009922041105598866,0.13685329553508152,0.0015279990123528795
U-coeng-idf,10,real,U2U,1411,11193,0,0.7431960983423946,-inf,0.18593445584877963,0.13202727752188073,0.7557478901661819,0.06328076080265552,0.010092207358666077,0.04819277108433735,0.1642806520198441,0.0,0.03330970942593905,0.1635719347980156,0.0,0.013465627214741318,0.1362863217576187,0.0007311742447009682
U-coeng-idf,10,rewired,U2U,1411,11193,0,0.8576238712591109,-inf,0.1547747067936449,0.13229411849684417,0.8645573032998806,0.015170837433274386,0.009054486837622045,0.04961020552799433,0.16484762579730686,0.0,0.03897944720056697,0.16435152374202694,0.0,0.012756909992912827,0.1371367824238129,0.002206304811678756
U-cotag,10,er,U2U,1411,10716,0,1.005904492798422,-inf,0.1312829974642665,0.13222751793677287,1.00631423263007,0.010073041446941801,0.00884995347187193,0.0446491849751949,0.16598157335223246,0.0,0.042523033309709427,0.16605244507441533,0.0,0.014883061658398299,0.1355067328136074,0.001537568432897062
U-cotag,10,real,U2U,1411,10716,0,0.824771266541723,-inf,0.1478652523414511,0.13285471664075696,0.8298158815630272,0.02216568946803156,0.008877654387497921,0.05102763997165131,0.16506024096385544,0.0,0.04677533664068037,0.16463501063075833,0.0,0.01559177888022679,0.13501063075832742,0.0021394986049324913
U-cotag,10,rewired,U2U,1411,10716,0,0.8743630999770465,inf,0.1417331714806526,0.13305154638460465,0.8755707282891102,0.014112364423801824,0.009858602625199712,0.05102763997165131,0.1664776754075124,0.0,0.04819277108433735,0.16562721474131822,0.0,0.012756909992912827,0.1346562721474132,0.0
U-cotime,10,er,U2U,1411,11298,0,1.0097268872709086,inf,0.13151499312951936,0.13206723544467897,1.0085713973715114,0.00977915784958191,0.008467183081714553,0.06307583274273565,0.16768249468462085,0.0,0.05527994330262225,0.16761162296243798,0.0,0.009922041105598866,0.13593196314670447,0.0023353062813379556
U-cotime,10,real,U2U,1411,11298,0,0.9308839954608069,-inf,0.13943679755322252,0.1321423690120245,0.9344409733523861,0.01563051047705897,0.009435833981552547,0.04323175053153792,0.1674698795180723,0.0,0.040396881644223954,0.16683203401842664,0.0,0.020552799433026223,0.13706591070163004,0.005363379299658855
U-cotime,10,rewired,U2U,1411,11298,0,0.9497134341481839,-inf,0.13570907759724887,0.13120435928705165,0.9512770479458057,0.011317066490725414,0.009381269044409403,0.042523033309709427,0.16711552090715806,0.0,0.041105598866052445,0.166194188518781,0.0,0.010630758327427357,0.13571934798015592,0.003636089473975106
U-demo,10,er,U2U,1411,10934,0,1.0075098111425211,-inf,0.13319546128770945,0.13215130215010282,1.008353732697982,0.009625650882753231,0.010256734280439958,0.05244507441530829,0.16406803685329555,0.0,0.04535790219702339,0.16484762579730688,0.0,0.011339475549255847,0.1350815024805103,0.0008162705489141924
U-demo,10,real,U2U,1411,10934,0,0.9876988547383644,-inf,0.13517830547274945,0.1326876895369891,0.9885011031179697,0.01223505181411963,0.009551183781080776,0.06165839829907867,0.16591070163004962,0.0,0.0673281360737066,0.16484762579730688,0.0,0.039688164422395464,0.13373493975903614,0.009933595653697821
U-demo,10,rewired,U2U,1411,10934,0,0.9989198255724224,-inf,0.13278549622579605,0.1321875074780137,1.00021213264865,0.009665817038279964,0.009256349694461832,0.04890148830616584,0.16739900779588943,0.0,0.04819277108433735,0.16669029057406096,0.0,0.012048192771084338,0.13621545003543586,0.002248999653605649
U-feat,10,er,U2U,1411,10789,0,0.9926244078538574,inf,0.13198256378783557,0.13244591771674927,0.9920248044198736,0.009126148116512614,0.009975392772958055,0.04535790219702339,0.16633593196314672,0.0,0.04606661941885188,0.16640680368532956,0.0,0.012048192771084338,0.13607370659107015,0.0
U-feat,10,real,U2U,1411,10789,0,0.9727675900070066,inf,0.14121251933064444,0.1323183353184382,0.973976476676972,0.020266014803420156,0.008956041232714842,0.06094968107725018,0.16591070163004962,0.0,0.05386250885896527,0.16633593196314672,0.0,0.012756909992912827,0.13671155209071584,0.002176480881008121
U-feat,10,rewired,U2U,1411,10789,0,0.9903697802294024,inf,0.13324554528048016,0.13328107747774964,0.9898111997373998,0.010962701945141842,0.009013252685664178,0.05102763997165131,0.16704464918497522,0.0,0.05315379163713678,0.16782423812898653,0.0,0.013465627214741318,0.13593196314670447,0.0
U-geo,10,er,U2U,1411,10263,0,1.0072786658331956,inf,0.13220420009683484,0.13211807660846173,1.0071324171974962,0.009510652248338114,0.007902357839673618,0.05669737774627923,0.16881644223954642,0.0,0.0517363571934798,0.16697377746279235,0.0,0.012048192771084338,0.1367115520907158,0.0007117284634386873
U-geo,10,real,U2U,1411,10263,0,0.9429708619743454,-inf,0.1407981658656166,0.13276457117954457,0.9474872746145323,0.020434004322994706,0.00865047673716786,0.07866761162296244,0.16569808646350107,0.0,0.07512402551381998,0.1647058823529412,0.0,0.06094968107725018,0.13536498936924168,0.02625757417761399
U-geo,10,rewired,U2U,1411,10263,0,1.0034797618463969,inf,0.13263002839264165,0.13218718475656868,1.0033318647998604,0.009605298561085614,0.009198459051192362,0.04819277108433735,0.16711552090715806,0.0,0.05244507441530829,0.1669029057406095,0.0,0.013465627214741318,0.13586109142452163,0.0039294231489606
U-mf,10,er,U2U,1411,10971,0,0.9941865032360409,-inf,0.13258953949504884,0.13068486048644162,0.9944411156296284,0.009969272570122659,0.009279681683965795,0.05386250885896527,0.16661941885187811,0.0,0.05102763997165131,0.16612331679659817,0.0,0.012756909992912827,0.13557760453579024,0.0017318014162301721
U-mf,10,real,U2U,1411,10971,0,0.8495255762455156,inf,0.16887723260266838,0.1330044788616399,0.865855936369287,0.05356242785122555,0.010036605440589605,0.05669737774627923,0.1654145995747697,0.0,0.03756201275690999,0.16541459957476967,0.0,0.012048192771084338,0.1351523742026931,0.003735038179476373
U-mf,10,rewired,U2U,1411,10971,0,0.9115495350780982,inf,0.14074844630837105,0.13229500436078503,0.9124107895196983,0.012526601739664604,0.009673788975740887,0.0517363571934798,0.16761162296243798,0.0,0.04748405386250886,0.16583982990786675,0.0,0.011339475549255847,0.13543586109142453,0.0029825930598787716
U-soc,10,er,U2U,1411,47,1320,0.9329324270993365,inf,0.13792946260598984,0.13324328968199695,0.9287118367033427,0.012149164916804135,0.008966104579062785,0.9588944011339475,0.9450035435861092,0.0,0.9588944011339475,0.945074415308292,0.0,0.9588944011339475,0.9449326718639263,0.0
U-soc,10,real,U2U,1411,47,1331,0.7691444075867847,-inf,0.19159954362397288,0.13176198347871745,0.8115334762546608,0.07706754015741908,0.00921517354081306,0.9652728561304039,0.9509567682494684,0.0,0.9652728561304039,0.9506024096385541,0.0,0.9652728561304039,0.9506732813607369,0.0
U-soc,10,rewired,U2U,1411,47,1331,0.8305991839293392,-inf,0.12774675537287192,0.13228966630982758,0.8445549246139017,0.00521207144360513,0.009447345055847328,0.96243798724309,0.9512402551381999,0.0,0.96243798724309,0.951169383416017,0.0,0.96243798724309,0.9515237420269312,0.0
U-soc+mf,10,er,U2U,1411,11003,0,1.009348220525993,inf,0.13219954947788898,0.1322336621526535,1.0085056761030002,0.009589819979346794,0.009471124629904543,0.05102763997165131,0.16598157335223246,0.0,0.04394046775336641,0.1654145995747697,0.0,0.012048192771084338,0.13479801559177887,0.002431325786630515
U-soc+mf,10,real,U2U,1411,11003,0,0.848904808223353,inf,0.16892320635120828,0.13255550949235403,0.8659333733603266,0.05360222174071299,0.009276679497147977,0.060240963855421686,0.16520198440822115,0.0,0.03827072997873848,0.16541459957476967,0.0,0.012048192771084338,0.1350815024805103,0.003735038179476373
U-soc+mf,10,rewired,U2U,1411,11003,0,0.909957726838557,inf,0.14169613737046374,0.13194705489085123,0.9098976432526182,0.01386777491156632,0.0091606682837593,0.058114812189936214,0.166194188518781,0.0,0.04819277108433735,0.16491849751948973,0.0,0.009922041105598866,0.13621545003543586,0.0022027572687496754
