panel,order,batch,policy,regret,conditional_mc_halfwidth,repetitions,views_fraction,ms_per_decision
astronomy,7,1,ar_greedy,0.0625290628902098,0.0,1,0.8973324424948828,0.2127893646408873
astronomy,7,1,ar_predictive_ts,0.08233281916684154,0.0059136054891921275,10,0.8884729124515134,0.4102781773480661
astronomy,7,1,ar_predictive_ucb,0.0650301335484401,0.0,1,0.895945189826499,0.6072642707182292
astronomy,7,1,empirical_predictive_ts,0.07123098678486676,0.005469315338360106,10,0.8941796298613456,0.49558462320441754
astronomy,7,1,factor_predictive_ts,0.07123098678486676,0.005469315338360106,10,0.8941796298613456,0.6593326204419906
astronomy,7,1,fit_mean,0.0603485314018937,0.0,1,0.8984609427935341,0.0442856795580126
astronomy,7,1,iid_ts,0.0603485314018937,0.0,10,0.8984609427935342,0.2900389508287304
astronomy,7,1,iid_ucb,0.0603485314018937,0.0,1,0.8984609427935341,0.4371929060773463
astronomy,7,1,last_value,0.0623310558980858,0.0,1,0.8974438759971763,0.1352387182320423
astronomy,7,1,rewired_predictive_ts,0.06281295853631043,0.002586985572070971,10,0.8972712012862072,0.8173987801104998
astronomy,7,1,round_robin,1.23962073540868,0.0,1,0.3272953058637158,0.0322094806629818
astronomy,7,1,st_greedy,0.0603485314018937,0.0,1,0.8984609427935341,0.4134958563535921
astronomy,7,1,st_predictive_ts,0.06281295853631043,0.002586985572070971,10,0.8972712012862072,0.4332700276243079
astronomy,7,1,st_predictive_ucb,0.0603485314018937,0.0,1,0.8984609427935341,0.402166436464095
astronomy,7,1,st_state_ts,0.0797167758201249,0.007370540122729501,10,0.888380365983507,0.4511174729281745
astronomy,7,1,st_state_ucb,0.0603485314018937,0.0,1,0.8984609427935341,0.4720488011049812
astronomy,7,1,sw_ucb,0.0603485314018937,0.0,1,0.8984609427935341,0.2782930497237574
astronomy,7,5,ar_greedy,0.0800238068697542,0.0,1,0.9117722245463228,0.7121351325966846
astronomy,7,5,ar_predictive_ts,0.08173034204751624,0.0033325991048012834,10,0.9279726278017,0.8659862337016608
astronomy,7,5,ar_predictive_ucb,0.0713798960912883,0.0,1,0.9290686795984312,1.1591777127071905
astronomy,7,5,empirical_predictive_ts,0.07163590660601518,0.004210708407656037,10,0.9323514016405149,1.0240603596685105
astronomy,7,5,factor_predictive_ts,0.07163590660601518,0.004210708407656037,10,0.9323514016405149,0.8685289602209929
astronomy,7,5,fit_mean,0.0726011781018522,0.0,1,0.9147577454158724,0.1886461767955933
astronomy,7,5,iid_ts,0.07209330549852318,0.0004890817776422382,10,0.9152170563188798,0.3127676558011047
astronomy,7,5,iid_ucb,0.0729734247507663,0.0,1,0.9146398744213708,0.3715460386740428
astronomy,7,5,last_value,0.0726133555453671,0.0,1,0.9153815412834994,0.1032159337016472
astronomy,7,5,rewired_predictive_ts,0.06529196675689478,0.0034727568455058732,10,0.9374923435811822,1.0562766116022073
astronomy,7,5,round_robin,0.7497818317518161,0.0,1,0.5254662213498515,0.0969917127071838
astronomy,7,5,st_greedy,0.066954814109161,0.0,1,0.9203039171470824,0.7478674033149321
astronomy,7,5,st_predictive_ts,0.06629607675974285,0.003122620396149701,10,0.9359693879823245,1.0344700966850813
astronomy,7,5,st_predictive_ucb,0.0539089560433261,0.0,1,0.9410216000824206,0.7514304751381103
astronomy,7,5,st_state_ts,0.08114813714630169,0.0037158216343148682,10,0.9291150115094939,0.8923546734806619
astronomy,7,5,st_state_ucb,0.0527883422774759,0.0,1,0.9420886740225688,0.7481563038673952
astronomy,7,5,sw_ucb,0.11191407722751,0.0,1,0.9140022725052692,0.2368084751381145
astronomy,20,1,ar_predictive_ts,0.08358423695931427,0.010542861141447717,3,0.889293963310362,4.643801791896888
astronomy,20,1,ar_predictive_ucb,0.0625681288498698,0.0,1,0.8972866414367366,5.708252988950289
astronomy,20,1,st_predictive_ts,0.06351776376949743,0.009295733526293795,3,0.8966244934930233,3.1962846095764132
astronomy,20,1,st_predictive_ucb,0.0603485314018937,0.0,1,0.8984609427935341,3.393726519337041
astronomy,20,5,ar_predictive_ts,0.07444481618839664,0.009919281460828388,3,0.9306359382625183,7.09667641252303
astronomy,20,5,ar_predictive_ucb,0.065539798062362,0.0,1,0.9318808083753132,6.890988259668526
astronomy,20,5,st_predictive_ts,0.06168929701654253,0.009168429471922273,3,0.9379905044076923,6.958945287292825
astronomy,20,5,st_predictive_ucb,0.0521616362991548,0.0,1,0.9421229664655536,6.897881906077391
football,7,1,ar_greedy,0.1453160842130751,0.0,1,0.8254021604869882,0.4841710386740858
football,7,1,ar_predictive_ts,0.5313243822421742,0.01703370409796487,10,0.6466080003875129,0.4969648237568891
football,7,1,ar_predictive_ucb,0.1803042479307003,0.0,1,0.8091552220700914,0.5361134917126955
football,7,1,empirical_predictive_ts,0.4302020089226818,0.015902324933591314,10,0.688698616548343,0.49704730662985447
football,7,1,factor_predictive_ts,0.4302020089226818,0.015902324933591314,10,0.688698616548343,0.4559554563535819
football,7,1,fit_mean,0.1364096288897011,0.0,1,0.8300782085365156,0.0560488066298446
football,7,1,iid_ts,0.13640962888970112,2.0929158062677837e-17,10,0.8300782085365157,0.374983724861867
football,7,1,iid_ucb,0.1364096288897011,0.0,1,0.8300782085365156,0.4161774861878378
football,7,1,last_value,0.1460463794695757,0.0,1,0.8253707266019815,0.1711121104972586
football,7,1,rewired_predictive_ts,0.38707351651160193,0.015953161144046005,10,0.7071090951627373,0.44467334254143304
football,7,1,round_robin,1.5487292001807635,0.0,1,0.2400623833789983,0.0213885801104541
football,7,1,st_greedy,0.1408087954890423,0.0,1,0.8282466694252907,0.3398966353590671
football,7,1,st_predictive_ts,0.39109020097542296,0.015654920243031265,10,0.7061845009303915,0.4595259447513981
football,7,1,st_predictive_ucb,0.1646972536829878,0.0,1,0.8169407770147188,0.3054436022099876
football,7,1,st_state_ts,0.48721011583774365,0.021463512688131566,10,0.6561461618968752,0.5507318834254037
football,7,1,st_state_ucb,0.1507128219217575,0.0,1,0.8291871094275374,0.6271942928176756
football,7,1,sw_ucb,0.6193034971748764,0.0,1,0.67005551430216,0.2723114640884158
football,7,5,ar_greedy,0.1295733593891311,0.0,1,0.884275011177896,0.7872923535911909
football,7,5,ar_predictive_ts,0.23363687472393893,0.00667648288022834,10,0.8332037198622476,0.7956589320442087
football,7,5,ar_predictive_ucb,0.1437123964568272,0.0,1,0.8759151390945971,0.9720276243093396
football,7,5,empirical_predictive_ts,0.21065718810205963,0.006357297748701342,10,0.84378401076616,0.8653525331492007
football,7,5,factor_predictive_ts,0.21065718810205963,0.006357297748701342,10,0.84378401076616,0.7794509911602349
football,7,5,fit_mean,0.1783164646170026,0.0,1,0.8508635173377901,0.1719475138121274
football,7,5,iid_ts,0.18109163902286238,0.0011399129709144839,10,0.8499146145848213,0.33483848950277706
football,7,5,iid_ucb,0.1807858469513374,0.0,1,0.8515965484957051,0.3139523480663122
football,7,5,last_value,0.1802678605611777,0.0,1,0.8396499317385465,0.1481588397790549
football,7,5,rewired_predictive_ts,0.20585450908853398,0.0036393113776398973,10,0.8459909011263692,0.8572208325966765
football,7,5,round_robin,0.9725256990715568,0.0,1,0.4368633077107802,0.021887662983418
football,7,5,st_greedy,0.1417024392005876,0.0,1,0.8762290046829967,0.7457983425414542
football,7,5,st_predictive_ts,0.2053487139164639,0.003958872874611937,10,0.846463963834476,0.8062474911602366
football,7,5,st_predictive_ucb,0.136173411713864,0.0,1,0.8812615123483134,0.7109921767955799
football,7,5,st_state_ts,0.25145834209859774,0.007162194410073673,10,0.81770362013463,0.8551948662983555
football,7,5,st_state_ucb,0.1314868290630877,0.0,1,0.8811803592759289,0.8053121546960877
football,7,5,sw_ucb,0.2993546146444565,0.0,1,0.8103230688332842,0.1409792817679953
football,20,1,ar_predictive_ts,0.490808028898763,0.04901357655744309,3,0.663040175425126,3.7620759686925003
football,20,1,ar_predictive_ucb,0.1809236573223145,0.0,1,0.8094945534352856,2.7616749502761495
football,20,1,st_predictive_ts,0.3856156447519106,0.08764660679442897,3,0.7082240662289627,3.003890578268864
football,20,1,st_predictive_ucb,0.1518093878245942,0.0,1,0.8287950876567378,2.909087016574582
football,20,5,ar_predictive_ts,0.21860050672050813,0.023223751188116606,3,0.839307806306412,6.534853053406941
football,20,5,ar_predictive_ucb,0.1356352130575522,0.0,1,0.8811934499077685,6.163795121546919
football,20,5,st_predictive_ts,0.20191848811248314,0.04574508077629726,3,0.8434714527667744,6.506650935543291
football,20,5,st_predictive_ucb,0.1320083491946107,0.0,1,0.8819966663113916,6.239063071823345
