case,policy,t,mean_regret,ci95_halfwidth,coefficient
fast_noise_decoy,fixed,1000,1343.4105832141213,49.733422221893825,1.3434105832141212
fast_noise_decoy,fixed,2500,3323.2397335926735,82.58123713518205,1.3292958934370693
fast_noise_decoy,fixed,5000,6673.157811429879,132.99153379415728,1.334631562285976
fast_noise_decoy,fixed,10000,13276.701352416203,179.3414334780301,1.3276701352416203
fast_noise_decoy,fixed,20000,26665.209233416845,265.1754236774627,1.3332604616708423
fast_noise_decoy,fixed,30000,39923.77972640626,307.69252054515334,1.3307926575468754
fast_noise_decoy,greedy,1000,1343.4105832141213,49.733422221893825,1.3434105832141212
fast_noise_decoy,greedy,2500,3323.2397335926735,82.58123713518205,1.3292958934370693
fast_noise_decoy,greedy,5000,6673.157811429879,132.99153379415728,1.334631562285976
fast_noise_decoy,greedy,10000,13276.701352416203,179.3414334780301,1.3276701352416203
fast_noise_decoy,greedy,20000,26665.209233416845,265.1754236774627,1.3332604616708423
fast_noise_decoy,greedy,30000,39923.77972640626,307.69252054515334,1.3307926575468754
fast_noise_decoy,past_state_genie,1000,461.7805672767346,18.79305950624897,0.4617805672767346
fast_noise_decoy,past_state_genie,2500,1178.3005704155069,32.04659564437548,0.4713202281662027
fast_noise_decoy,past_state_genie,5000,2330.138350922642,52.48410194005179,0.4660276701845284
fast_noise_decoy,past_state_genie,10000,4695.749133097734,70.29860874110545,0.46957491330977336
fast_noise_decoy,past_state_genie,20000,9368.407806638757,116.94410121449927,0.4684203903319379
fast_noise_decoy,past_state_genie,30000,14089.032249990381,121.32616598198543,0.46963440833301273
fast_noise_decoy,ps,1000,577.4769805063103,20.591992680853597,0.5774769805063102
fast_noise_decoy,ps,2500,1469.870198758323,37.583896081134334,0.5879480795033293
fast_noise_decoy,ps,5000,2914.2129935763282,60.99604553093844,0.5828425987152657
fast_noise_decoy,ps,10000,5862.27915327763,85.08784197018909,0.586227915327763
fast_noise_decoy,ps,20000,11681.985032571407,135.42755679245874,0.5840992516285703
fast_noise_decoy,ps,30000,17556.535662369206,133.19913071481642,0.5852178554123069
fast_noise_decoy,refresh,1000,1343.4105832141213,49.733422221893825,1.3434105832141212
fast_noise_decoy,refresh,2500,3323.2397335926735,82.58123713518205,1.3292958934370693
fast_noise_decoy,refresh,5000,6673.157811429879,132.99153379415728,1.334631562285976
fast_noise_decoy,refresh,10000,13276.701352416203,179.3414334780301,1.3276701352416203
fast_noise_decoy,refresh,20000,26665.209233416845,265.1754236774627,1.3332604616708423
fast_noise_decoy,refresh,30000,39923.77972640626,307.69252054515334,1.3307926575468754
fast_noise_decoy,ts,1000,799.3763849694367,14.283988141810463,0.7993763849694366
fast_noise_decoy,ts,2500,2004.5802568634379,25.411918427277662,0.8018321027453751
fast_noise_decoy,ts,5000,4002.1627967671607,37.183548282810875,0.8004325593534322
fast_noise_decoy,ts,10000,8046.894967169174,55.686945761802086,0.8046894967169175
fast_noise_decoy,ts,20000,16137.08486354201,88.73276963894175,0.8068542431771005
fast_noise_decoy,ts,30000,24257.763618255238,95.4670515596118,0.8085921206085079
fast_noise_decoy,two_step,1000,762.9953932423384,36.27959380063685,0.7629953932423384
fast_noise_decoy,two_step,2500,1939.9396741616863,62.23117958841167,0.7759758696646745
fast_noise_decoy,two_step,5000,3880.198695366723,89.40327016896141,0.7760397390733446
fast_noise_decoy,two_step,10000,7759.27405874899,163.83051319848033,0.775927405874899
fast_noise_decoy,two_step,20000,15416.746047687018,191.8443425358026,0.7708373023843509
fast_noise_decoy,two_step,30000,23102.65117297251,199.7170178816064,0.770088372432417
homogeneous_0,fixed,1000,1167.0217192778898,9.986053579765205,1.1670217192778898
homogeneous_0,fixed,2500,2913.7084544275217,15.807686118695255,1.1654833817710086
homogeneous_0,fixed,5000,5824.798834905751,22.877946139850707,1.1649597669811502
homogeneous_0,fixed,10000,11642.111179178257,30.50942775551523,1.1642111179178256
homogeneous_0,fixed,20000,23266.67841708626,44.82476516176318,1.163333920854313
homogeneous_0,fixed,30000,34907.96530392141,50.8301860042466,1.163598843464047
homogeneous_0,greedy,1000,1167.0217192778898,9.986053579765205,1.1670217192778898
homogeneous_0,greedy,2500,2913.7084544275217,15.807686118695255,1.1654833817710086
homogeneous_0,greedy,5000,5824.798834905751,22.877946139850707,1.1649597669811502
homogeneous_0,greedy,10000,11642.111179178257,30.50942775551523,1.1642111179178256
homogeneous_0,greedy,20000,23266.67841708626,44.82476516176318,1.163333920854313
homogeneous_0,greedy,30000,34907.96530392141,50.8301860042466,1.163598843464047
homogeneous_0,past_state_genie,1000,1167.0217192778898,9.986053579765205,1.1670217192778898
homogeneous_0,past_state_genie,2500,2913.7084544275217,15.807686118695255,1.1654833817710086
homogeneous_0,past_state_genie,5000,5824.798834905751,22.877946139850707,1.1649597669811502
homogeneous_0,past_state_genie,10000,11642.111179178257,30.50942775551523,1.1642111179178256
homogeneous_0,past_state_genie,20000,23266.67841708626,44.82476516176318,1.163333920854313
homogeneous_0,past_state_genie,30000,34907.96530392141,50.8301860042466,1.163598843464047
homogeneous_0,ps,1000,1167.0217192778898,9.986053579765205,1.1670217192778898
homogeneous_0,ps,2500,2913.7084544275217,15.807686118695255,1.1654833817710086
homogeneous_0,ps,5000,5824.798834905751,22.877946139850707,1.1649597669811502
homogeneous_0,ps,10000,11642.111179178257,30.50942775551523,1.1642111179178256
homogeneous_0,ps,20000,23266.67841708626,44.82476516176318,1.163333920854313
homogeneous_0,ps,30000,34907.96530392141,50.8301860042466,1.163598843464047
homogeneous_0,refresh,1000,1167.0217192778898,9.986053579765205,1.1670217192778898
homogeneous_0,refresh,2500,2913.7084544275217,15.807686118695255,1.1654833817710086
homogeneous_0,refresh,5000,5824.798834905751,22.877946139850707,1.1649597669811502
homogeneous_0,refresh,10000,11642.111179178257,30.50942775551523,1.1642111179178256
homogeneous_0,refresh,20000,23266.67841708626,44.82476516176318,1.163333920854313
homogeneous_0,refresh,30000,34907.96530392141,50.8301860042466,1.163598843464047
homogeneous_0,ts,1000,1162.8324269069788,9.817581584643978,1.1628324269069787
homogeneous_0,ts,2500,2903.966427238989,14.91579454049562,1.1615865708955957
homogeneous_0,ts,5000,5810.927663153598,21.89108569072394,1.1621855326307196
homogeneous_0,ts,10000,11606.022970626256,32.97683593812835,1.1606022970626255
homogeneous_0,ts,20000,23232.927447162405,51.0608682144267,1.1616463723581203
homogeneous_0,ts,30000,34848.002450856926,62.07740313606492,1.1616000816952308
homogeneous_0,two_step,1000,1167.0217192778898,9.986053579765205,1.1670217192778898
homogeneous_0,two_step,2500,2913.7084544275217,15.807686118695255,1.1654833817710086
homogeneous_0,two_step,5000,5824.798834905751,22.877946139850707,1.1649597669811502
homogeneous_0,two_step,10000,11642.111179178257,30.50942775551523,1.1642111179178256
homogeneous_0,two_step,20000,23266.67841708626,44.82476516176318,1.163333920854313
homogeneous_0,two_step,30000,34907.96530392141,50.8301860042466,1.163598843464047
homogeneous_0.1,fixed,1000,1167.0589822910174,10.987827006289045,1.1670589822910173
homogeneous_0.1,fixed,2500,2914.7848037280182,17.365514406114126,1.1659139214912073
homogeneous_0.1,fixed,5000,5826.112615290482,24.960351065029982,1.1652225230580964
homogeneous_0.1,fixed,10000,11644.442843839252,32.487277019486164,1.164444284383925
homogeneous_0.1,fixed,20000,23269.528892897782,47.625596298084155,1.163476444644889
homogeneous_0.1,fixed,30000,34912.792353347686,53.970163926623016,1.1637597451115895
homogeneous_0.1,greedy,1000,1114.694568471627,9.540856289182063,1.114694568471627
homogeneous_0.1,greedy,2500,2801.5605564458297,13.548863522623519,1.1206242225783318
homogeneous_0.1,greedy,5000,5600.752515335868,19.983607546294408,1.1201505030671737
homogeneous_0.1,greedy,10000,11198.255517436413,32.01864031873629,1.1198255517436413
homogeneous_0.1,greedy,20000,22405.245063113925,39.14421246711839,1.1202622531556963
homogeneous_0.1,greedy,30000,33588.836637768785,52.36121045211833,1.1196278879256263
homogeneous_0.1,past_state_genie,1000,1048.7665142332949,8.65128377932555,1.048766514233295
homogeneous_0.1,past_state_genie,2500,2618.9317786410534,14.68627625457583,1.0475727114564213
homogeneous_0.1,past_state_genie,5000,5241.362512735265,24.812286840348335,1.048272502547053
homogeneous_0.1,past_state_genie,10000,10470.37802129327,34.25161334074017,1.047037802129327
homogeneous_0.1,past_state_genie,20000,20929.508672908498,45.89037417679841,1.046475433645425
homogeneous_0.1,past_state_genie,30000,31401.830369283958,54.77044911934127,1.046727678976132
homogeneous_0.1,ps,1000,1143.3404294514053,9.805933505083264,1.1433404294514053
homogeneous_0.1,ps,2500,2854.0447539147904,17.12491077339625,1.1416179015659162
homogeneous_0.1,ps,5000,5714.8875003035,22.056208226226286,1.1429775000607
homogeneous_0.1,ps,10000,11401.766959929864,28.738647022725836,1.1401766959929864
homogeneous_0.1,ps,20000,22818.85999149349,46.67805724351559,1.1409429995746745
homogeneous_0.1,ps,30000,34227.53255838095,61.300832572115716,1.1409177519460318
homogeneous_0.1,refresh,1000,1167.0589822910174,10.987827006289045,1.1670589822910173
homogeneous_0.1,refresh,2500,2914.7848037280182,17.365514406114126,1.1659139214912073
homogeneous_0.1,refresh,5000,5826.112615290482,24.960351065029982,1.1652225230580964
homogeneous_0.1,refresh,10000,11644.442843839252,32.487277019486164,1.164444284383925
homogeneous_0.1,refresh,20000,23269.528892897782,47.625596298084155,1.163476444644889
homogeneous_0.1,refresh,30000,34912.792353347686,53.970163926623016,1.1637597451115895
homogeneous_0.1,ts,1000,1159.4706413042484,9.829464977047177,1.1594706413042484
homogeneous_0.1,ts,2500,2898.7159505630225,14.790282038805167,1.159486380225209
homogeneous_0.1,ts,5000,5800.9639180581125,21.834319406671874,1.1601927836116226
homogeneous_0.1,ts,10000,11582.117234960315,31.619969507695846,1.1582117234960314
homogeneous_0.1,ts,20000,23181.934516535406,49.6823502985644,1.1590967258267704
homogeneous_0.1,ts,30000,34771.22926912491,60.24115755536466,1.159040975637497
homogeneous_0.1,two_step,1000,1108.6828720333797,9.1943075504944,1.1086828720333797
homogeneous_0.1,two_step,2500,2792.7805851329013,15.509168748502033,1.1171122340531605
homogeneous_0.1,two_step,5000,5593.39270440478,21.277891424092363,1.1186785408809559
homogeneous_0.1,two_step,10000,11193.385478276063,35.22250806043263,1.1193385478276063
homogeneous_0.1,two_step,20000,22406.439951229844,46.78886224194263,1.1203219975614922
homogeneous_0.1,two_step,30000,33587.95447206276,63.587106542216446,1.119598482402092
homogeneous_0.5,fixed,1000,1170.0413706212487,16.911297257435308,1.1700413706212487
homogeneous_0.5,fixed,2500,2920.486467478285,26.942237994144698,1.168194586991314
homogeneous_0.5,fixed,5000,5833.128291605441,37.57901701102894,1.166625658321088
homogeneous_0.5,fixed,10000,11658.49464772629,49.32765026017763,1.165849464772629
homogeneous_0.5,fixed,20000,23283.10773471888,68.70664037440048,1.164155386735944
homogeneous_0.5,fixed,30000,34938.33501907997,78.52379025381506,1.1646111673026656
homogeneous_0.5,greedy,1000,896.8139024870193,9.231476378495634,0.8968139024870193
homogeneous_0.5,greedy,2500,2243.298081602707,15.824561653328653,0.8973192326410828
homogeneous_0.5,greedy,5000,4472.999427235411,25.198060710213145,0.8945998854470821
homogeneous_0.5,greedy,10000,8932.745268491828,35.83856554784108,0.8932745268491828
homogeneous_0.5,greedy,20000,17850.868642406265,45.23263402381475,0.8925434321203133
homogeneous_0.5,greedy,30000,26778.952995656706,54.1560250408106,0.8926317665218902
homogeneous_0.5,past_state_genie,1000,577.0054326794061,6.366655660488496,0.5770054326794061
homogeneous_0.5,past_state_genie,2500,1449.492251048489,10.773261010312362,0.5797969004193956
homogeneous_0.5,past_state_genie,5000,2914.940739925726,16.3261414338793,0.5829881479851452
homogeneous_0.5,past_state_genie,10000,5821.321705832733,25.350032472719704,0.5821321705832733
homogeneous_0.5,past_state_genie,20000,11637.369442019257,33.922931240996654,0.5818684721009628
homogeneous_0.5,past_state_genie,30000,17458.437433308973,37.83114095472299,0.5819479144436325
homogeneous_0.5,ps,1000,1016.7629126765498,9.187465460008406,1.0167629126765498
homogeneous_0.5,ps,2500,2548.8605296354153,16.04367272976624,1.0195442118541662
homogeneous_0.5,ps,5000,5111.214418269547,23.023466996752074,1.0222428836539095
homogeneous_0.5,ps,10000,10187.195478072075,32.00723870071507,1.0187195478072075
homogeneous_0.5,ps,20000,20414.450962615072,49.862667244782855,1.0207225481307536
homogeneous_0.5,ps,30000,30610.272440024382,61.33605921633413,1.0203424146674793
homogeneous_0.5,refresh,1000,1170.0413706212487,16.911297257435308,1.1700413706212487
homogeneous_0.5,refresh,2500,2920.486467478285,26.942237994144698,1.168194586991314
homogeneous_0.5,refresh,5000,5833.128291605441,37.57901701102894,1.166625658321088
homogeneous_0.5,refresh,10000,11658.49464772629,49.32765026017763,1.165849464772629
homogeneous_0.5,refresh,20000,23283.10773471888,68.70664037440048,1.164155386735944
homogeneous_0.5,refresh,30000,34938.33501907997,78.52379025381506,1.1646111673026656
homogeneous_0.5,ts,1000,1088.9249341889827,9.11302715050538,1.0889249341889826
homogeneous_0.5,ts,2500,2724.92322535342,16.207855393797253,1.089969290141368
homogeneous_0.5,ts,5000,5454.281437119812,21.526187127526075,1.0908562874239625
homogeneous_0.5,ts,10000,10874.769946726403,27.920095115248674,1.0874769946726404
homogeneous_0.5,ts,20000,21765.104877843252,48.58261818486165,1.0882552438921627
homogeneous_0.5,ts,30000,32643.794151772843,56.300930158462755,1.0881264717257615
homogeneous_0.5,two_step,1000,895.2591038073264,8.6257830287505,0.8952591038073263
homogeneous_0.5,two_step,2500,2236.9867394549274,13.466751066948538,0.8947946957819709
homogeneous_0.5,two_step,5000,4472.725995065814,26.124066915062247,0.8945451990131628
homogeneous_0.5,two_step,10000,8927.435494397661,35.013712821598475,0.8927435494397662
homogeneous_0.5,two_step,20000,17863.829165909643,41.61735547054375,0.8931914582954822
homogeneous_0.5,two_step,30000,26781.757979580718,56.69408246319557,0.892725265986024
homogeneous_0.9,fixed,1000,1186.1889809216568,41.25641719638985,1.1861889809216568
homogeneous_0.9,fixed,2500,2946.3599557404928,64.16661724660115,1.1785439822961972
homogeneous_0.9,fixed,5000,5863.880425644269,90.18486928091222,1.1727760851288538
homogeneous_0.9,fixed,10000,11719.444310718596,123.08290520969003,1.1719444310718596
homogeneous_0.9,fixed,20000,23359.816057175954,180.5465083949731,1.1679908028587977
homogeneous_0.9,fixed,30000,35084.85417857578,205.95860293231567,1.1694951392858592
homogeneous_0.9,greedy,1000,454.52924265361156,11.976125559152774,0.45452924265361155
homogeneous_0.9,greedy,2500,1155.8233242365259,22.6783719323191,0.4623293296946103
homogeneous_0.9,greedy,5000,2314.4621703941893,30.08505271172654,0.46289243407883784
homogeneous_0.9,greedy,10000,4593.28375986157,37.63593810933669,0.45932837598615694
homogeneous_0.9,greedy,20000,9225.346709730155,55.192190812429324,0.4612673354865077
homogeneous_0.9,greedy,30000,13840.22705086454,73.59657392662206,0.46134090169548464
homogeneous_0.9,past_state_genie,1000,116.09627672089869,3.4713173450381083,0.11609627672089869
homogeneous_0.9,past_state_genie,2500,291.8214200393728,4.04225039514235,0.11672856801574913
homogeneous_0.9,past_state_genie,5000,582.910662068545,7.351399567134367,0.116582132413709
homogeneous_0.9,past_state_genie,10000,1164.3686589955919,9.006282345622127,0.11643686589955919
homogeneous_0.9,past_state_genie,20000,2322.6864786580045,13.031433926814262,0.11613432393290023
homogeneous_0.9,past_state_genie,30000,3483.420519204751,15.320317268975389,0.11611401730682504
homogeneous_0.9,ps,1000,562.6651360448517,7.350950561706975,0.5626651360448517
homogeneous_0.9,ps,2500,1412.645127796534,15.195053501604216,0.5650580511186136
homogeneous_0.9,ps,5000,2832.5334530444716,17.43719500487682,0.5665066906088944
homogeneous_0.9,ps,10000,5660.281750103043,27.01443956392456,0.5660281750103043
homogeneous_0.9,ps,20000,11323.62249315983,38.479827194888195,0.5661811246579915
homogeneous_0.9,ps,30000,17005.953224538836,50.02338156379922,0.5668651074846279
homogeneous_0.9,refresh,1000,1186.1889809216568,41.25641719638985,1.1861889809216568
homogeneous_0.9,refresh,2500,2946.3599557404928,64.16661724660115,1.1785439822961972
homogeneous_0.9,refresh,5000,5863.880425644269,90.18486928091222,1.1727760851288538
homogeneous_0.9,refresh,10000,11719.444310718596,123.08290520969003,1.1719444310718596
homogeneous_0.9,refresh,20000,23359.816057175954,180.5465083949731,1.1679908028587977
homogeneous_0.9,refresh,30000,35084.85417857578,205.95860293231567,1.1694951392858592
homogeneous_0.9,ts,1000,610.8480785157205,7.528618172406322,0.6108480785157205
homogeneous_0.9,ts,2500,1533.0687505346962,15.787952739235457,0.6132275002138785
homogeneous_0.9,ts,5000,3072.927198242197,20.03772804944863,0.6145854396484394
homogeneous_0.9,ts,10000,6139.51396266646,30.229720585783085,0.6139513962666461
homogeneous_0.9,ts,20000,12315.766441014364,42.051367247942785,0.6157883220507182
homogeneous_0.9,ts,30000,18476.17417015817,52.288613273265355,0.6158724723386056
homogeneous_0.9,two_step,1000,429.73765733253896,8.145165227032763,0.42973765733253894
homogeneous_0.9,two_step,2500,1077.974806564853,15.05372421214662,0.4311899226259412
homogeneous_0.9,two_step,5000,2167.5984911817172,23.659182670200575,0.43351969823634345
homogeneous_0.9,two_step,10000,4329.801240137589,32.30071262097194,0.4329801240137589
homogeneous_0.9,two_step,20000,8674.97947234502,48.67571224005856,0.43374897361725095
homogeneous_0.9,two_step,30000,13002.734734180529,65.06079488906259,0.43342449113935094
homogeneous_0.99,fixed,1000,1232.4037365294503,134.9755177252931,1.2324037365294502
homogeneous_0.99,fixed,2500,3047.8886523867964,210.90869419890103,1.2191554609547186
homogeneous_0.99,fixed,5000,5993.639404665603,307.6637459558185,1.1987278809331205
homogeneous_0.99,fixed,10000,11946.740674121256,410.2259043787592,1.1946740674121257
homogeneous_0.99,fixed,20000,23675.11260041284,580.9447654785993,1.183755630020642
homogeneous_0.99,fixed,30000,35730.08390115337,607.1252150901073,1.1910027967051122
homogeneous_0.99,greedy,1000,265.16134452898206,25.59804871159578,0.26516134452898205
homogeneous_0.99,greedy,2500,653.4247339991882,46.97483500254525,0.2613698935996753
homogeneous_0.99,greedy,5000,1336.2861138906994,66.3178819305219,0.2672572227781399
homogeneous_0.99,greedy,10000,2739.744317551865,109.84876298255789,0.27397443175518654
homogeneous_0.99,greedy,20000,5443.679725949251,151.9828346237649,0.27218398629746254
homogeneous_0.99,greedy,30000,8060.302698147968,179.3251289867321,0.2686767566049323
homogeneous_0.99,past_state_genie,1000,11.462063465884565,0.8654802190527008,0.011462063465884565
homogeneous_0.99,past_state_genie,2500,28.604627402206535,1.2141362843489527,0.011441850960882615
homogeneous_0.99,past_state_genie,5000,57.72745207303653,1.750886696552047,0.011545490414607305
homogeneous_0.99,past_state_genie,10000,114.77331918354788,2.3593396101088997,0.011477331918354788
homogeneous_0.99,past_state_genie,20000,229.50486251210162,3.1379262614423187,0.011475243125605081
homogeneous_0.99,past_state_genie,30000,344.3980322626933,4.308284229702032,0.011479934408756443
homogeneous_0.99,ps,1000,151.01475075200665,5.79384985604881,0.15101475075200665
homogeneous_0.99,ps,2500,377.72490428949294,9.245379979058672,0.15108996171579717
homogeneous_0.99,ps,5000,753.742848501858,12.121948108365459,0.1507485697003716
homogeneous_0.99,ps,10000,1498.4372067857232,17.9886493014967,0.14984372067857232
homogeneous_0.99,ps,20000,3004.7894134909675,20.670523493993972,0.15023947067454838
homogeneous_0.99,ps,30000,4483.757244291148,29.97121664834391,0.14945857480970492
homogeneous_0.99,refresh,1000,602.4207784189133,17.494153139951358,0.6024207784189133
homogeneous_0.99,refresh,2500,1500.1504355733,26.038617509462718,0.60006017422932
homogeneous_0.99,refresh,5000,2999.3566740822203,46.636879529638854,0.5998713348164441
homogeneous_0.99,refresh,10000,5990.743274772513,59.81278521015638,0.5990743274772513
homogeneous_0.99,refresh,20000,12039.009372420342,95.8661441224436,0.6019504686210171
homogeneous_0.99,refresh,30000,18092.271504665878,121.88289992018993,0.603075716822196
homogeneous_0.99,ts,1000,156.68564918493985,5.832271877562587,0.15668564918493985
homogeneous_0.99,ts,2500,391.2971583242793,7.295102056618292,0.1565188633297117
homogeneous_0.99,ts,5000,778.7778470683966,12.183996475853803,0.15575556941367932
homogeneous_0.99,ts,10000,1553.8264568408672,18.00173370437318,0.15538264568408672
homogeneous_0.99,ts,20000,3109.069446565498,19.6139529442009,0.1554534723282749
homogeneous_0.99,ts,30000,4644.74875674106,26.725370321759108,0.15482495855803532
homogeneous_0.99,two_step,1000,213.5740535608451,25.386031135762295,0.2135740535608451
homogeneous_0.99,two_step,2500,509.3738829293655,41.52176597716674,0.2037495531717462
homogeneous_0.99,two_step,5000,1022.6655380265028,50.81629600931296,0.20453310760530055
homogeneous_0.99,two_step,10000,2025.4927922135353,78.704949918515,0.20254927922135352
homogeneous_0.99,two_step,20000,4010.7098336103973,123.71830035006832,0.20053549168051987
homogeneous_0.99,two_step,30000,5991.659071016946,150.6787918232886,0.1997219690338982
homogeneous_0.995,fixed,1000,1257.382004460581,186.90391082410636,1.2573820044605808
homogeneous_0.995,fixed,2500,3100.6559279604935,286.69020230048324,1.2402623711841974
homogeneous_0.995,fixed,5000,6095.357528818146,421.8813094646915,1.2190715057636292
homogeneous_0.995,fixed,10000,12073.636645539698,550.9732603938713,1.2073636645539698
homogeneous_0.995,fixed,20000,23798.396162670764,801.6549941953348,1.1899198081335383
homogeneous_0.995,fixed,30000,36021.099040834124,841.8762356817367,1.2007033013611375
homogeneous_0.995,greedy,1000,272.5255332487758,38.3042583563842,0.27252553324877576
homogeneous_0.995,greedy,2500,614.3645739634643,68.75376688923312,0.2457458295853857
homogeneous_0.995,greedy,5000,1260.7325958978333,87.920594318339,0.25214651917956665
homogeneous_0.995,greedy,10000,2507.4651587924427,146.5222921295546,0.2507465158792443
homogeneous_0.995,greedy,20000,5079.681980052163,225.58919749747906,0.25398409900260815
homogeneous_0.995,greedy,30000,7696.520344789531,282.2691450446986,0.25655067815965105
homogeneous_0.995,past_state_genie,1000,5.658973875318797,0.5614681455971712,0.005658973875318797
homogeneous_0.995,past_state_genie,2500,14.551830197515695,0.774722035948004,0.005820732079006278
homogeneous_0.995,past_state_genie,5000,28.383272036841642,1.183808366665475,0.005676654407368329
homogeneous_0.995,past_state_genie,10000,57.567985568877155,1.7385231644167114,0.005756798556887715
homogeneous_0.995,past_state_genie,20000,114.752879366163,2.3478426960473686,0.00573764396830815
homogeneous_0.995,past_state_genie,30000,171.69673476497448,3.27808392251488,0.005723224492165816
homogeneous_0.995,ps,1000,98.21679228764143,6.301051504048509,0.09821679228764142
homogeneous_0.995,ps,2500,241.9565732008658,10.189539989583771,0.09678262928034631
homogeneous_0.995,ps,5000,480.1323575372773,12.496152791881382,0.09602647150745545
homogeneous_0.995,ps,10000,953.6827903392119,15.25941178619225,0.09536827903392119
homogeneous_0.995,ps,20000,1909.3078134661914,22.171874927399998,0.09546539067330957
homogeneous_0.995,ps,30000,2854.3410052070476,30.279821811628274,0.09514470017356826
homogeneous_0.995,refresh,1000,435.46590571393284,18.559197280386012,0.43546590571393284
homogeneous_0.995,refresh,2500,1077.8665834254703,27.45026283247627,0.4311466333701881
homogeneous_0.995,refresh,5000,2153.5862446551637,47.23375676478797,0.43071724893103275
homogeneous_0.995,refresh,10000,4296.3687111134495,62.508333291566146,0.42963687111134496
homogeneous_0.995,refresh,20000,8626.043015307458,106.00105198255233,0.43130215076537287
homogeneous_0.995,refresh,30000,12967.045445091087,138.02787433392527,0.4322348481697029
homogeneous_0.995,ts,1000,101.87790669783409,6.263881954990132,0.10187790669783409
homogeneous_0.995,ts,2500,248.46507300408746,9.79332059054376,0.09938602920163499
homogeneous_0.995,ts,5000,494.26076956418825,10.811458414034417,0.09885215391283765
homogeneous_0.995,ts,10000,982.4088748008311,14.792505761272801,0.09824088748008311
homogeneous_0.995,ts,20000,1968.5545852109403,22.814353147690255,0.09842772926054702
homogeneous_0.995,ts,30000,2938.476867723743,31.72378625165238,0.09794922892412476
homogeneous_0.995,two_step,1000,180.87647502460678,33.367916384453494,0.18087647502460677
homogeneous_0.995,two_step,2500,454.7661215139851,50.53272068192617,0.18190644860559405
homogeneous_0.995,two_step,5000,897.4822396191126,67.03691042018974,0.17949644792382252
homogeneous_0.995,two_step,10000,1821.2298898536728,130.11363583282315,0.18212298898536727
homogeneous_0.995,two_step,20000,3568.4027111672444,194.08989652615642,0.17842013555836223
homogeneous_0.995,two_step,30000,5383.897030928462,236.72643693862804,0.17946323436428208
