case,baseline,baseline_minus_ps,ci95_halfwidth
fast_noise_decoy,greedy,0.7455748021345685,0.014342961452900947
fast_noise_decoy,ts,0.22337426519620096,0.003151874429431012
fast_noise_decoy,two_step,0.18487051702011004,0.0055479112762904376
fast_noise_decoy,refresh,0.7455748021345685,0.014342961452900947
homogeneous_0,greedy,0.0,0.0
homogeneous_0,ts,-0.0019987617688162263,0.0023354178744553126
homogeneous_0,two_step,0.0,0.0
homogeneous_0,refresh,0.0,0.0
homogeneous_0.1,greedy,-0.021289864020405676,0.0019233706545195464
homogeneous_0.1,ts,0.018123223691465157,0.0010736640773892205
homogeneous_0.1,two_step,-0.021319269543939746,0.0020991372592605775
homogeneous_0.1,refresh,0.022841993165557756,0.0024258433560832324
homogeneous_0.5,greedy,-0.1277106481455892,0.0023657127474829014
homogeneous_0.5,ts,0.067784057058282,0.0011861378415434346
homogeneous_0.5,two_step,-0.12761714868145554,0.0024473683487487995
homogeneous_0.5,refresh,0.1442687526351861,0.0030295253570294467
homogeneous_0.9,greedy,-0.10552420578914325,0.0028290141308523233
homogeneous_0.9,ts,0.04900736485397778,0.0010772029956680718
homogeneous_0.9,two_step,-0.13344061634527693,0.002630026009356365
homogeneous_0.9,refresh,0.6026300318012313,0.007102760377024874
homogeneous_0.99,greedy,0.11921818179522733,0.005761974835171799
homogeneous_0.99,ts,0.005366383748330423,0.00047146868020884195
homogeneous_0.99,two_step,0.050263394224193264,0.0049957876506917095
homogeneous_0.99,refresh,0.453617142012491,0.00457712032532072
homogeneous_0.995,greedy,0.16140597798608278,0.009478249969806141
homogeneous_0.995,ts,0.002804528750556509,0.0002963371461821343
homogeneous_0.995,two_step,0.08431853419071383,0.007847276013977368
homogeneous_0.995,refresh,0.3370901479961347,0.005237223041388779
