panel,variant,b,median_obs_over_ar1,median_obs_over_ar7,median_obs_over_ar20,median_obs_over_empirical_acf,share_underpredicted_ar1,share_underpredicted_ar7,share_underpredicted_ar20,share_underpredicted_empirical_acf
one_domain,level,3,1.0653920611150962,1.08580449071902,1.0975117660849598,1.100489407053459,0.6733333333333333,0.6866666666666666,0.72,0.72
one_domain,level,7,1.2110299801158213,1.224285627049592,1.2534185257756172,1.2925496880369456,0.7066666666666667,0.6666666666666666,0.72,0.7333333333333333
one_domain,level,14,1.8582930360316978,1.281207044902384,1.3333410184307166,1.3870971702254733,0.84,0.66,0.74,0.7266666666666667
one_domain,level,28,3.1136721174421496,1.3807317757432664,1.473299014270574,1.5652018288574299,0.9333333333333333,0.6866666666666666,0.74,0.7533333333333333
one_domain,weekday,3,1.0859556619276771,1.0433792227123246,1.0519781405421424,1.052332758103404,0.68,0.62,0.6266666666666667,0.6466666666666666
one_domain,weekday,7,1.4308681005852226,1.0866681250633203,1.0842538886022282,1.1059303157379883,0.78,0.6666666666666666,0.66,0.68
one_domain,weekday,14,2.061304986400003,1.1807552280531952,1.1549690014229146,1.1856494853278197,0.84,0.6533333333333333,0.6533333333333333,0.6733333333333333
one_domain,weekday,28,3.297282326858804,1.396242089521505,1.2327655940453102,1.3062844787063372,0.9133333333333333,0.72,0.6866666666666666,0.72
six_domains,level,3,1.0427914820003457,1.0286600478783665,1.030002962331094,1.033707513299025,0.7266666666666667,0.6533333333333333,0.6666666666666666,0.6733333333333333
six_domains,level,7,1.2060860803652587,1.0555170408923102,1.054892577335507,1.056420336603537,0.8533333333333334,0.6466666666666666,0.6733333333333333,0.6666666666666666
six_domains,level,14,1.6256217197283336,1.0624381773649922,1.0795599997873118,1.0712579194054772,0.9266666666666666,0.6066666666666667,0.6533333333333333,0.68
six_domains,level,28,2.5105120611324026,1.1025026181719861,1.1008262986111703,1.1055392316042012,0.96,0.68,0.7066666666666667,0.7333333333333333
six_domains,weekday,3,1.0356221091089182,1.015821488161702,1.0161468926438675,1.016557928878041,0.7,0.6,0.62,0.62
six_domains,weekday,7,1.1893228380778988,1.0267989784836822,1.0355907447970807,1.0369905505782668,0.88,0.6066666666666667,0.6266666666666667,0.6266666666666667
six_domains,weekday,14,1.5380277222211667,1.043486411694878,1.0551510484749425,1.049064078971267,0.9266666666666666,0.6133333333333333,0.6133333333333333,0.62
six_domains,weekday,28,2.31334044704232,1.105821915577467,1.0849696053798965,1.090456021195632,0.9533333333333334,0.7,0.7,0.6933333333333334
