config,phi,seed,policy,batch,regret,best_eliminated,best_eliminated_at,regret_last_1000,active_at_end,seconds
independent,0.0,0,se_st,1,4574.17771055283,False,-1,228.7088855276415,20,3.7
independent,0.0,0,se_st,25,4574.17771055283,False,-1,228.70888552764146,20,0.8
independent,0.0,1,se_st,1,4961.322444293428,False,-1,248.06612221467142,20,3.6
independent,0.0,1,se_st,25,4961.322444293428,False,-1,248.0661222146714,20,0.8
independent,0.0,2,se_st,1,4633.579834021659,False,-1,231.6789917010829,20,3.6
independent,0.0,2,se_st,25,4633.579834021658,False,-1,231.6789917010829,20,0.9
independent,0.0,3,se_st,1,4575.052196986678,False,-1,228.75260984933388,20,3.7
independent,0.0,3,se_st,25,4575.052196986678,False,-1,228.75260984933385,20,0.8
independent,0.0,4,se_st,1,4820.848276445138,False,-1,241.04241382225695,20,3.3
independent,0.0,4,se_st,25,4820.848276445138,False,-1,241.04241382225692,20,0.8
independent,0.0,5,se_st,1,4550.872781418652,False,-1,227.5436390709326,20,3.3
independent,0.0,5,se_st,25,4550.872781418652,False,-1,227.54363907093258,20,0.8
independent,0.0,6,se_st,1,4622.176053135585,False,-1,231.10880265677923,20,3.4
independent,0.0,6,se_st,25,4622.176053135585,False,-1,231.10880265677923,20,0.9
independent,0.0,7,se_st,1,4682.6388744313645,False,-1,234.1319437215682,20,3.4
independent,0.0,7,se_st,25,4682.638874431364,False,-1,234.13194372156823,20,0.8
independent,0.0,8,se_st,1,4627.974027605682,False,-1,231.3987013802841,20,3.3
independent,0.0,8,se_st,25,4627.974027605683,False,-1,231.39870138028408,20,0.8
independent,0.0,9,se_st,1,4738.346604209583,False,-1,236.91733021047912,20,3.3
independent,0.0,9,se_st,25,4738.346604209582,False,-1,236.91733021047918,20,0.9
independent,0.0,10,se_st,1,4701.186338732239,False,-1,235.05931693661196,20,3.3
independent,0.0,10,se_st,25,4701.18633873224,False,-1,235.05931693661194,20,0.8
independent,0.0,11,se_st,1,4572.958498755554,False,-1,228.64792493777765,20,3.4
independent,0.0,11,se_st,25,4572.958498755554,False,-1,228.64792493777765,20,0.9
independent,0.0,12,se_st,1,4823.700903417437,False,-1,241.18504517087183,20,3.3
independent,0.0,12,se_st,25,4823.700903417437,False,-1,241.1850451708719,20,0.8
independent,0.0,13,se_st,1,4891.529372884429,False,-1,244.57646864422142,20,3.5
independent,0.0,13,se_st,25,4891.529372884428,False,-1,244.57646864422142,20,0.8
independent,0.0,14,se_st,1,4474.259562991989,False,-1,223.71297814959948,20,3.4
independent,0.0,14,se_st,25,4474.25956299199,False,-1,223.71297814959948,20,0.9
independent,0.0,15,se_st,1,4673.653617719654,False,-1,233.68268088598268,20,3.5
independent,0.0,15,se_st,25,4673.653617719653,False,-1,233.68268088598268,20,0.8
independent,0.0,16,se_st,1,4641.773039185141,False,-1,232.08865195925702,20,3.3
independent,0.0,16,se_st,25,4641.77303918514,False,-1,232.08865195925702,20,0.9
independent,0.0,17,se_st,1,4450.375560729508,False,-1,222.51877803647534,20,4.6
independent,0.0,17,se_st,25,4450.375560729507,False,-1,222.51877803647534,20,0.9
independent,0.0,18,se_st,1,4858.433332867212,False,-1,242.9216666433606,20,3.3
independent,0.0,18,se_st,25,4858.433332867212,False,-1,242.92166664336062,20,0.9
independent,0.0,19,se_st,1,4718.406018593335,False,-1,235.92030092966678,20,4.6
independent,0.0,19,se_st,25,4718.406018593336,False,-1,235.92030092966684,20,0.9
independent,0.5,0,se_st,1,4574.17771055283,False,-1,228.7088855276415,20,3.5
independent,0.5,0,se_st,25,4574.17771055283,False,-1,228.70888552764146,20,30.3
independent,0.5,1,se_st,1,4961.322444293428,False,-1,248.06612221467142,20,3.5
independent,0.5,1,se_st,25,4961.322444293428,False,-1,248.0661222146714,20,0.8
independent,0.5,2,se_st,1,4633.579834021659,False,-1,231.6789917010829,20,3.8
independent,0.5,2,se_st,25,4633.579834021658,False,-1,231.6789917010829,20,30.1
independent,0.5,3,se_st,1,4575.052196986678,False,-1,228.75260984933388,20,3.6
independent,0.5,3,se_st,25,4575.052196986678,False,-1,228.75260984933385,20,0.8
independent,0.5,4,se_st,1,4820.848276445138,False,-1,241.04241382225695,20,4.8
independent,0.5,4,se_st,25,4820.848276445138,False,-1,241.04241382225692,20,1.7
independent,0.5,5,se_st,1,4550.872781418652,False,-1,227.5436390709326,20,3.1
independent,0.5,5,se_st,25,4550.872781418652,False,-1,227.54363907093258,20,0.8
independent,0.5,6,se_st,1,4622.176053135585,False,-1,231.10880265677923,20,5.7
independent,0.5,6,se_st,25,4622.176053135585,False,-1,231.10880265677923,20,0.8
independent,0.5,7,se_st,1,4682.6388744313645,False,-1,234.1319437215682,20,3.2
independent,0.5,7,se_st,25,4682.638874431364,False,-1,234.13194372156823,20,0.8
independent,0.5,8,se_st,1,4627.974027605682,False,-1,231.3987013802841,20,3.1
independent,0.5,8,se_st,25,4627.974027605683,False,-1,231.39870138028408,20,0.8
independent,0.5,9,se_st,1,4738.346604209583,False,-1,236.91733021047912,20,3.2
independent,0.5,9,se_st,25,4738.346604209582,False,-1,236.91733021047918,20,1.0
independent,0.5,10,se_st,1,4701.186338732239,False,-1,235.05931693661196,20,3.2
independent,0.5,10,se_st,25,4701.18633873224,False,-1,235.05931693661194,20,0.8
independent,0.5,11,se_st,1,4572.958498755554,False,-1,228.64792493777765,20,3.4
independent,0.5,11,se_st,25,4572.958498755554,False,-1,228.64792493777765,20,0.9
independent,0.5,12,se_st,1,4823.700903417437,False,-1,241.18504517087183,20,3.3
independent,0.5,12,se_st,25,4823.700903417437,False,-1,241.1850451708719,20,0.8
independent,0.5,13,se_st,1,4891.529372884429,False,-1,244.57646864422142,20,3.3
independent,0.5,13,se_st,25,4891.529372884428,False,-1,244.57646864422142,20,0.8
independent,0.5,14,se_st,1,4474.259562991989,False,-1,223.71297814959948,20,3.3
independent,0.5,14,se_st,25,4474.25956299199,False,-1,223.71297814959948,20,0.8
independent,0.5,15,se_st,1,4673.653617719654,False,-1,233.68268088598268,20,3.3
independent,0.5,15,se_st,25,4673.653617719653,False,-1,233.68268088598268,20,0.8
independent,0.5,16,se_st,1,4641.773039185141,False,-1,232.08865195925702,20,3.2
independent,0.5,16,se_st,25,4641.77303918514,False,-1,232.08865195925702,20,0.8
independent,0.5,17,se_st,1,4450.375560729508,False,-1,222.51877803647534,20,3.2
independent,0.5,17,se_st,25,4450.375560729507,False,-1,222.51877803647534,20,0.8
independent,0.5,18,se_st,1,4858.433332867212,False,-1,242.9216666433606,20,3.3
independent,0.5,18,se_st,25,4858.433332867212,False,-1,242.92166664336062,20,0.9
independent,0.5,19,se_st,1,4718.406018593335,False,-1,235.92030092966678,20,3.2
independent,0.5,19,se_st,25,4718.406018593336,False,-1,235.92030092966684,20,0.9
independent,0.9,0,se_st,1,4574.17771055283,False,-1,228.7088855276415,20,3.2
independent,0.9,0,se_st,25,4574.17771055283,False,-1,228.70888552764146,20,0.8
independent,0.9,1,se_st,1,4961.322444293428,False,-1,248.06612221467142,20,942.6
independent,0.9,1,se_st,25,4961.322444293428,False,-1,248.0661222146714,20,1.2
independent,0.9,2,se_st,1,4633.579834021659,False,-1,231.6789917010829,20,3.3
independent,0.9,2,se_st,25,4633.579834021658,False,-1,231.6789917010829,20,0.8
independent,0.9,3,se_st,1,4575.052196986678,False,-1,228.75260984933388,20,943.0
independent,0.9,3,se_st,25,4575.052196986678,False,-1,228.75260984933385,20,1.1
independent,0.9,4,se_st,1,4820.848276445138,False,-1,241.04241382225695,20,3.6
independent,0.9,4,se_st,25,4820.848276445138,False,-1,241.04241382225692,20,0.8
independent,0.9,5,se_st,1,4550.872781418652,False,-1,227.5436390709326,20,3.2
independent,0.9,5,se_st,25,4550.872781418652,False,-1,227.54363907093258,20,0.8
independent,0.9,6,se_st,1,4622.176053135585,False,-1,231.10880265677923,20,3.4
independent,0.9,6,se_st,25,4622.176053135585,False,-1,231.10880265677923,20,0.9
independent,0.9,7,se_st,1,4682.6388744313645,False,-1,234.1319437215682,20,3.2
independent,0.9,7,se_st,25,4682.638874431364,False,-1,234.13194372156823,20,0.8
independent,0.9,8,se_st,1,4627.974027605682,False,-1,231.3987013802841,20,3.3
independent,0.9,8,se_st,25,4627.974027605683,False,-1,231.39870138028408,20,0.7
independent,0.9,9,se_st,1,4738.346604209583,False,-1,236.91733021047912,20,3.2
independent,0.9,9,se_st,25,4738.346604209582,False,-1,236.91733021047918,20,0.8
independent,0.9,10,se_st,1,4701.186338732239,False,-1,235.05931693661196,20,3.3
independent,0.9,10,se_st,25,4701.18633873224,False,-1,235.05931693661194,20,0.8
independent,0.9,11,se_st,1,4572.958498755554,False,-1,228.64792493777765,20,3.1
independent,0.9,11,se_st,25,4572.958498755554,False,-1,228.64792493777765,20,0.8
independent,0.9,12,se_st,1,4823.700903417437,False,-1,241.18504517087183,20,3.2
independent,0.9,12,se_st,25,4823.700903417437,False,-1,241.1850451708719,20,0.8
independent,0.9,13,se_st,1,4891.529372884429,False,-1,244.57646864422142,20,3.4
independent,0.9,13,se_st,25,4891.529372884428,False,-1,244.57646864422142,20,0.8
independent,0.9,14,se_st,1,4474.259562991989,False,-1,223.71297814959948,20,3.1
independent,0.9,14,se_st,25,4474.25956299199,False,-1,223.71297814959948,20,0.9
independent,0.9,15,se_st,1,4673.653617719654,False,-1,233.68268088598268,20,3.4
independent,0.9,15,se_st,25,4673.653617719653,False,-1,233.68268088598268,20,0.8
independent,0.9,16,se_st,1,4641.773039185141,False,-1,232.08865195925702,20,3.1
independent,0.9,16,se_st,25,4641.77303918514,False,-1,232.08865195925702,20,0.8
independent,0.9,17,se_st,1,4450.375560729508,False,-1,222.51877803647534,20,3.1
independent,0.9,17,se_st,25,4450.375560729507,False,-1,222.51877803647534,20,0.8
independent,0.9,18,se_st,1,4858.433332867212,False,-1,242.9216666433606,20,3.3
independent,0.9,18,se_st,25,4858.433332867212,False,-1,242.92166664336062,20,0.9
independent,0.9,19,se_st,1,4718.406018593335,False,-1,235.92030092966678,20,3.2
independent,0.9,19,se_st,25,4718.406018593336,False,-1,235.92030092966684,20,0.8
independent,0.97,0,se_st,1,4574.17771055283,False,-1,228.7088855276415,20,3.3
independent,0.97,0,se_st,25,4574.17771055283,False,-1,228.70888552764146,20,0.8
independent,0.97,1,se_st,1,4961.322444293428,False,-1,248.06612221467142,20,3.1
independent,0.97,1,se_st,25,4961.322444293428,False,-1,248.0661222146714,20,0.8
independent,0.97,2,se_st,1,4633.579834021659,False,-1,231.6789917010829,20,3.3
independent,0.97,2,se_st,25,4633.579834021658,False,-1,231.6789917010829,20,0.8
independent,0.97,3,se_st,1,4575.052196986678,False,-1,228.75260984933388,20,3.2
independent,0.97,3,se_st,25,4575.052196986678,False,-1,228.75260984933385,20,0.8
independent,0.97,4,se_st,1,4820.848276445138,False,-1,241.04241382225695,20,3.1
independent,0.97,4,se_st,25,4820.848276445138,False,-1,241.04241382225692,20,0.9
independent,0.97,5,se_st,1,4550.872781418652,False,-1,227.5436390709326,20,7.1
independent,0.97,5,se_st,25,4550.872781418652,False,-1,227.54363907093258,20,0.8
independent,0.97,6,se_st,1,4622.176053135585,False,-1,231.10880265677923,20,7.3
independent,0.97,6,se_st,25,4622.176053135585,False,-1,231.10880265677923,20,0.8
independent,0.97,7,se_st,1,4682.6388744313645,False,-1,234.1319437215682,20,212.6
independent,0.97,7,se_st,25,4682.638874431364,False,-1,234.13194372156823,20,1.1
independent,0.97,8,se_st,1,4627.974027605682,False,-1,231.3987013802841,20,213.0
independent,0.97,8,se_st,25,4627.974027605683,False,-1,231.39870138028408,20,0.8
independent,0.97,9,se_st,1,4738.346604209583,False,-1,236.91733021047912,20,3.1
independent,0.97,9,se_st,25,4738.346604209582,False,-1,236.91733021047918,20,0.8
independent,0.97,10,se_st,1,4701.186338732239,False,-1,235.05931693661196,20,3.3
independent,0.97,10,se_st,25,4701.18633873224,False,-1,235.05931693661194,20,0.8
independent,0.97,11,se_st,1,4572.958498755554,False,-1,228.64792493777765,20,3.2
independent,0.97,11,se_st,25,4572.958498755554,False,-1,228.64792493777765,20,0.8
independent,0.97,12,se_st,1,4823.700903417437,False,-1,241.18504517087183,20,3.1
independent,0.97,12,se_st,25,4823.700903417437,False,-1,241.1850451708719,20,0.9
independent,0.97,13,se_st,1,4891.529372884429,False,-1,244.57646864422142,20,3.2
independent,0.97,13,se_st,25,4891.529372884428,False,-1,244.57646864422142,20,0.8
independent,0.97,14,se_st,1,4474.259562991989,False,-1,223.71297814959948,20,3.1
independent,0.97,14,se_st,25,4474.25956299199,False,-1,223.71297814959948,20,0.8
independent,0.97,15,se_st,1,4673.653617719654,False,-1,233.68268088598268,20,3.2
independent,0.97,15,se_st,25,4673.653617719653,False,-1,233.68268088598268,20,0.8
independent,0.97,16,se_st,1,4641.773039185141,False,-1,232.08865195925702,20,3.2
independent,0.97,16,se_st,25,4641.77303918514,False,-1,232.08865195925702,20,0.8
independent,0.97,17,se_st,1,4450.375560729508,False,-1,222.51877803647534,20,3.2
independent,0.97,17,se_st,25,4450.375560729507,False,-1,222.51877803647534,20,0.8
independent,0.97,18,se_st,1,4858.433332867212,False,-1,242.9216666433606,20,3.2
independent,0.97,18,se_st,25,4858.433332867212,False,-1,242.92166664336062,20,0.8
independent,0.97,19,se_st,1,4718.406018593335,False,-1,235.92030092966678,20,3.3
independent,0.97,19,se_st,25,4718.406018593336,False,-1,235.92030092966684,20,0.8
correlated,0.0,0,se_st,1,4574.17771055283,False,-1,228.7088855276415,20,3.3
correlated,0.0,0,se_st,25,4574.17771055283,False,-1,228.70888552764146,20,0.8
correlated,0.0,1,se_st,1,4961.322444293428,False,-1,248.06612221467142,20,3.2
correlated,0.0,1,se_st,25,4961.322444293428,False,-1,248.0661222146714,20,0.8
correlated,0.0,2,se_st,1,4633.579834021659,False,-1,231.6789917010829,20,3.1
correlated,0.0,2,se_st,25,4633.579834021658,False,-1,231.6789917010829,20,0.8
correlated,0.0,3,se_st,1,4575.052196986678,False,-1,228.75260984933388,20,3.2
correlated,0.0,3,se_st,25,4575.052196986678,False,-1,228.75260984933385,20,0.8
correlated,0.0,4,se_st,1,4820.848276445138,False,-1,241.04241382225695,20,3.1
correlated,0.0,4,se_st,25,4820.848276445138,False,-1,241.04241382225692,20,0.8
correlated,0.0,5,se_st,1,4550.872781418652,False,-1,227.5436390709326,20,3.2
correlated,0.0,5,se_st,25,4550.872781418652,False,-1,227.54363907093258,20,0.8
correlated,0.0,6,se_st,1,4622.176053135585,False,-1,231.10880265677923,20,3.2
correlated,0.0,6,se_st,25,4622.176053135585,False,-1,231.10880265677923,20,0.8
correlated,0.0,7,se_st,1,4682.6388744313645,False,-1,234.1319437215682,20,5.4
correlated,0.0,7,se_st,25,4682.638874431364,False,-1,234.13194372156823,20,0.8
correlated,0.0,8,se_st,1,4627.974027605682,False,-1,231.3987013802841,20,5.5
correlated,0.0,8,se_st,25,4627.974027605683,False,-1,231.39870138028408,20,0.9
correlated,0.0,9,se_st,1,4738.346604209583,False,-1,236.91733021047912,20,61.4
correlated,0.0,9,se_st,25,4738.346604209582,False,-1,236.91733021047918,20,0.8
correlated,0.0,10,se_st,1,4701.186338732239,False,-1,235.05931693661196,20,61.1
correlated,0.0,10,se_st,25,4701.18633873224,False,-1,235.05931693661194,20,1.0
correlated,0.0,11,se_st,1,4572.958498755554,False,-1,228.64792493777765,20,3.3
correlated,0.0,11,se_st,25,4572.958498755554,False,-1,228.64792493777765,20,0.8
correlated,0.0,12,se_st,1,4823.700903417437,False,-1,241.18504517087183,20,3.1
correlated,0.0,12,se_st,25,4823.700903417437,False,-1,241.1850451708719,20,0.8
correlated,0.0,13,se_st,1,4891.529372884429,False,-1,244.57646864422142,20,3.1
correlated,0.0,13,se_st,25,4891.529372884428,False,-1,244.57646864422142,20,0.8
correlated,0.0,14,se_st,1,4474.259562991989,False,-1,223.71297814959948,20,3.2
correlated,0.0,14,se_st,25,4474.25956299199,False,-1,223.71297814959948,20,0.8
correlated,0.0,15,se_st,1,4673.653617719654,False,-1,233.68268088598268,20,3.1
correlated,0.0,15,se_st,25,4673.653617719653,False,-1,233.68268088598268,20,0.8
correlated,0.0,16,se_st,1,4641.773039185141,False,-1,232.08865195925702,20,3.1
correlated,0.0,16,se_st,25,4641.77303918514,False,-1,232.08865195925702,20,0.8
correlated,0.0,17,se_st,1,4450.375560729508,False,-1,222.51877803647534,20,3.3
correlated,0.0,17,se_st,25,4450.375560729507,False,-1,222.51877803647534,20,0.8
correlated,0.0,18,se_st,1,4858.433332867212,False,-1,242.9216666433606,20,3.2
correlated,0.0,18,se_st,25,4858.433332867212,False,-1,242.92166664336062,20,0.8
correlated,0.0,19,se_st,1,4718.406018593335,False,-1,235.92030092966678,20,3.2
correlated,0.0,19,se_st,25,4718.406018593336,False,-1,235.92030092966684,20,0.8
correlated,0.5,0,se_st,1,4574.17771055283,False,-1,228.7088855276415,20,3.2
correlated,0.5,0,se_st,25,4574.17771055283,False,-1,228.70888552764146,20,0.8
correlated,0.5,1,se_st,1,4961.322444293428,False,-1,248.06612221467142,20,3.8
correlated,0.5,1,se_st,25,4961.322444293428,False,-1,248.0661222146714,20,2.5
correlated,0.5,2,se_st,1,4633.579834021659,False,-1,231.6789917010829,20,3.2
correlated,0.5,2,se_st,25,4633.579834021658,False,-1,231.6789917010829,20,0.8
correlated,0.5,3,se_st,1,4575.052196986678,False,-1,228.75260984933388,20,5.6
correlated,0.5,3,se_st,25,4575.052196986678,False,-1,228.75260984933385,20,0.8
correlated,0.5,4,se_st,1,4820.848276445138,False,-1,241.04241382225695,20,3.2
correlated,0.5,4,se_st,25,4820.848276445138,False,-1,241.04241382225692,20,0.8
correlated,0.5,5,se_st,1,4550.872781418652,False,-1,227.5436390709326,20,3.2
correlated,0.5,5,se_st,25,4550.872781418652,False,-1,227.54363907093258,20,0.8
correlated,0.5,6,se_st,1,4622.176053135585,False,-1,231.10880265677923,20,3.1
correlated,0.5,6,se_st,25,4622.176053135585,False,-1,231.10880265677923,20,0.8
correlated,0.5,7,se_st,1,4682.6388744313645,False,-1,234.1319437215682,20,3.2
correlated,0.5,7,se_st,25,4682.638874431364,False,-1,234.13194372156823,20,0.8
correlated,0.5,8,se_st,1,4627.974027605682,False,-1,231.3987013802841,20,3.2
correlated,0.5,8,se_st,25,4627.974027605683,False,-1,231.39870138028408,20,0.8
correlated,0.5,9,se_st,1,4738.346604209583,False,-1,236.91733021047912,20,3.3
correlated,0.5,9,se_st,25,4738.346604209582,False,-1,236.91733021047918,20,0.8
correlated,0.5,10,se_st,1,4701.186338732239,False,-1,235.05931693661196,20,3.2
correlated,0.5,10,se_st,25,4701.18633873224,False,-1,235.05931693661194,20,0.8
correlated,0.5,11,se_st,1,4572.958498755554,False,-1,228.64792493777765,20,3.6
correlated,0.5,11,se_st,25,4572.958498755554,False,-1,228.64792493777765,20,78.9
correlated,0.5,12,se_st,1,4823.700903417437,False,-1,241.18504517087183,20,82.0
correlated,0.5,12,se_st,25,4823.700903417437,False,-1,241.1850451708719,20,3.8
correlated,0.5,13,se_st,1,4891.529372884429,False,-1,244.57646864422142,20,6.4
correlated,0.5,13,se_st,25,4891.529372884428,False,-1,244.57646864422142,20,1.0
correlated,0.5,14,se_st,1,4474.259562991989,False,-1,223.71297814959948,20,9.7
correlated,0.5,14,se_st,25,4474.25956299199,False,-1,223.71297814959948,20,1.0
correlated,0.5,15,se_st,1,4673.653617719654,False,-1,233.68268088598268,20,3.6
correlated,0.5,15,se_st,25,4673.653617719653,False,-1,233.68268088598268,20,0.9
correlated,0.5,16,se_st,1,4641.773039185141,False,-1,232.08865195925702,20,3.3
correlated,0.5,16,se_st,25,4641.77303918514,False,-1,232.08865195925702,20,1.0
correlated,0.5,17,se_st,1,4450.375560729508,False,-1,222.51877803647534,20,6.0
correlated,0.5,17,se_st,25,4450.375560729507,False,-1,222.51877803647534,20,1.0
correlated,0.5,18,se_st,1,4858.433332867212,False,-1,242.9216666433606,20,5.8
correlated,0.5,18,se_st,25,4858.433332867212,False,-1,242.92166664336062,20,1.0
correlated,0.5,19,se_st,1,4718.406018593335,False,-1,235.92030092966678,20,4.0
correlated,0.5,19,se_st,25,4718.406018593336,False,-1,235.92030092966684,20,1.0
correlated,0.9,0,se_st,1,4574.17771055283,False,-1,228.7088855276415,20,3.9
correlated,0.9,0,se_st,25,4574.17771055283,False,-1,228.70888552764146,20,0.9
correlated,0.9,1,se_st,1,4961.322444293428,False,-1,248.06612221467142,20,3.7
correlated,0.9,1,se_st,25,4961.322444293428,False,-1,248.0661222146714,20,0.9
correlated,0.9,2,se_st,1,4633.579834021659,False,-1,231.6789917010829,20,3.7
correlated,0.9,2,se_st,25,4633.579834021658,False,-1,231.6789917010829,20,0.9
correlated,0.9,3,se_st,1,4575.052196986678,False,-1,228.75260984933388,20,3.8
correlated,0.9,3,se_st,25,4575.052196986678,False,-1,228.75260984933385,20,1.3
correlated,0.9,4,se_st,1,4820.848276445138,False,-1,241.04241382225695,20,4.4
correlated,0.9,4,se_st,25,4820.848276445138,False,-1,241.04241382225692,20,1.1
correlated,0.9,5,se_st,1,4550.872781418652,False,-1,227.5436390709326,20,4.2
correlated,0.9,5,se_st,25,4550.872781418652,False,-1,227.54363907093258,20,0.9
correlated,0.9,6,se_st,1,4622.176053135585,False,-1,231.10880265677923,20,4.2
correlated,0.9,6,se_st,25,4622.176053135585,False,-1,231.10880265677923,20,1.3
correlated,0.9,7,se_st,1,4682.6388744313645,False,-1,234.1319437215682,20,3.7
correlated,0.9,7,se_st,25,4682.638874431364,False,-1,234.13194372156823,20,1.0
correlated,0.9,8,se_st,1,4627.974027605682,False,-1,231.3987013802841,20,3.6
correlated,0.9,8,se_st,25,4627.974027605683,False,-1,231.39870138028408,20,0.9
correlated,0.9,9,se_st,1,4738.346604209583,False,-1,236.91733021047912,20,4.0
correlated,0.9,9,se_st,25,4738.346604209582,False,-1,236.91733021047918,20,0.9
correlated,0.9,10,se_st,1,4701.186338732239,False,-1,235.05931693661196,20,4.0
correlated,0.9,10,se_st,25,4701.18633873224,False,-1,235.05931693661194,20,1.1
correlated,0.9,11,se_st,1,4572.958498755554,False,-1,228.64792493777765,20,4.5
correlated,0.9,11,se_st,25,4572.958498755554,False,-1,228.64792493777765,20,1.5
correlated,0.9,12,se_st,1,4823.700903417437,False,-1,241.18504517087183,20,5.7
correlated,0.9,12,se_st,25,4823.700903417437,False,-1,241.1850451708719,20,1.4
correlated,0.9,13,se_st,1,4891.529372884429,False,-1,244.57646864422142,20,4.6
correlated,0.9,13,se_st,25,4891.529372884428,False,-1,244.57646864422142,20,1.3
correlated,0.9,14,se_st,1,4474.259562991989,False,-1,223.71297814959948,20,5.8
correlated,0.9,14,se_st,25,4474.25956299199,False,-1,223.71297814959948,20,1.0
correlated,0.9,15,se_st,1,4673.653617719654,False,-1,233.68268088598268,20,5.5
correlated,0.9,15,se_st,25,4673.653617719653,False,-1,233.68268088598268,20,1.3
correlated,0.9,16,se_st,1,4641.773039185141,False,-1,232.08865195925702,20,5.5
correlated,0.9,16,se_st,25,4641.77303918514,False,-1,232.08865195925702,20,0.8
correlated,0.9,17,se_st,1,4450.375560729508,False,-1,222.51877803647534,20,4.9
correlated,0.9,17,se_st,25,4450.375560729507,False,-1,222.51877803647534,20,0.8
correlated,0.9,18,se_st,1,4858.433332867212,False,-1,242.9216666433606,20,5.1
correlated,0.9,18,se_st,25,4858.433332867212,False,-1,242.92166664336062,20,0.8
correlated,0.9,19,se_st,1,4718.406018593335,False,-1,235.92030092966678,20,4.6
correlated,0.9,19,se_st,25,4718.406018593336,False,-1,235.92030092966684,20,1.0
correlated,0.97,0,se_st,1,4574.17771055283,False,-1,228.7088855276415,20,4.7
correlated,0.97,0,se_st,25,4574.17771055283,False,-1,228.70888552764146,20,0.8
correlated,0.97,1,se_st,1,4961.322444293428,False,-1,248.06612221467142,20,3.4
correlated,0.97,1,se_st,25,4961.322444293428,False,-1,248.0661222146714,20,0.8
correlated,0.97,2,se_st,1,4633.579834021659,False,-1,231.6789917010829,20,3.4
correlated,0.97,2,se_st,25,4633.579834021658,False,-1,231.6789917010829,20,0.9
correlated,0.97,3,se_st,1,4575.052196986678,False,-1,228.75260984933388,20,3.6
correlated,0.97,3,se_st,25,4575.052196986678,False,-1,228.75260984933385,20,0.9
correlated,0.97,4,se_st,1,4820.848276445138,False,-1,241.04241382225695,20,3.6
correlated,0.97,4,se_st,25,4820.848276445138,False,-1,241.04241382225692,20,0.9
correlated,0.97,5,se_st,1,4550.872781418652,False,-1,227.5436390709326,20,3.2
correlated,0.97,5,se_st,25,4550.872781418652,False,-1,227.54363907093258,20,0.8
correlated,0.97,6,se_st,1,4622.176053135585,False,-1,231.10880265677923,20,3.3
correlated,0.97,6,se_st,25,4622.176053135585,False,-1,231.10880265677923,20,0.8
correlated,0.97,7,se_st,1,4682.6388744313645,False,-1,234.1319437215682,20,3.4
correlated,0.97,7,se_st,25,4682.638874431364,False,-1,234.13194372156823,20,0.8
correlated,0.97,8,se_st,1,4627.974027605682,False,-1,231.3987013802841,20,3.3
correlated,0.97,8,se_st,25,4627.974027605683,False,-1,231.39870138028408,20,0.9
correlated,0.97,9,se_st,1,4738.346604209583,False,-1,236.91733021047912,20,3.4
correlated,0.97,9,se_st,25,4738.346604209582,False,-1,236.91733021047918,20,0.9
correlated,0.97,10,se_st,1,4701.186338732239,False,-1,235.05931693661196,20,3.3
correlated,0.97,10,se_st,25,4701.18633873224,False,-1,235.05931693661194,20,0.8
correlated,0.97,11,se_st,1,4572.958498755554,False,-1,228.64792493777765,20,3.4
correlated,0.97,11,se_st,25,4572.958498755554,False,-1,228.64792493777765,20,0.9
correlated,0.97,12,se_st,1,4823.700903417437,False,-1,241.18504517087183,20,3.4
correlated,0.97,12,se_st,25,4823.700903417437,False,-1,241.1850451708719,20,0.8
correlated,0.97,13,se_st,1,4891.529372884429,False,-1,244.57646864422142,20,3.3
correlated,0.97,13,se_st,25,4891.529372884428,False,-1,244.57646864422142,20,0.8
correlated,0.97,14,se_st,1,4474.259562991989,False,-1,223.71297814959948,20,3.2
correlated,0.97,14,se_st,25,4474.25956299199,False,-1,223.71297814959948,20,0.8
correlated,0.97,15,se_st,1,4673.653617719654,False,-1,233.68268088598268,20,3.3
correlated,0.97,15,se_st,25,4673.653617719653,False,-1,233.68268088598268,20,0.8
correlated,0.97,16,se_st,1,4641.773039185141,False,-1,232.08865195925702,20,3.3
correlated,0.97,16,se_st,25,4641.77303918514,False,-1,232.08865195925702,20,0.8
correlated,0.97,17,se_st,1,4450.375560729508,False,-1,222.51877803647534,20,3.1
correlated,0.97,17,se_st,25,4450.375560729507,False,-1,222.51877803647534,20,0.8
correlated,0.97,18,se_st,1,4858.433332867212,False,-1,242.9216666433606,20,3.2
correlated,0.97,18,se_st,25,4858.433332867212,False,-1,242.92166664336062,20,0.8
correlated,0.97,19,se_st,1,4718.406018593335,False,-1,235.92030092966678,20,3.3
correlated,0.97,19,se_st,25,4718.406018593336,False,-1,235.92030092966684,20,0.8
independent,0.0,0,se_iid,1,4514.505416869203,False,-1,214.37010055676362,18,0.9
independent,0.0,0,se_iid,25,4522.632549095417,False,-1,218.10949729512205,18,0.1
independent,0.0,1,se_iid,1,4898.88317878111,False,-1,215.77285065705217,15,0.9
independent,0.0,1,se_iid,25,4615.034854349909,False,-1,174.43951459413591,10,0.1
independent,0.0,2,se_iid,1,4400.766762239836,False,-1,174.32624579923439,13,0.9
independent,0.0,2,se_iid,25,4560.73260396007,False,-1,226.28710565962018,18,0.1
independent,0.0,3,se_iid,1,4371.978864488867,False,-1,189.56119413582093,15,0.9
independent,0.0,3,se_iid,25,4511.501351767175,False,-1,223.64152209660188,17,0.1
independent,0.0,4,se_iid,1,4809.941414248629,False,-1,236.17019257174402,19,0.9
independent,0.0,4,se_iid,25,4771.209013516328,False,-1,235.0805553807209,18,0.2
independent,0.0,5,se_iid,1,4400.494348008049,False,-1,184.02227949934135,14,0.9
independent,0.0,5,se_iid,25,4550.872781418652,False,-1,227.54363907093258,20,0.2
independent,0.0,6,se_iid,1,4348.141726734513,False,-1,187.59803495599965,15,1.0
independent,0.0,6,se_iid,25,4295.85370657101,False,-1,204.8753998384405,15,0.2
independent,0.0,7,se_iid,1,4653.002764488673,False,-1,217.6189141156409,17,0.9
independent,0.0,7,se_iid,25,4617.996285948855,False,-1,213.540536597443,15,0.1
independent,0.0,8,se_iid,1,4537.663063102785,False,-1,217.10260234196784,18,0.9
independent,0.0,8,se_iid,25,4546.979181067456,False,-1,204.67921801695434,14,0.2
independent,0.0,9,se_iid,1,4597.143794866913,False,-1,189.45002861015388,14,0.9
independent,0.0,9,se_iid,25,4663.445745526129,False,-1,230.6550010975356,17,0.1
independent,0.0,10,se_iid,1,4681.657842875577,False,-1,219.90864628189308,18,0.9
independent,0.0,10,se_iid,25,4684.704070931382,False,-1,218.5770491357547,18,0.1
independent,0.0,11,se_iid,1,4551.109648968718,False,-1,213.21825333242785,17,0.9
independent,0.0,11,se_iid,25,4551.26945155627,False,-1,215.02654871530734,19,0.1
independent,0.0,12,se_iid,1,4096.93862108503,False,-1,143.60362886392613,9,0.9
independent,0.0,12,se_iid,25,4605.885947881041,False,-1,203.07140757746768,14,0.2
independent,0.0,13,se_iid,1,4871.122818216775,False,-1,229.70294635418617,16,1.1
independent,0.0,13,se_iid,25,4891.529372884428,False,-1,244.57646864422142,20,0.2
independent,0.0,14,se_iid,1,4304.080604189445,False,-1,176.00035099237033,14,1.1
independent,0.0,14,se_iid,25,4416.135883604714,False,-1,215.21983928046205,19,0.2
independent,0.0,15,se_iid,1,4631.430379786485,False,-1,201.85375144955054,14,0.9
independent,0.0,15,se_iid,25,4619.3843186647455,False,-1,231.9226818999953,17,0.2
independent,0.0,16,se_iid,1,4620.692237589077,False,-1,224.3078469135237,18,0.9
independent,0.0,16,se_iid,25,4641.77303918514,False,-1,232.08865195925702,20,0.1
independent,0.0,17,se_iid,1,4369.307267344028,False,-1,198.56662285164822,16,0.9
independent,0.0,17,se_iid,25,4426.356863592243,False,-1,206.89127035199695,19,0.1
independent,0.0,18,se_iid,1,4817.326384651354,False,-1,232.0362783457785,18,0.8
independent,0.0,18,se_iid,25,4549.028316693037,False,-1,192.43686767214382,12,0.2
independent,0.0,19,se_iid,1,4545.8994879427055,False,-1,194.0232526331327,14,0.9
independent,0.0,19,se_iid,25,4679.307042798748,False,-1,227.93329024339704,18,0.1
independent,0.5,0,se_iid,1,4523.9700699143195,False,-1,220.5207580619784,19,0.9
independent,0.5,0,se_iid,25,4519.441279055725,False,-1,219.62195999166994,17,0.1
independent,0.5,1,se_iid,1,4899.780726274304,False,-1,234.82950089205934,18,1.0
independent,0.5,1,se_iid,25,2955.953010284917,False,-1,58.21193917082603,5,0.1
independent,0.5,2,se_iid,1,4464.645749492728,False,-1,174.4775150187856,13,0.9
independent,0.5,2,se_iid,25,4386.177425008682,False,-1,170.57899355426375,13,0.2
independent,0.5,3,se_iid,1,4491.997731669335,False,-1,201.22773241681114,16,0.9
independent,0.5,3,se_iid,25,4177.128595944412,False,-1,128.386561656765,9,0.2
independent,0.5,4,se_iid,1,4804.105152855931,False,-1,227.96501404663735,17,1.4
independent,0.5,4,se_iid,25,3239.060843210544,False,-1,44.020597034586956,5,0.2
independent,0.5,5,se_iid,1,4500.38316773901,False,-1,219.22935116264267,19,1.5
independent,0.5,5,se_iid,25,4550.872781418652,False,-1,227.54363907093258,20,0.2
independent,0.5,6,se_iid,1,4484.51784060029,False,-1,187.4083932107789,15,1.4
independent,0.5,6,se_iid,25,3672.451958350077,False,-1,112.04114158208338,8,0.2
independent,0.5,7,se_iid,1,4650.310871604773,False,-1,221.0319857874917,18,1.5
independent,0.5,7,se_iid,25,4579.760211075156,False,-1,184.72245224523903,15,0.2
independent,0.5,8,se_iid,1,4393.7377628799195,False,-1,194.43318378808132,15,1.1
independent,0.5,8,se_iid,25,3230.7599472051274,False,-1,24.36813942560039,5,0.2
independent,0.5,9,se_iid,1,4729.333180310067,False,-1,227.90390631096307,18,2.0
independent,0.5,9,se_iid,25,4045.385943742454,False,-1,107.26550161132167,7,0.2
independent,0.5,10,se_iid,1,4701.186338732239,False,-1,235.05931693661196,20,1.1
independent,0.5,10,se_iid,25,3291.682861650545,False,-1,112.91141857606272,8,0.3
independent,0.5,11,se_iid,1,4515.727743834642,False,-1,197.17530113508383,14,1.7
independent,0.5,11,se_iid,25,4524.824993691671,False,-1,228.94916749312745,19,0.1
independent,0.5,12,se_iid,1,4555.615647793029,False,-1,178.01067038946675,12,1.0
independent,0.5,12,se_iid,25,4236.231424645746,False,-1,136.54201506018705,9,0.2
independent,0.5,13,se_iid,1,4867.657171381919,False,-1,235.11093810274852,18,1.0
independent,0.5,13,se_iid,25,4843.620429693679,False,-1,246.67183956887476,18,0.2
independent,0.5,14,se_iid,1,4386.550879947728,False,-1,213.4437041679679,18,1.0
independent,0.5,14,se_iid,25,4244.4317758008565,False,-1,200.50581837171825,16,0.2
independent,0.5,15,se_iid,1,4640.257880935582,False,-1,221.30039841146026,17,0.9
independent,0.5,15,se_iid,25,4471.117051290977,False,-1,160.45453632133444,8,0.2
independent,0.5,16,se_iid,1,4567.195432993956,False,-1,209.76419582772192,16,0.9
independent,0.5,16,se_iid,25,4414.154233577882,False,-1,171.03617548881982,11,0.1
independent,0.5,17,se_iid,1,4277.013762632748,False,-1,187.75183088565802,15,1.0
independent,0.5,17,se_iid,25,3282.533454885672,False,-1,39.481325129951145,5,0.2
independent,0.5,18,se_iid,1,4823.292503073305,False,-1,225.29690607866604,17,0.9
independent,0.5,18,se_iid,25,4346.006939895601,False,-1,107.3006525039233,7,0.1
independent,0.5,19,se_iid,1,4707.775971955488,False,-1,228.0529600218025,19,1.0
independent,0.5,19,se_iid,25,4590.427454356595,False,-1,230.22410158793826,16,0.2
independent,0.9,0,se_iid,1,4450.260439331187,False,-1,182.52272165615426,14,1.3
independent,0.9,0,se_iid,25,1510.1143889161312,True,50,34.49160264304758,3,0.2
independent,0.9,1,se_iid,1,4578.098810454703,False,-1,149.95868476125185,9,1.0
independent,0.9,1,se_iid,25,2584.5829650219043,False,-1,84.03641567508755,5,0.2
independent,0.9,2,se_iid,1,4491.636661329239,False,-1,196.9624478678882,14,1.4
independent,0.9,2,se_iid,25,1079.719655231858,True,500,47.681136614639215,2,0.1
independent,0.9,3,se_iid,1,4320.793096204385,False,-1,170.95187279940353,13,1.1
independent,0.9,3,se_iid,25,6981.793325858043,True,525,352.9395554498676,1,0.1
independent,0.9,4,se_iid,1,4345.679600105308,False,-1,133.0655863102536,8,1.1
independent,0.9,4,se_iid,25,3473.5644450360714,False,-1,35.90526497449553,4,0.2
independent,0.9,5,se_iid,1,4506.184498255774,False,-1,210.0099184886128,16,1.2
independent,0.9,5,se_iid,25,1517.49685672831,True,75,35.66410354810156,3,0.4
independent,0.9,6,se_iid,1,4332.111515273696,False,-1,187.45021995920138,15,1.1
independent,0.9,6,se_iid,25,5759.9512287780435,True,1275,298.2986335320171,2,0.2
independent,0.9,7,se_iid,1,4358.453898295105,False,-1,114.71550702425317,7,1.2
independent,0.9,7,se_iid,25,6720.596004413745,True,250,339.7717135850227,3,0.4
independent,0.9,8,se_iid,1,3818.542078786134,False,-1,109.57426534288324,8,1.1
independent,0.9,8,se_iid,25,5302.262429093026,True,200,267.13733201407683,2,0.2
independent,0.9,9,se_iid,1,4283.820653347959,False,-1,107.26550161132168,8,1.1
independent,0.9,9,se_iid,25,2056.5207198685307,False,-1,51.34483535803342,3,0.2
independent,0.9,10,se_iid,1,4599.308006557585,False,-1,206.52237996466255,16,1.1
independent,0.9,10,se_iid,25,6313.773469413789,True,125,312.1173522368515,4,0.2
independent,0.9,11,se_iid,1,4181.227643338177,False,-1,116.3209148879154,8,1.1
independent,0.9,11,se_iid,25,1305.0516410989121,False,-1,32.681554505024764,3,0.2
independent,0.9,12,se_iid,1,4015.8190552951796,False,-1,112.96220730748811,7,1.2
independent,0.9,12,se_iid,25,2361.4716584809153,False,-1,41.847404996114165,2,0.2
independent,0.9,13,se_iid,1,4588.373658199225,False,-1,185.46332633358992,12,1.4
independent,0.9,13,se_iid,25,1937.1458583462413,False,-1,49.890825194006005,2,0.3
independent,0.9,14,se_iid,1,4422.02959365698,False,-1,208.4957044491979,17,1.1
independent,0.9,14,se_iid,25,6270.211459051965,True,425,313.6891468342664,2,0.2
independent,0.9,15,se_iid,1,4619.997469958067,False,-1,214.80295578101914,15,1.5
independent,0.9,15,se_iid,25,2329.774141707998,False,-1,25.44373419344481,2,0.3
independent,0.9,16,se_iid,1,4523.463756555604,False,-1,195.46165786732317,13,0.9
independent,0.9,16,se_iid,25,4254.892723958418,True,500,80.28649411945635,2,0.1
independent,0.9,17,se_iid,1,4333.975057921892,False,-1,193.5602685766998,16,1.0
independent,0.9,17,se_iid,25,2477.4013420000515,False,-1,39.48132512995114,5,0.2
independent,0.9,18,se_iid,1,4785.964284192204,False,-1,227.96879126350552,18,1.0
independent,0.9,18,se_iid,25,1076.4235205328646,False,-1,39.01850386273141,4,0.1
independent,0.9,19,se_iid,1,4713.083909187701,False,-1,231.9060925764427,19,1.0
independent,0.9,19,se_iid,25,6154.3512682745995,True,950,311.4444285015673,1,0.2
independent,0.97,0,se_iid,1,2675.8807745219665,False,-1,25.405531368407626,4,1.0
independent,0.97,0,se_iid,25,5104.081367171772,True,50,256.89311158890376,1,0.2
independent,0.97,1,se_iid,1,3839.5560583801157,False,-1,58.21193917082603,5,1.4
independent,0.97,1,se_iid,25,516.7882658175112,False,-1,0.0,1,0.3
independent,0.97,2,se_iid,1,3966.809230384246,False,-1,70.6513255709629,5,0.9
independent,0.97,2,se_iid,25,175.77907224479782,False,-1,0.0,1,0.2
independent,0.97,3,se_iid,1,2436.9673628635765,False,-1,85.75937126157282,7,1.3
independent,0.97,3,se_iid,25,4386.041639436393,True,450,200.58710828859995,1,0.3
independent,0.97,4,se_iid,1,3105.961620003711,False,-1,86.35112729603158,5,1.2
independent,0.97,4,se_iid,25,1131.9521065086828,True,5450,27.28957067791049,2,0.2
independent,0.97,5,se_iid,1,4371.450927547073,False,-1,198.99587469055456,14,1.1
independent,0.97,5,se_iid,25,6476.43100569538,True,75,325.8115125353479,2,0.2
independent,0.97,6,se_iid,1,4054.9853169176927,False,-1,154.23911566064183,11,1.1
independent,0.97,6,se_iid,25,5322.979058102337,True,475,259.47092636338414,1,0.2
independent,0.97,7,se_iid,1,1379.9403798486508,False,-1,27.042279080294755,3,1.0
independent,0.97,7,se_iid,25,6484.380408426656,True,250,318.9596078491415,4,0.1
independent,0.97,8,se_iid,1,2311.9848758080975,False,-1,9.100941722501142,3,1.0
independent,0.97,8,se_iid,25,565.7435110991449,True,1300,13.65865938228067,2,0.2
independent,0.97,9,se_iid,1,3272.3270038075193,False,-1,39.73455563580603,5,0.9
independent,0.97,9,se_iid,25,2378.233252334782,False,-1,0.0,1,0.2
independent,0.97,10,se_iid,1,2968.4749358608537,False,-1,121.30400470387056,8,1.0
independent,0.97,10,se_iid,25,6003.882589547201,True,75,300.8230140916012,1,0.1
independent,0.97,11,se_iid,1,3458.06003790149,False,-1,38.38673950889904,5,0.9
independent,0.97,11,se_iid,25,4708.673590169624,True,975,230.66843140467319,4,0.1
independent,0.97,12,se_iid,1,3168.4965505027185,False,-1,72.60127367618492,5,0.9
independent,0.97,12,se_iid,25,4778.411904556106,True,225,237.66683334755868,3,0.1
independent,0.97,13,se_iid,1,3948.592767478146,False,-1,135.96017177949844,8,0.9
independent,0.97,13,se_iid,25,4526.644894361398,True,50,225.4084562648502,1,0.1
independent,0.97,14,se_iid,1,4450.935200755759,False,-1,222.28158249257552,19,0.9
independent,0.97,14,se_iid,25,7527.293807717832,True,425,380.201440414471,1,0.2
independent,0.97,15,se_iid,1,3719.6043444687293,False,-1,36.872550093333444,5,0.9
independent,0.97,15,se_iid,25,1031.3794862556974,True,325,39.256798519377966,3,0.1
independent,0.97,16,se_iid,1,4501.380430588249,False,-1,177.13565057798536,8,0.9
independent,0.97,16,se_iid,25,2006.7881427998293,True,125,91.81782348766896,1,0.1
independent,0.97,17,se_iid,1,2766.7641511296392,False,-1,39.481325129951145,5,0.9
independent,0.97,17,se_iid,25,554.7802441879265,False,-1,0.0,1,0.2
independent,0.97,18,se_iid,1,3573.2171519189087,False,-1,43.549078853089995,5,0.9
independent,0.97,18,se_iid,25,1539.1365412769298,True,1250,55.68662809652991,1,0.2
independent,0.97,19,se_iid,1,4671.862027035359,False,-1,226.94347628704656,17,0.9
independent,0.97,19,se_iid,25,2905.7479818992842,False,-1,40.39944654961522,4,0.6
correlated,0.0,0,se_iid,1,4529.82580796639,False,-1,214.65413039735853,18,2.4
correlated,0.0,0,se_iid,25,4528.200027717281,False,-1,216.31931282721072,19,0.2
correlated,0.0,1,se_iid,1,4873.065300819072,False,-1,211.4335292850223,14,1.0
correlated,0.0,1,se_iid,25,4400.737203350476,False,-1,126.76525951693037,7,0.2
correlated,0.0,2,se_iid,1,4528.1540329635245,False,-1,194.99193811918957,12,1.9
correlated,0.0,2,se_iid,25,4617.197913890355,False,-1,215.29707156978054,18,0.1
correlated,0.0,3,se_iid,1,4516.1903347759,False,-1,212.7370459755657,18,1.0
correlated,0.0,3,se_iid,25,4513.393147007941,False,-1,224.30743503254843,17,0.3
correlated,0.0,4,se_iid,1,4812.697785265404,False,-1,236.43550312479834,19,1.1
correlated,0.0,4,se_iid,25,4710.4203618567535,False,-1,208.3212802144755,14,0.2
correlated,0.0,5,se_iid,1,4526.511196479247,False,-1,218.3899666825132,18,1.1
correlated,0.0,5,se_iid,25,4525.919273389361,False,-1,212.08070015616073,19,0.2
correlated,0.0,6,se_iid,1,4453.177597973513,False,-1,179.75691196124,14,1.0
correlated,0.0,6,se_iid,25,4367.994445408747,False,-1,176.22503784942384,15,0.2
correlated,0.0,7,se_iid,1,4343.71724163916,False,-1,106.6742629080407,8,1.1
correlated,0.0,7,se_iid,25,4592.174616959574,False,-1,191.52654115155337,15,0.2
correlated,0.0,8,se_iid,1,4471.411227438862,False,-1,193.1553563098284,15,1.1
correlated,0.0,8,se_iid,25,4470.495597489424,False,-1,178.0559082407737,13,0.2
correlated,0.0,9,se_iid,1,4661.276611736273,False,-1,219.17173826614643,18,1.2
correlated,0.0,9,se_iid,25,4670.544671316766,False,-1,224.00851984708777,18,0.4
correlated,0.0,10,se_iid,1,4436.881278836601,False,-1,176.3966422587343,13,1.1
correlated,0.0,10,se_iid,25,4683.7495066981655,False,-1,217.62248490253762,15,0.2
correlated,0.0,11,se_iid,1,4557.181215636496,False,-1,222.29217627265905,19,1.5
correlated,0.0,11,se_iid,25,4508.214383986863,False,-1,207.03153816955378,13,0.2
correlated,0.0,12,se_iid,1,4342.339649909803,False,-1,156.9847216539442,10,0.9
correlated,0.0,12,se_iid,25,4553.619013790855,False,-1,203.07140757746768,14,0.1
correlated,0.0,13,se_iid,1,4784.1881201674505,False,-1,207.5500342575237,15,0.9
correlated,0.0,13,se_iid,25,4891.529372884428,False,-1,244.57646864422142,20,0.1
correlated,0.0,14,se_iid,1,4084.9440429106235,False,-1,168.2367559120384,13,1.0
correlated,0.0,14,se_iid,25,4474.25956299199,False,-1,223.71297814959948,20,0.2
correlated,0.0,15,se_iid,1,4635.427263356016,False,-1,219.78441900273177,18,0.9
correlated,0.0,15,se_iid,25,4621.144317650733,False,-1,224.83155511666791,18,0.2
correlated,0.0,16,se_iid,1,4581.501181659632,False,-1,204.4965462225249,14,0.9
correlated,0.0,16,se_iid,25,4641.77303918514,False,-1,232.08865195925702,20,0.1
correlated,0.0,17,se_iid,1,4402.080521530037,False,-1,207.5698720309586,17,0.9
correlated,0.0,17,se_iid,25,4450.375560729507,False,-1,222.51877803647534,19,0.2
correlated,0.0,18,se_iid,1,4698.187303911911,False,-1,179.7906219330617,12,0.9
correlated,0.0,18,se_iid,25,4808.16641733219,False,-1,210.66994353467314,14,0.2
correlated,0.0,19,se_iid,1,4618.113929069168,False,-1,214.04854490307878,16,0.9
correlated,0.0,19,se_iid,25,4686.387208155989,False,-1,220.52708074826762,19,0.1
correlated,0.5,0,se_iid,1,4558.682683336571,False,-1,221.38744531004147,19,0.9
correlated,0.5,0,se_iid,25,4213.001287324309,False,-1,159.0283777485635,9,0.1
correlated,0.5,1,se_iid,1,4856.773906164206,False,-1,205.73517067462265,14,0.9
correlated,0.5,1,se_iid,25,3153.7674200519145,False,-1,58.21193917082603,5,0.1
correlated,0.5,2,se_iid,1,4573.955504278408,False,-1,217.7181145098848,18,0.9
correlated,0.5,2,se_iid,25,4556.076696294246,False,-1,214.412316347329,16,0.2
correlated,0.5,3,se_iid,1,4536.426306817281,False,-1,213.51209606406317,18,0.9
correlated,0.5,3,se_iid,25,3743.1536236627667,False,-1,111.47910934333584,9,0.3
correlated,0.5,4,se_iid,1,4802.250272620011,False,-1,228.72739153751414,17,1.1
correlated,0.5,4,se_iid,25,3888.380037184688,False,-1,130.68335467245484,8,0.2
correlated,0.5,5,se_iid,1,4501.643647588553,False,-1,207.25740312415044,17,1.0
correlated,0.5,5,se_iid,25,4525.919273389361,False,-1,212.08070015616073,19,0.1
correlated,0.5,6,se_iid,1,4460.620642736566,False,-1,187.2525938940811,15,1.0
correlated,0.5,6,se_iid,25,4166.31729769831,False,-1,173.06951890768383,13,0.2
correlated,0.5,7,se_iid,1,4608.053810522404,False,-1,213.04409880400448,15,1.0
correlated,0.5,7,se_iid,25,4406.844436556514,False,-1,152.94311306668703,9,0.2
correlated,0.5,8,se_iid,1,3781.133328327258,False,-1,109.57426534288324,8,1.0
correlated,0.5,8,se_iid,25,3762.6377535050633,False,-1,108.14008983268599,8,0.1
correlated,0.5,9,se_iid,1,4692.82181158074,False,-1,219.17173826614643,18,1.0
correlated,0.5,9,se_iid,25,4072.075845704435,False,-1,167.98269502932624,11,0.2
correlated,0.5,10,se_iid,1,4701.186338732239,False,-1,235.05931693661196,20,1.0
correlated,0.5,10,se_iid,25,3679.9094963137463,False,-1,112.20533791641732,7,0.2
correlated,0.5,11,se_iid,1,4424.065301355436,False,-1,183.40851002840716,14,1.3
correlated,0.5,11,se_iid,25,4361.399833969796,False,-1,140.55500208457462,10,0.2
correlated,0.5,12,se_iid,1,4633.01839553824,False,-1,175.09343356853495,10,1.2
correlated,0.5,12,se_iid,25,4542.382267017596,False,-1,156.98472165394418,10,0.2
correlated,0.5,13,se_iid,1,4856.205171488902,False,-1,237.11354995686256,19,1.0
correlated,0.5,13,se_iid,25,4839.648150472328,False,-1,233.57768091474912,18,0.1
correlated,0.5,14,se_iid,1,4387.01326309789,False,-1,213.9060873181292,18,1.0
correlated,0.5,14,se_iid,25,4474.25956299199,False,-1,223.71297814959948,20,0.2
correlated,0.5,15,se_iid,1,4646.272100888167,False,-1,226.3326441485237,19,1.0
correlated,0.5,15,se_iid,25,4545.774867897025,False,-1,191.4430077986471,14,0.2
correlated,0.5,16,se_iid,1,4566.119960527008,False,-1,196.11270054087407,14,1.0
correlated,0.5,16,se_iid,25,4391.4455555414015,False,-1,200.03954749674992,14,0.2
correlated,0.5,17,se_iid,1,4301.221053158266,False,-1,170.35154294361246,13,1.0
correlated,0.5,17,se_iid,25,4367.460086566191,False,-1,194.57086608090918,17,0.1
correlated,0.5,18,se_iid,1,4832.371603915555,False,-1,225.72319502003475,18,1.0
correlated,0.5,18,se_iid,25,4709.514585094656,False,-1,193.69032706916713,15,0.1
correlated,0.5,19,se_iid,1,4665.496250198772,False,-1,214.41456956178934,17,1.1
correlated,0.5,19,se_iid,25,4646.320544692266,False,-1,230.15288770308047,14,0.2
correlated,0.9,0,se_iid,1,4505.535405866594,False,-1,198.68365652128904,16,1.1
correlated,0.9,0,se_iid,25,5041.048857612058,True,50,251.30010231248292,3,0.2
correlated,0.9,1,se_iid,1,4477.116479313716,False,-1,149.95868476125185,9,1.0
correlated,0.9,1,se_iid,25,1373.4366368400529,False,-1,66.20723041187529,4,0.2
correlated,0.9,2,se_iid,1,4563.4027666908205,False,-1,216.3537661464395,18,1.0
correlated,0.9,2,se_iid,25,1171.1157757325911,False,-1,48.26225179963181,4,0.2
correlated,0.9,3,se_iid,1,4557.354712108853,False,-1,220.4701481241584,19,1.0
correlated,0.9,3,se_iid,25,1628.812493988623,True,6200,28.421421725842844,3,0.2
correlated,0.9,4,se_iid,1,4591.227941013509,False,-1,156.13576736861407,9,0.9
correlated,0.9,4,se_iid,25,1838.0165917299669,False,-1,44.020597034586956,5,0.1
correlated,0.9,5,se_iid,1,4527.174985628328,False,-1,214.29611592676667,18,1.0
correlated,0.9,5,se_iid,25,2905.468263645266,True,75,48.5285121694463,4,0.2
correlated,0.9,6,se_iid,1,4622.176053135585,False,-1,231.10880265677923,20,1.0
correlated,0.9,6,se_iid,25,2800.937066870531,False,-1,91.56247478771094,5,0.1
correlated,0.9,7,se_iid,1,4203.53721521504,False,-1,95.16303031074966,6,1.0
correlated,0.9,7,se_iid,25,1094.639805248326,False,-1,30.576776513160375,4,0.1
correlated,0.9,8,se_iid,1,3738.1721475538507,False,-1,109.57426534288324,8,0.9
correlated,0.9,8,se_iid,25,1982.0882921887603,False,-1,19.14279631182636,4,0.1
correlated,0.9,9,se_iid,1,4353.002627812164,False,-1,128.57915756336857,9,2.4
correlated,0.9,9,se_iid,25,2421.414308076801,False,-1,65.01658558833498,5,0.2
correlated,0.9,10,se_iid,1,4421.190333230746,False,-1,179.36606005712068,13,2.2
correlated,0.9,10,se_iid,25,7543.460570018791,True,125,380.90756210371603,1,0.2
correlated,0.9,11,se_iid,1,4200.369285687998,False,-1,140.55500208457462,10,1.3
correlated,0.9,11,se_iid,25,2487.5147777914904,False,-1,32.3001440746408,4,0.2
correlated,0.9,12,se_iid,1,3938.4366460075234,False,-1,130.48859223338644,7,1.1
correlated,0.9,12,se_iid,25,1901.9775408605603,False,-1,59.969082562130225,3,0.2
correlated,0.9,13,se_iid,1,4718.697956416234,False,-1,207.58103309908324,15,1.1
correlated,0.9,13,se_iid,25,5037.0467494699615,True,1100,254.23489717395904,4,0.1
correlated,0.9,14,se_iid,1,4413.491194289687,False,-1,189.7459564051041,14,1.1
correlated,0.9,14,se_iid,25,6252.8215270972105,True,525,307.54607568796155,1,0.2
correlated,0.9,15,se_iid,1,4462.841825218855,False,-1,167.81447013805098,11,1.1
correlated,0.9,15,se_iid,25,961.1021773195783,False,-1,36.872550093333444,5,0.2
correlated,0.9,16,se_iid,1,4542.78872749063,False,-1,187.67586261019545,12,1.1
correlated,0.9,16,se_iid,25,2037.9876827313335,True,375,91.81782348766896,1,0.2
correlated,0.9,17,se_iid,1,4409.040556283024,False,-1,202.9250333852646,17,1.0
correlated,0.9,17,se_iid,25,1035.7330584758656,False,-1,20.493863288853014,3,0.2
correlated,0.9,18,se_iid,1,4782.248972401503,False,-1,222.55317518327547,17,1.0
correlated,0.9,18,se_iid,25,5670.234056729252,True,650,278.6730368831675,4,0.2
correlated,0.9,19,se_iid,1,4699.231083372754,False,-1,227.98207821467992,19,0.9
correlated,0.9,19,se_iid,25,3062.4814112498916,False,-1,91.61099739809805,5,0.1
correlated,0.97,0,se_iid,1,3319.5743600971587,False,-1,109.45548733995902,8,0.9
correlated,0.97,0,se_iid,25,5062.27510955044,True,50,253.6735965558859,4,0.2
correlated,0.97,1,se_iid,1,3800.0938932843196,False,-1,58.21193917082603,5,1.0
correlated,0.97,1,se_iid,25,363.1060920764895,False,-1,0.0,1,0.2
correlated,0.97,2,se_iid,1,4469.298053681194,False,-1,182.0931931706367,13,1.0
correlated,0.97,2,se_iid,25,489.49633499536526,True,17100,27.422111006771274,1,0.2
correlated,0.97,3,se_iid,1,4010.3245715346106,False,-1,180.65494110868946,14,1.1
correlated,0.97,3,se_iid,25,6857.181401226925,True,475,345.7769448851324,2,0.2
correlated,0.97,4,se_iid,1,3487.4540802622364,False,-1,110.45874738323593,7,1.0
correlated,0.97,4,se_iid,25,2094.7412837429774,True,7850,60.42187928210279,2,0.2
correlated,0.97,5,se_iid,1,4417.923928474244,False,-1,207.51785289377568,16,1.0
correlated,0.97,5,se_iid,25,6388.190558578156,True,75,320.76835667775026,3,0.1
correlated,0.97,6,se_iid,1,4622.176053135585,False,-1,231.10880265677923,20,1.0
correlated,0.97,6,se_iid,25,1430.895994443844,False,-1,49.87932279297805,4,0.2
correlated,0.97,7,se_iid,1,1310.8328362698521,False,-1,31.945877688504567,5,1.0
correlated,0.97,7,se_iid,25,6656.487338440158,True,350,335.02364955351135,1,0.1
correlated,0.97,8,se_iid,1,1695.195246675718,False,-1,19.14279631182636,4,1.0
correlated,0.97,8,se_iid,25,525.5301595152191,False,-1,0.0,1,0.2
correlated,0.97,9,se_iid,1,2903.230864636773,False,-1,39.73455563580603,5,1.0
correlated,0.97,9,se_iid,25,1123.356244654834,False,-1,46.143832417870904,4,0.2
correlated,0.97,10,se_iid,1,997.7866712052997,False,-1,43.50717054486071,5,1.1
correlated,0.97,10,se_iid,25,6659.5965503996595,True,125,334.71459716948095,3,0.2
correlated,0.97,11,se_iid,1,3349.6467726528886,False,-1,38.38673950889904,5,1.1
correlated,0.97,11,se_iid,25,6593.51101635011,True,450,333.4247215442979,3,0.2
correlated,0.97,12,se_iid,1,2969.836147195408,False,-1,68.97414276713181,4,1.2
correlated,0.97,12,se_iid,25,6550.497981499393,True,225,329.8924918003025,1,0.2
correlated,0.97,13,se_iid,1,4045.5330054127044,False,-1,135.96017177949844,8,1.4
correlated,0.97,13,se_iid,25,4787.221649940771,True,125,239.77371197337982,2,0.1
correlated,0.97,14,se_iid,1,4408.643998040437,False,-1,215.9834914829143,18,1.3
correlated,0.97,14,se_iid,25,1055.022149986556,False,-1,23.96419786216834,3,0.2
correlated,0.97,15,se_iid,1,3478.663882566788,False,-1,36.872550093333444,5,1.0
correlated,0.97,15,se_iid,25,6626.489466697843,True,450,334.6827995826018,2,0.7
correlated,0.97,16,se_iid,1,4559.2881928989045,False,-1,190.0310635620817,11,1.5
correlated,0.97,16,se_iid,25,6696.623522018405,True,75,338.5342893439515,1,0.2
correlated,0.97,17,se_iid,1,1884.0403618610133,False,-1,39.481325129951145,5,1.7
correlated,0.97,17,se_iid,25,444.00511056725776,False,-1,4.57538289068865,2,0.2
correlated,0.97,18,se_iid,1,4116.4289920928095,False,-1,130.66725050291114,8,1.7
correlated,0.97,18,se_iid,25,5423.072969385617,True,600,271.2730346581749,3,0.2
correlated,0.97,19,se_iid,1,4679.44555682142,False,-1,220.75156400781424,18,1.2
correlated,0.97,19,se_iid,25,5760.949658682072,True,575,291.3482531665245,5,0.4
