config,phi,seed,policy,batch,regret,regret@1000,violation_share,any_violation,best_arm_share_last_1000,seconds,best_eliminated,best_eliminated_at,regret_last_1000,active_at_end
independent,0.0,0,sp_ucb_st,1,697.3715320561125,189.8719406385314,0.0,False,0.174,1.0,,,,
independent,0.0,0,sp_ucb_st,25,718.1523405376137,184.4341756396345,0.0,False,0.15,1.0,,,,
independent,0.0,0,se_st,1,1143.5444276382073,,,,,0.8,False,-1.0,228.7088855276415,20.0
independent,0.0,0,se_st,25,1143.5444276382077,,,,,0.2,False,-1.0,228.70888552764146,20.0
independent,0.0,1,sp_ucb_st,1,851.8839520320797,218.9788106837705,0.0,False,0.19,1.0,,,,
independent,0.0,1,sp_ucb_st,25,872.2708166445171,197.73308707057836,0.0,False,0.175,1.0,,,,
independent,0.0,1,se_st,1,1240.330611073357,,,,,0.8,False,-1.0,248.06612221467142,20.0
independent,0.0,1,se_st,25,1240.330611073357,,,,,0.1,False,-1.0,248.0661222146714,20.0
independent,0.0,2,sp_ucb_st,1,766.4698572312718,186.6696872774975,0.0,False,0.176,0.9,,,,
independent,0.0,2,sp_ucb_st,25,842.308699025052,206.3072891819428,0.0,False,0.1,0.9,,,,
independent,0.0,2,se_st,1,1158.3949585054145,,,,,0.7,False,-1.0,231.6789917010829,20.0
independent,0.0,2,se_st,25,1158.3949585054145,,,,,0.1,False,-1.0,231.6789917010829,20.0
independent,0.0,3,sp_ucb_st,1,697.8003982536505,181.4647120174229,0.0,False,0.127,0.9,,,,
independent,0.0,3,sp_ucb_st,25,757.4682096933385,190.52912175244757,0.0,False,0.075,0.9,,,,
independent,0.0,3,se_st,1,1143.7630492466692,,,,,0.7,False,-1.0,228.75260984933388,20.0
independent,0.0,3,se_st,25,1143.7630492466694,,,,,0.1,False,-1.0,228.75260984933385,20.0
independent,0.0,4,sp_ucb_st,1,750.7087716982014,183.63682348740957,0.0,False,0.13,0.9,,,,
independent,0.0,4,sp_ucb_st,25,814.842553778206,193.3604234764403,0.0,False,0.075,1.1,,,,
independent,0.0,4,se_st,1,1205.2120691112846,,,,,0.6,False,-1.0,241.04241382225695,20.0
independent,0.0,4,se_st,25,1205.2120691112846,,,,,0.2,False,-1.0,241.04241382225692,20.0
independent,0.0,5,sp_ucb_st,1,748.0672407181185,199.4517621321301,0.0,False,0.126,1.0,,,,
independent,0.0,5,sp_ucb_st,25,706.7702431309672,195.5549585279424,0.0,False,0.15,0.9,,,,
independent,0.0,5,se_st,1,1137.718195354663,,,,,0.6,False,-1.0,227.5436390709326,20.0
independent,0.0,5,se_st,25,1137.718195354663,,,,,0.2,False,-1.0,227.54363907093258,20.0
independent,0.0,6,sp_ucb_st,1,769.1859458269481,211.4111155970211,0.0,False,0.185,0.9,,,,
independent,0.0,6,sp_ucb_st,25,853.4265878289946,201.460465014726,0.0,False,0.075,1.1,,,,
independent,0.0,6,se_st,1,1155.544013283896,,,,,0.6,False,-1.0,231.10880265677923,20.0
independent,0.0,6,se_st,25,1155.5440132838962,,,,,0.2,False,-1.0,231.10880265677923,20.0
independent,0.0,7,sp_ucb_st,1,704.4951993463889,177.21332134083184,0.0,False,0.173,1.0,,,,
independent,0.0,7,sp_ucb_st,25,714.7324735062557,201.64474050710615,0.0,False,0.1,1.1,,,,
independent,0.0,7,se_st,1,1170.6597186078411,,,,,0.7,False,-1.0,234.1319437215682,20.0
independent,0.0,7,se_st,25,1170.6597186078411,,,,,0.2,False,-1.0,234.13194372156823,20.0
independent,0.0,8,sp_ucb_st,1,740.3200310597115,206.45236861216688,0.0,False,0.16,1.0,,,,
independent,0.0,8,sp_ucb_st,25,668.9428955407319,201.71596319383957,0.0,False,0.175,0.8,,,,
independent,0.0,8,se_st,1,1156.9935069014205,,,,,0.6,False,-1.0,231.3987013802841,20.0
independent,0.0,8,se_st,25,1156.9935069014205,,,,,0.1,False,-1.0,231.39870138028408,20.0
independent,0.0,9,sp_ucb_st,1,805.3250049827574,205.30345401500006,0.0,False,0.192,0.9,,,,
independent,0.0,9,sp_ucb_st,25,795.0716201273008,198.38835512741085,0.0,False,0.2,0.9,,,,
independent,0.0,9,se_st,1,1184.586651052396,,,,,0.7,False,-1.0,236.91733021047912,20.0
independent,0.0,9,se_st,25,1184.5866510523958,,,,,0.1,False,-1.0,236.91733021047918,20.0
independent,0.0,10,sp_ucb_st,1,739.052097930998,176.78732690604326,0.0,False,0.261,1.0,,,,
independent,0.0,10,sp_ucb_st,25,769.1689492092715,192.01671739338298,0.0,False,0.175,0.9,,,,
independent,0.0,10,se_st,1,1175.2965846830598,,,,,0.6,False,-1.0,235.05931693661196,20.0
independent,0.0,10,se_st,25,1175.2965846830598,,,,,0.2,False,-1.0,235.05931693661194,20.0
independent,0.0,11,sp_ucb_st,1,683.158351946606,206.517614000957,0.0,False,0.227,1.0,,,,
independent,0.0,11,sp_ucb_st,25,731.5704479819057,178.14464677759918,0.0,False,0.125,0.8,,,,
independent,0.0,11,se_st,1,1143.2396246888884,,,,,0.6,False,-1.0,228.64792493777765,20.0
independent,0.0,11,se_st,25,1143.2396246888884,,,,,0.2,False,-1.0,228.64792493777765,20.0
independent,0.0,12,sp_ucb_st,1,845.6617338822701,204.13030552918073,0.0,False,0.105,1.0,,,,
independent,0.0,12,sp_ucb_st,25,852.2213629498589,207.73784420650156,0.0,False,0.15,1.0,,,,
independent,0.0,12,se_st,1,1205.9252258543593,,,,,0.6,False,-1.0,241.18504517087183,20.0
independent,0.0,12,se_st,25,1205.9252258543593,,,,,0.2,False,-1.0,241.1850451708719,20.0
independent,0.0,13,sp_ucb_st,1,783.504697838577,199.94217333086,0.0,False,0.218,1.0,,,,
independent,0.0,13,sp_ucb_st,25,843.7542224999413,215.70859278505534,0.0,False,0.325,1.0,,,,
independent,0.0,13,se_st,1,1222.882343221107,,,,,0.7,False,-1.0,244.57646864422142,20.0
independent,0.0,13,se_st,25,1222.882343221107,,,,,0.2,False,-1.0,244.57646864422142,20.0
independent,0.0,14,sp_ucb_st,1,659.4924641895875,186.75711832000692,0.0,False,0.185,0.9,,,,
independent,0.0,14,sp_ucb_st,25,683.8858025496721,193.82288609718776,0.0,False,0.25,1.0,,,,
independent,0.0,14,se_st,1,1118.5648907479974,,,,,0.7,False,-1.0,223.71297814959948,20.0
independent,0.0,14,se_st,25,1118.5648907479974,,,,,0.3,False,-1.0,223.71297814959948,20.0
independent,0.0,15,sp_ucb_st,1,714.268654978295,201.83334358690666,0.0,False,0.282,1.0,,,,
independent,0.0,15,sp_ucb_st,25,710.4334284172616,190.90326330792837,0.0,False,0.25,0.9,,,,
independent,0.0,15,se_st,1,1168.4134044299133,,,,,0.7,False,-1.0,233.68268088598268,20.0
independent,0.0,15,se_st,25,1168.4134044299135,,,,,0.2,False,-1.0,233.68268088598268,20.0
independent,0.0,16,sp_ucb_st,1,800.7700278202004,202.23942422868944,0.0,False,0.187,1.2,,,,
independent,0.0,16,sp_ucb_st,25,782.6755987110384,199.81020180254282,0.0,False,0.2,1.0,,,,
independent,0.0,16,se_st,1,1160.4432597962852,,,,,0.9,False,-1.0,232.08865195925702,20.0
independent,0.0,16,se_st,25,1160.4432597962852,,,,,0.2,False,-1.0,232.08865195925702,20.0
independent,0.0,17,sp_ucb_st,1,701.6096015826056,200.6471786241007,0.0,False,0.247,1.2,,,,
independent,0.0,17,sp_ucb_st,25,632.7106010438138,186.75887154802086,0.0,False,0.275,0.9,,,,
independent,0.0,17,se_st,1,1112.5938901823765,,,,,0.9,False,-1.0,222.51877803647534,20.0
independent,0.0,17,se_st,25,1112.5938901823768,,,,,0.1,False,-1.0,222.51877803647534,20.0
independent,0.0,18,sp_ucb_st,1,795.316780611275,227.9985796258698,0.0,False,0.141,1.1,,,,
independent,0.0,18,sp_ucb_st,25,705.621524549711,199.70795934060985,0.0,False,0.175,0.8,,,,
independent,0.0,18,se_st,1,1214.6083332168032,,,,,0.6,False,-1.0,242.9216666433606,20.0
independent,0.0,18,se_st,25,1214.608333216803,,,,,0.2,False,-1.0,242.92166664336062,20.0
independent,0.0,19,sp_ucb_st,1,811.362147505999,196.26382829383937,0.0,False,0.157,1.1,,,,
independent,0.0,19,sp_ucb_st,25,865.2273875877039,208.53678661234252,0.0,False,0.125,0.8,,,,
independent,0.0,19,se_st,1,1179.601504648334,,,,,0.6,False,-1.0,235.92030092966678,20.0
independent,0.0,19,se_st,25,1179.601504648334,,,,,0.1,False,-1.0,235.92030092966684,20.0
independent,0.5,0,sp_ucb_st,1,743.4253159976544,185.96417721032998,0.0,False,0.146,0.8,,,,
independent,0.5,0,sp_ucb_st,25,865.9415849449055,195.77981567022746,0.0,False,0.125,0.8,,,,
independent,0.5,0,se_st,1,1143.5444276382073,,,,,0.6,False,-1.0,228.7088855276415,20.0
independent,0.5,0,se_st,25,1143.5444276382077,,,,,0.1,False,-1.0,228.70888552764146,20.0
independent,0.5,1,sp_ucb_st,1,844.1616988085286,186.17632642406303,0.0,False,0.243,0.8,,,,
independent,0.5,1,sp_ucb_st,25,958.4425599034852,205.74698847112953,0.0,False,0.1,0.8,,,,
independent,0.5,1,se_st,1,1240.330611073357,,,,,0.6,False,-1.0,248.06612221467142,20.0
independent,0.5,1,se_st,25,1240.330611073357,,,,,0.2,False,-1.0,248.0661222146714,20.0
independent,0.5,2,sp_ucb_st,1,934.7481326517518,210.29739488964498,0.0,False,0.15,0.8,,,,
independent,0.5,2,sp_ucb_st,25,887.7265526842372,191.98045052840172,0.0,False,0.1,0.8,,,,
independent,0.5,2,se_st,1,1158.3949585054145,,,,,0.6,False,-1.0,231.6789917010829,20.0
independent,0.5,2,se_st,25,1158.3949585054145,,,,,0.1,False,-1.0,231.6789917010829,20.0
independent,0.5,3,sp_ucb_st,1,761.2638241967954,176.57719619783634,0.0,False,0.189,0.9,,,,
independent,0.5,3,sp_ucb_st,25,829.533368709341,195.73331450917792,0.0,False,0.15,0.9,,,,
independent,0.5,3,se_st,1,1143.7630492466692,,,,,0.6,False,-1.0,228.75260984933388,20.0
independent,0.5,3,se_st,25,1143.7630492466694,,,,,0.2,False,-1.0,228.75260984933385,20.0
independent,0.5,4,sp_ucb_st,1,848.8775274250797,217.78400463274482,0.0,False,0.071,0.8,,,,
independent,0.5,4,sp_ucb_st,25,897.4178807282306,199.89324961001094,0.0,False,0.075,0.8,,,,
independent,0.5,4,se_st,1,1205.2120691112846,,,,,0.6,False,-1.0,241.04241382225695,20.0
independent,0.5,4,se_st,25,1205.2120691112846,,,,,0.1,False,-1.0,241.04241382225692,20.0
independent,0.5,5,sp_ucb_st,1,761.6122178099906,173.70237581077714,0.0,False,0.138,0.9,,,,
independent,0.5,5,sp_ucb_st,25,871.1094522758211,220.0315146095066,0.0,False,0.1,0.8,,,,
independent,0.5,5,se_st,1,1137.718195354663,,,,,0.6,False,-1.0,227.5436390709326,20.0
independent,0.5,5,se_st,25,1137.718195354663,,,,,0.1,False,-1.0,227.54363907093258,20.0
independent,0.5,6,sp_ucb_st,1,804.2313593019504,184.37531904224093,0.0,False,0.202,0.9,,,,
independent,0.5,6,sp_ucb_st,25,922.6260273414447,210.76863726576792,0.0,False,0.15,0.9,,,,
independent,0.5,6,se_st,1,1155.544013283896,,,,,0.6,False,-1.0,231.10880265677923,20.0
independent,0.5,6,se_st,25,1155.5440132838962,,,,,0.1,False,-1.0,231.10880265677923,20.0
independent,0.5,7,sp_ucb_st,1,583.9077268768191,154.92590671202737,0.0,False,0.216,1.0,,,,
independent,0.5,7,sp_ucb_st,25,899.6276663777708,216.5400077475142,0.0,False,0.15,0.9,,,,
independent,0.5,7,se_st,1,1170.6597186078411,,,,,0.5,False,-1.0,234.1319437215682,20.0
independent,0.5,7,se_st,25,1170.6597186078411,,,,,0.2,False,-1.0,234.13194372156823,20.0
independent,0.5,8,sp_ucb_st,1,576.731262034963,178.59200807128795,0.0,False,0.189,0.9,,,,
independent,0.5,8,sp_ucb_st,25,901.3806329987502,229.07954645030233,0.0,False,0.075,0.8,,,,
independent,0.5,8,se_st,1,1156.9935069014205,,,,,0.6,False,-1.0,231.3987013802841,20.0
independent,0.5,8,se_st,25,1156.9935069014205,,,,,0.1,False,-1.0,231.39870138028408,20.0
independent,0.5,9,sp_ucb_st,1,692.6097887742478,158.07073845207177,0.0,False,0.097,0.9,,,,
independent,0.5,9,sp_ucb_st,25,897.0200358072268,205.53824684331008,0.0,False,0.1,0.8,,,,
independent,0.5,9,se_st,1,1184.586651052396,,,,,0.6,False,-1.0,236.91733021047912,20.0
independent,0.5,9,se_st,25,1184.5866510523958,,,,,0.1,False,-1.0,236.91733021047918,20.0
independent,0.5,10,sp_ucb_st,1,687.7123193957009,156.24400928814975,0.0,False,0.291,0.8,,,,
independent,0.5,10,sp_ucb_st,25,958.5209800328655,217.99937944843103,0.0,False,0.1,0.8,,,,
independent,0.5,10,se_st,1,1175.2965846830598,,,,,0.5,False,-1.0,235.05931693661196,20.0
independent,0.5,10,se_st,25,1175.2965846830598,,,,,0.2,False,-1.0,235.05931693661194,20.0
independent,0.5,11,sp_ucb_st,1,719.7794508648249,195.42698823456075,0.0,False,0.113,0.8,,,,
independent,0.5,11,sp_ucb_st,25,967.1129718282904,208.48848705257674,0.0,False,0.075,0.8,,,,
independent,0.5,11,se_st,1,1143.2396246888884,,,,,0.6,False,-1.0,228.64792493777765,20.0
independent,0.5,11,se_st,25,1143.2396246888884,,,,,0.1,False,-1.0,228.64792493777765,20.0
independent,0.5,12,sp_ucb_st,1,904.8528789326302,209.60723814843146,0.0,False,0.106,0.8,,,,
independent,0.5,12,sp_ucb_st,25,1008.65496494798,225.36263643280995,0.0,False,0.125,0.9,,,,
independent,0.5,12,se_st,1,1205.9252258543593,,,,,0.6,False,-1.0,241.18504517087183,20.0
independent,0.5,12,se_st,25,1205.9252258543593,,,,,0.2,False,-1.0,241.1850451708719,20.0
independent,0.5,13,sp_ucb_st,1,755.2493821373105,199.1750785789409,0.0,False,0.198,0.8,,,,
independent,0.5,13,sp_ucb_st,25,926.895756568705,226.25153129784553,0.0,False,0.2,0.8,,,,
independent,0.5,13,se_st,1,1222.882343221107,,,,,0.6,False,-1.0,244.57646864422142,20.0
independent,0.5,13,se_st,25,1222.882343221107,,,,,0.1,False,-1.0,244.57646864422142,20.0
independent,0.5,14,sp_ucb_st,1,640.2431732246793,186.40590585513823,0.0,False,0.202,0.8,,,,
independent,0.5,14,sp_ucb_st,25,856.3399160644808,207.34087132452726,0.0,False,0.15,0.8,,,,
independent,0.5,14,se_st,1,1118.5648907479974,,,,,0.6,False,-1.0,223.71297814959948,20.0
independent,0.5,14,se_st,25,1118.5648907479974,,,,,0.2,False,-1.0,223.71297814959948,20.0
independent,0.5,15,sp_ucb_st,1,772.3831966960387,203.41268852096061,0.0,False,0.234,0.8,,,,
independent,0.5,15,sp_ucb_st,25,915.6831550405789,220.20973184710903,0.0,False,0.2,0.8,,,,
independent,0.5,15,se_st,1,1168.4134044299133,,,,,0.6,False,-1.0,233.68268088598268,20.0
independent,0.5,15,se_st,25,1168.4134044299135,,,,,0.2,False,-1.0,233.68268088598268,20.0
independent,0.5,16,sp_ucb_st,1,787.8403967190627,180.306979104613,0.0,False,0.188,0.9,,,,
independent,0.5,16,sp_ucb_st,25,969.0385128810924,220.87522012251503,0.0,False,0.075,0.8,,,,
independent,0.5,16,se_st,1,1160.4432597962852,,,,,0.5,False,-1.0,232.08865195925702,20.0
independent,0.5,16,se_st,25,1160.4432597962852,,,,,0.1,False,-1.0,232.08865195925702,20.0
independent,0.5,17,sp_ucb_st,1,675.8649126239545,174.44107485272198,0.0,False,0.247,0.8,,,,
independent,0.5,17,sp_ucb_st,25,936.1520793305473,209.45616515502664,0.0,False,0.075,0.8,,,,
independent,0.5,17,se_st,1,1112.5938901823765,,,,,0.7,False,-1.0,222.51877803647534,20.0
independent,0.5,17,se_st,25,1112.5938901823768,,,,,0.1,False,-1.0,222.51877803647534,20.0
independent,0.5,18,sp_ucb_st,1,750.3351019608659,209.86559314225278,0.0,False,0.219,0.8,,,,
independent,0.5,18,sp_ucb_st,25,914.0217329480822,249.53178309293673,0.0,False,0.175,0.8,,,,
independent,0.5,18,se_st,1,1214.6083332168032,,,,,0.6,False,-1.0,242.9216666433606,20.0
independent,0.5,18,se_st,25,1214.608333216803,,,,,0.2,False,-1.0,242.92166664336062,20.0
independent,0.5,19,sp_ucb_st,1,796.0351965654497,218.25708015804742,0.0,False,0.104,0.8,,,,
independent,0.5,19,sp_ucb_st,25,929.332628743097,223.3225081255776,0.0,False,0.125,0.8,,,,
independent,0.5,19,se_st,1,1179.601504648334,,,,,0.6,False,-1.0,235.92030092966678,20.0
independent,0.5,19,se_st,25,1179.601504648334,,,,,0.1,False,-1.0,235.92030092966684,20.0
independent,0.9,0,sp_ucb_st,1,820.9399748371945,151.96344533770616,0.0,False,0.122,0.8,,,,
independent,0.9,0,sp_ucb_st,25,995.4632148909776,222.0706195359784,0.0,False,0.1,0.9,,,,
independent,0.9,0,se_st,1,1143.5444276382073,,,,,0.6,False,-1.0,228.7088855276415,20.0
independent,0.9,0,se_st,25,1143.5444276382077,,,,,0.1,False,-1.0,228.70888552764146,20.0
independent,0.9,1,sp_ucb_st,1,860.896850902626,205.4406007633668,0.0,False,0.258,0.8,,,,
independent,0.9,1,sp_ucb_st,25,1087.469650280759,247.69090430710762,0.0,False,0.1,0.8,,,,
independent,0.9,1,se_st,1,1240.330611073357,,,,,0.5,False,-1.0,248.06612221467142,20.0
independent,0.9,1,se_st,25,1240.330611073357,,,,,0.2,False,-1.0,248.0661222146714,20.0
independent,0.9,2,sp_ucb_st,1,763.9945932502534,167.75300643609185,0.0,False,0.033,0.8,,,,
independent,0.9,2,sp_ucb_st,25,1025.8299705281804,209.0423600021993,0.0,False,0.075,0.8,,,,
independent,0.9,2,se_st,1,1158.3949585054145,,,,,0.5,False,-1.0,231.6789917010829,20.0
independent,0.9,2,se_st,25,1158.3949585054145,,,,,0.2,False,-1.0,231.6789917010829,20.0
independent,0.9,3,sp_ucb_st,1,674.4832189024004,154.71188295091326,0.0,False,0.162,0.8,,,,
independent,0.9,3,sp_ucb_st,25,1021.6648470308781,223.75376407708953,0.0,False,0.05,0.8,,,,
independent,0.9,3,se_st,1,1143.7630492466692,,,,,0.6,False,-1.0,228.75260984933388,20.0
independent,0.9,3,se_st,25,1143.7630492466694,,,,,0.1,False,-1.0,228.75260984933385,20.0
independent,0.9,4,sp_ucb_st,1,801.5939997308835,197.1938676579494,0.0,False,0.074,0.8,,,,
independent,0.9,4,sp_ucb_st,25,1090.6959764814571,235.02589440858543,0.0,False,0.075,0.8,,,,
independent,0.9,4,se_st,1,1205.2120691112846,,,,,0.6,False,-1.0,241.04241382225695,20.0
independent,0.9,4,se_st,25,1205.2120691112846,,,,,0.2,False,-1.0,241.04241382225692,20.0
independent,0.9,5,sp_ucb_st,1,753.0351239563889,158.54340592954964,0.0,False,0.043,0.9,,,,
independent,0.9,5,sp_ucb_st,25,994.2615106426733,245.25906385373642,0.0,False,0.125,0.8,,,,
independent,0.9,5,se_st,1,1137.718195354663,,,,,0.6,False,-1.0,227.5436390709326,20.0
independent,0.9,5,se_st,25,1137.718195354663,,,,,0.1,False,-1.0,227.54363907093258,20.0
independent,0.9,6,sp_ucb_st,1,801.4440676271379,184.02959761315097,0.0,False,0.074,0.9,,,,
independent,0.9,6,sp_ucb_st,25,982.0027944038322,198.65473422040208,0.0,False,0.1,0.8,,,,
independent,0.9,6,se_st,1,1155.544013283896,,,,,0.6,False,-1.0,231.10880265677923,20.0
independent,0.9,6,se_st,25,1155.5440132838962,,,,,0.2,False,-1.0,231.10880265677923,20.0
independent,0.9,7,sp_ucb_st,1,631.2963036165411,181.01202739804512,0.0,False,0.153,0.8,,,,
independent,0.9,7,sp_ucb_st,25,856.2491815218091,216.51722467273788,0.0,False,0.15,0.8,,,,
independent,0.9,7,se_st,1,1170.6597186078411,,,,,0.6,False,-1.0,234.1319437215682,20.0
independent,0.9,7,se_st,25,1170.6597186078411,,,,,0.1,False,-1.0,234.13194372156823,20.0
independent,0.9,8,sp_ucb_st,1,582.9794698456466,113.47968624585997,0.0,False,0.114,0.8,,,,
independent,0.9,8,sp_ucb_st,25,950.3126437829023,220.12003357935518,0.0,False,0.2,0.8,,,,
independent,0.9,8,se_st,1,1156.9935069014205,,,,,0.6,False,-1.0,231.3987013802841,20.0
independent,0.9,8,se_st,25,1156.9935069014205,,,,,0.1,False,-1.0,231.39870138028408,20.0
independent,0.9,9,sp_ucb_st,1,938.9952158105738,164.52701708814007,0.0,False,0.033,0.8,,,,
independent,0.9,9,sp_ucb_st,25,1015.2027397459137,231.81109998091878,0.0,False,0.1,0.8,,,,
independent,0.9,9,se_st,1,1184.586651052396,,,,,0.6,False,-1.0,236.91733021047912,20.0
independent,0.9,9,se_st,25,1184.5866510523958,,,,,0.1,False,-1.0,236.91733021047918,20.0
independent,0.9,10,sp_ucb_st,1,808.2088346149615,157.78646484126315,0.0,False,0.282,0.8,,,,
independent,0.9,10,sp_ucb_st,25,963.421474109572,195.70818549855696,0.0,False,0.175,0.8,,,,
independent,0.9,10,se_st,1,1175.2965846830598,,,,,0.6,False,-1.0,235.05931693661196,20.0
independent,0.9,10,se_st,25,1175.2965846830598,,,,,0.2,False,-1.0,235.05931693661194,20.0
independent,0.9,11,sp_ucb_st,1,853.9613198737898,221.07134196017563,0.0,False,0.185,0.8,,,,
independent,0.9,11,sp_ucb_st,25,939.5665284177721,206.08950679737333,0.0,False,0.1,0.8,,,,
independent,0.9,11,se_st,1,1143.2396246888884,,,,,0.6,False,-1.0,228.64792493777765,20.0
independent,0.9,11,se_st,25,1143.2396246888884,,,,,0.2,False,-1.0,228.64792493777765,20.0
independent,0.9,12,sp_ucb_st,1,862.3513483687067,187.75102776114818,0.0,False,0.116,0.9,,,,
independent,0.9,12,sp_ucb_st,25,1176.309783135692,245.53290230686503,0.0,False,0.025,0.8,,,,
independent,0.9,12,se_st,1,1205.9252258543593,,,,,0.6,False,-1.0,241.18504517087183,20.0
independent,0.9,12,se_st,25,1205.9252258543593,,,,,0.1,False,-1.0,241.1850451708719,20.0
independent,0.9,13,sp_ucb_st,1,808.790352787407,205.32191544579595,0.0,False,0.373,0.9,,,,
independent,0.9,13,sp_ucb_st,25,1189.2681961797532,266.35992390975986,0.0,False,0.025,0.8,,,,
independent,0.9,13,se_st,1,1222.882343221107,,,,,0.6,False,-1.0,244.57646864422142,20.0
independent,0.9,13,se_st,25,1222.882343221107,,,,,0.1,False,-1.0,244.57646864422142,20.0
independent,0.9,14,sp_ucb_st,1,683.4690422237958,153.32560865168023,0.0,False,0.048,0.9,,,,
independent,0.9,14,sp_ucb_st,25,949.4950885336231,205.96366987419188,0.0,False,0.075,0.9,,,,
independent,0.9,14,se_st,1,1118.5648907479974,,,,,0.6,False,-1.0,223.71297814959948,20.0
independent,0.9,14,se_st,25,1118.5648907479974,,,,,0.2,False,-1.0,223.71297814959948,20.0
independent,0.9,15,sp_ucb_st,1,797.8160013020565,164.41491519234123,0.0,False,0.298,0.8,,,,
independent,0.9,15,sp_ucb_st,25,921.9534964078764,208.47893334047708,0.0,False,0.25,0.8,,,,
independent,0.9,15,se_st,1,1168.4134044299133,,,,,0.6,False,-1.0,233.68268088598268,20.0
independent,0.9,15,se_st,25,1168.4134044299135,,,,,0.1,False,-1.0,233.68268088598268,20.0
independent,0.9,16,sp_ucb_st,1,838.2722333072753,187.32641858134122,0.0,False,0.229,0.8,,,,
independent,0.9,16,sp_ucb_st,25,1144.6682059696473,232.222676822442,0.0,False,0.025,0.9,,,,
independent,0.9,16,se_st,1,1160.4432597962852,,,,,0.6,False,-1.0,232.08865195925702,20.0
independent,0.9,16,se_st,25,1160.4432597962852,,,,,0.2,False,-1.0,232.08865195925702,20.0
independent,0.9,17,sp_ucb_st,1,546.937756198545,188.64396929195397,0.0,False,0.416,0.8,,,,
independent,0.9,17,sp_ucb_st,25,903.4601724045763,208.3050528731859,0.0,False,0.125,0.9,,,,
independent,0.9,17,se_st,1,1112.5938901823765,,,,,0.5,False,-1.0,222.51877803647534,20.0
independent,0.9,17,se_st,25,1112.5938901823768,,,,,0.2,False,-1.0,222.51877803647534,20.0
independent,0.9,18,sp_ucb_st,1,645.2510704879193,211.42493358969583,0.0,False,0.225,0.9,,,,
independent,0.9,18,sp_ucb_st,25,1120.6805480884566,218.6006752939032,0.0,False,0.05,0.8,,,,
independent,0.9,18,se_st,1,1214.6083332168032,,,,,0.6,False,-1.0,242.9216666433606,20.0
independent,0.9,18,se_st,25,1214.608333216803,,,,,0.1,False,-1.0,242.92166664336062,20.0
independent,0.9,19,sp_ucb_st,1,705.5450497889996,150.64026293523838,0.0,False,0.05,0.7,,,,
independent,0.9,19,sp_ucb_st,25,1131.9240868212594,249.79506704869678,0.0,False,0.075,0.8,,,,
independent,0.9,19,se_st,1,1179.601504648334,,,,,0.6,False,-1.0,235.92030092966678,20.0
independent,0.9,19,se_st,25,1179.601504648334,,,,,0.2,False,-1.0,235.92030092966684,20.0
independent,0.97,0,sp_ucb_st,1,773.0815848954111,136.43235169431406,0.0,False,0.197,0.9,,,,
independent,0.97,0,sp_ucb_st,25,1022.0219867847594,218.41321887584493,0.0,False,0.05,0.8,,,,
independent,0.97,0,se_st,1,1143.5444276382073,,,,,0.6,False,-1.0,228.7088855276415,20.0
independent,0.97,0,se_st,25,1143.5444276382077,,,,,0.1,False,-1.0,228.70888552764146,20.0
independent,0.97,1,sp_ucb_st,1,1074.4923732011532,240.98854005028113,0.0,False,0.049,0.8,,,,
independent,0.97,1,sp_ucb_st,25,1140.7366464036756,235.92469025065185,0.0,False,0.075,0.8,,,,
independent,0.97,1,se_st,1,1240.330611073357,,,,,0.6,False,-1.0,248.06612221467142,20.0
independent,0.97,1,se_st,25,1240.330611073357,,,,,0.1,False,-1.0,248.0661222146714,20.0
independent,0.97,2,sp_ucb_st,1,712.7913609734807,121.80906531377391,0.0,False,0.193,0.8,,,,
independent,0.97,2,sp_ucb_st,25,992.2763020809371,199.17884473845947,0.0,False,0.1,0.8,,,,
independent,0.97,2,se_st,1,1158.3949585054145,,,,,0.6,False,-1.0,231.6789917010829,20.0
independent,0.97,2,se_st,25,1158.3949585054145,,,,,0.1,False,-1.0,231.6789917010829,20.0
independent,0.97,3,sp_ucb_st,1,836.2971968993534,166.29592473424458,0.0,False,0.058,0.9,,,,
independent,0.97,3,sp_ucb_st,25,1024.840593400014,215.78338125768374,0.0,False,0.125,0.9,,,,
independent,0.97,3,se_st,1,1143.7630492466692,,,,,0.6,False,-1.0,228.75260984933388,20.0
independent,0.97,3,se_st,25,1143.7630492466694,,,,,0.2,False,-1.0,228.75260984933385,20.0
independent,0.97,4,sp_ucb_st,1,738.8690461659178,190.14927254306818,0.0,False,0.002,0.9,,,,
independent,0.97,4,sp_ucb_st,25,1076.0411309092792,220.94488885186013,0.0,False,0.05,0.9,,,,
independent,0.97,4,se_st,1,1205.2120691112846,,,,,0.6,False,-1.0,241.04241382225695,20.0
independent,0.97,4,se_st,25,1205.2120691112846,,,,,0.2,False,-1.0,241.04241382225692,20.0
independent,0.97,5,sp_ucb_st,1,972.3623257801736,135.71743978483738,0.0,False,0.011,0.8,,,,
independent,0.97,5,sp_ucb_st,25,974.3489634775606,224.88573085566787,0.0,False,0.05,0.8,,,,
independent,0.97,5,se_st,1,1137.718195354663,,,,,0.6,False,-1.0,227.5436390709326,20.0
independent,0.97,5,se_st,25,1137.718195354663,,,,,0.2,False,-1.0,227.54363907093258,20.0
independent,0.97,6,sp_ucb_st,1,744.1237382155666,158.2728907798861,0.0,False,0.008,0.8,,,,
independent,0.97,6,sp_ucb_st,25,1061.786209094511,223.94890611918711,0.0,False,0.025,1.0,,,,
independent,0.97,6,se_st,1,1155.544013283896,,,,,0.6,False,-1.0,231.10880265677923,20.0
independent,0.97,6,se_st,25,1155.5440132838962,,,,,0.1,False,-1.0,231.10880265677923,20.0
independent,0.97,7,sp_ucb_st,1,548.9502278557372,174.2751527832055,0.0,False,0.248,0.8,,,,
independent,0.97,7,sp_ucb_st,25,1000.8057290793165,211.419870348448,0.0,False,0.05,1.0,,,,
independent,0.97,7,se_st,1,1170.6597186078411,,,,,0.6,False,-1.0,234.1319437215682,20.0
independent,0.97,7,se_st,25,1170.6597186078411,,,,,0.1,False,-1.0,234.13194372156823,20.0
independent,0.97,8,sp_ucb_st,1,581.5969813531066,76.5854987967164,0.0,False,0.07,0.9,,,,
independent,0.97,8,sp_ucb_st,25,962.6254961470828,219.71301318197058,0.0,False,0.1,0.8,,,,
independent,0.97,8,se_st,1,1156.9935069014205,,,,,0.6,False,-1.0,231.3987013802841,20.0
independent,0.97,8,se_st,25,1156.9935069014205,,,,,0.2,False,-1.0,231.39870138028408,20.0
independent,0.97,9,sp_ucb_st,1,799.055927289477,151.4657128445507,0.0,False,0.141,0.8,,,,
independent,0.97,9,sp_ucb_st,25,1178.3628447943306,236.27667472782593,0.0,False,0.1,0.8,,,,
independent,0.97,9,se_st,1,1184.586651052396,,,,,0.6,False,-1.0,236.91733021047912,20.0
independent,0.97,9,se_st,25,1184.5866510523958,,,,,0.1,False,-1.0,236.91733021047918,20.0
independent,0.97,10,sp_ucb_st,1,634.7897431836539,88.97966474839019,0.0,False,0.247,0.9,,,,
independent,0.97,10,sp_ucb_st,25,973.5051447053313,193.94817121085862,0.0,False,0.175,0.8,,,,
independent,0.97,10,se_st,1,1175.2965846830598,,,,,0.6,False,-1.0,235.05931693661196,20.0
independent,0.97,10,se_st,25,1175.2965846830598,,,,,0.2,False,-1.0,235.05931693661194,20.0
independent,0.97,11,sp_ucb_st,1,700.9716451619034,223.7862828288687,0.0,False,0.152,0.9,,,,
independent,0.97,11,sp_ucb_st,25,1054.3707944682885,228.64792493777782,0.0,False,0.1,0.8,,,,
independent,0.97,11,se_st,1,1143.2396246888884,,,,,0.6,False,-1.0,228.64792493777765,20.0
independent,0.97,11,se_st,25,1143.2396246888884,,,,,0.2,False,-1.0,228.64792493777765,20.0
independent,0.97,12,sp_ucb_st,1,868.8375852872922,169.029152729638,0.0,False,0.017,0.8,,,,
independent,0.97,12,sp_ucb_st,25,1059.2804946848657,234.3673226358612,0.0,False,0.05,0.8,,,,
independent,0.97,12,se_st,1,1205.9252258543593,,,,,0.6,False,-1.0,241.18504517087183,20.0
independent,0.97,12,se_st,25,1205.9252258543593,,,,,0.1,False,-1.0,241.1850451708719,20.0
independent,0.97,13,sp_ucb_st,1,649.6436016470655,193.37128275835965,0.0,False,0.498,0.8,,,,
independent,0.97,13,sp_ucb_st,25,1016.6207471944142,261.3250505535287,0.0,False,0.325,0.8,,,,
independent,0.97,13,se_st,1,1222.882343221107,,,,,0.6,False,-1.0,244.57646864422142,20.0
independent,0.97,13,se_st,25,1222.882343221107,,,,,0.2,False,-1.0,244.57646864422142,20.0
independent,0.97,14,sp_ucb_st,1,804.7543741495692,117.67935829259756,0.0,False,0.105,0.6,,,,
independent,0.97,14,sp_ucb_st,25,1103.0792921370419,214.04350105275003,0.0,False,0.1,0.8,,,,
independent,0.97,14,se_st,1,1118.5648907479974,,,,,0.6,False,-1.0,223.71297814959948,20.0
independent,0.97,14,se_st,25,1118.5648907479974,,,,,0.2,False,-1.0,223.71297814959948,20.0
independent,0.97,15,sp_ucb_st,1,934.8982434203622,202.33059181909132,0.0,False,0.364,0.9,,,,
independent,0.97,15,sp_ucb_st,25,1001.4315383466412,221.97481142481706,0.0,False,0.25,0.8,,,,
independent,0.97,15,se_st,1,1168.4134044299133,,,,,0.5,False,-1.0,233.68268088598268,20.0
independent,0.97,15,se_st,25,1168.4134044299135,,,,,0.1,False,-1.0,233.68268088598268,20.0
independent,0.97,16,sp_ucb_st,1,642.3973369557946,154.99176345373016,0.0,False,0.374,0.9,,,,
independent,0.97,16,sp_ucb_st,25,1145.6958122423744,231.04552492455994,0.0,False,0.0,0.8,,,,
independent,0.97,16,se_st,1,1160.4432597962852,,,,,0.5,False,-1.0,232.08865195925702,20.0
independent,0.97,16,se_st,25,1160.4432597962852,,,,,0.1,False,-1.0,232.08865195925702,20.0
independent,0.97,17,sp_ucb_st,1,575.1183929965802,144.82850470860535,0.0,False,0.362,0.8,,,,
independent,0.97,17,sp_ucb_st,25,805.704021277122,203.83662821666593,0.0,False,0.225,0.9,,,,
independent,0.97,17,se_st,1,1112.5938901823765,,,,,0.5,False,-1.0,222.51877803647534,20.0
independent,0.97,17,se_st,25,1112.5938901823768,,,,,0.2,False,-1.0,222.51877803647534,20.0
independent,0.97,18,sp_ucb_st,1,820.4536686895352,279.41334852438376,0.0,False,0.016,0.9,,,,
independent,0.97,18,sp_ucb_st,25,1099.6481513931121,250.82959479646505,0.0,False,0.05,0.9,,,,
independent,0.97,18,se_st,1,1214.6083332168032,,,,,0.6,False,-1.0,242.9216666433606,20.0
independent,0.97,18,se_st,25,1214.608333216803,,,,,0.2,False,-1.0,242.92166664336062,20.0
independent,0.97,19,sp_ucb_st,1,677.4411035916429,133.81461005885754,0.0,False,0.018,0.8,,,,
independent,0.97,19,sp_ucb_st,25,981.5142699671549,235.9203009296666,0.0,False,0.05,0.8,,,,
independent,0.97,19,se_st,1,1179.601504648334,,,,,0.6,False,-1.0,235.92030092966678,20.0
independent,0.97,19,se_st,25,1179.601504648334,,,,,0.1,False,-1.0,235.92030092966684,20.0
independent,0.0,0,sp_ucb_iid,1,273.80713820598504,114.83457136092595,0.0,False,0.276,0.2,,,,
independent,0.0,0,sp_ucb_iid,25,320.13181978802163,119.18785182420322,0.0,False,0.075,0.2,,,,
independent,0.0,0,sp_ucb_st1,1,220.94757594216182,105.15020732799663,0.0,False,0.281,0.4,,,,
independent,0.0,0,sp_ucb_st1,25,244.80572008841386,109.17578222279184,0.0,False,0.525,0.3,,,,
independent,0.0,0,se_iid,1,1143.5444276382073,,,,,0.2,False,-1.0,228.7088855276415,20.0
independent,0.0,0,se_iid,25,1143.5444276382077,,,,,0.0,False,-1.0,228.70888552764146,20.0
independent,0.0,0,se_st1,1,1143.5444276382073,,,,,0.4,False,-1.0,228.7088855276415,20.0
independent,0.0,0,se_st1,25,1143.5444276382077,,,,,0.1,False,-1.0,228.70888552764146,20.0
independent,0.0,1,sp_ucb_iid,1,494.7757079166811,129.47962598801374,0.0,False,0.348,0.2,,,,
independent,0.0,1,sp_ucb_iid,25,382.12251068436206,135.1860282648535,0.0,False,0.45,0.1,,,,
independent,0.0,1,sp_ucb_st1,1,312.5740833762945,144.81729395487,0.0,False,0.79,0.4,,,,
independent,0.0,1,sp_ucb_st1,25,350.5467839356292,156.81506291284958,0.0,False,0.4,0.4,,,,
independent,0.0,1,se_iid,1,1240.330611073357,,,,,0.2,False,-1.0,248.06612221467142,20.0
independent,0.0,1,se_iid,25,1240.330611073357,,,,,0.0,False,-1.0,248.0661222146714,20.0
independent,0.0,1,se_st1,1,1240.330611073357,,,,,0.4,False,-1.0,248.06612221467142,20.0
independent,0.0,1,se_st1,25,1230.7294381435513,,,,,0.1,False,-1.0,238.4649492848656,19.0
independent,0.0,2,sp_ucb_iid,1,366.87190904494673,114.31087559582733,0.0,False,0.282,0.1,,,,
independent,0.0,2,sp_ucb_iid,25,386.5341804079437,141.62461832279033,0.0,False,0.475,0.1,,,,
independent,0.0,2,sp_ucb_st1,1,325.80037192494456,141.41137060411,0.0,False,0.147,0.4,,,,
independent,0.0,2,sp_ucb_st1,25,392.65427645367015,131.2457143111283,0.0,False,0.3,0.3,,,,
independent,0.0,2,se_iid,1,1158.3949585054145,,,,,0.2,False,-1.0,231.6789917010829,20.0
independent,0.0,2,se_iid,25,1158.3949585054145,,,,,0.0,False,-1.0,231.6789917010829,20.0
independent,0.0,2,se_st1,1,1158.3949585054145,,,,,0.4,False,-1.0,231.6789917010829,20.0
independent,0.0,2,se_st1,25,1158.3949585054145,,,,,0.1,False,-1.0,231.6789917010829,20.0
independent,0.0,3,sp_ucb_iid,1,262.96930424073577,106.1266195848959,0.0,False,0.465,0.2,,,,
independent,0.0,3,sp_ucb_iid,25,309.809589974637,146.3834704002154,0.0,False,0.05,0.1,,,,
independent,0.0,3,sp_ucb_st1,1,229.04781096729346,84.56603915581408,0.0,False,0.344,0.3,,,,
independent,0.0,3,sp_ucb_st1,25,275.3824849379487,112.73753260562768,0.0,False,0.05,0.3,,,,
independent,0.0,3,se_iid,1,1143.7630492466692,,,,,0.2,False,-1.0,228.75260984933388,20.0
independent,0.0,3,se_iid,25,1143.7630492466694,,,,,0.0,False,-1.0,228.75260984933385,20.0
independent,0.0,3,se_st1,1,1143.7630492466692,,,,,0.4,False,-1.0,228.75260984933388,20.0
independent,0.0,3,se_st1,25,1143.7630492466694,,,,,0.1,False,-1.0,228.75260984933385,20.0
independent,0.0,4,sp_ucb_iid,1,367.4987534825943,130.01984954330692,0.0,False,0.114,0.2,,,,
independent,0.0,4,sp_ucb_iid,25,431.3445130155184,146.2582016436831,0.0,False,0.1,0.1,,,,
independent,0.0,4,sp_ucb_st1,1,302.22794455996984,107.48269562749283,0.0,False,0.244,0.4,,,,
independent,0.0,4,sp_ucb_st1,25,340.66021317458967,123.38174138520277,0.0,False,0.125,0.4,,,,
independent,0.0,4,se_iid,1,1205.2120691112846,,,,,0.2,False,-1.0,241.04241382225695,20.0
independent,0.0,4,se_iid,25,1205.2120691112846,,,,,0.0,False,-1.0,241.04241382225692,20.0
independent,0.0,4,se_st1,1,1205.2120691112846,,,,,0.4,False,-1.0,241.04241382225695,20.0
independent,0.0,4,se_st1,25,1205.2120691112846,,,,,0.1,False,-1.0,241.04241382225692,20.0
independent,0.0,5,sp_ucb_iid,1,387.6886209757044,138.73800499278414,0.0,False,0.271,0.2,,,,
independent,0.0,5,sp_ucb_iid,25,426.030937040753,172.89803766781313,0.0,False,0.05,0.1,,,,
independent,0.0,5,sp_ucb_st1,1,338.99934730004804,120.48216313883525,0.0,False,0.345,0.4,,,,
independent,0.0,5,sp_ucb_st1,25,393.4528949954191,128.5000503108825,0.0,False,0.075,0.4,,,,
independent,0.0,5,se_iid,1,1137.718195354663,,,,,0.2,False,-1.0,227.5436390709326,20.0
independent,0.0,5,se_iid,25,1137.718195354663,,,,,0.0,False,-1.0,227.54363907093258,20.0
independent,0.0,5,se_st1,1,1137.718195354663,,,,,0.4,False,-1.0,227.5436390709326,20.0
independent,0.0,5,se_st1,25,1137.718195354663,,,,,0.1,False,-1.0,227.54363907093258,20.0
independent,0.0,6,sp_ucb_iid,1,283.91034900185747,127.55978149905309,0.0,False,0.638,0.1,,,,
independent,0.0,6,sp_ucb_iid,25,458.79062925268516,196.17515201579442,0.0,False,0.05,0.2,,,,
independent,0.0,6,sp_ucb_st1,1,295.69174474316094,116.82524887549886,0.0,False,0.551,0.4,,,,
independent,0.0,6,sp_ucb_st1,25,426.2322995826383,164.42419445760453,0.0,False,0.375,0.3,,,,
independent,0.0,6,se_iid,1,1155.544013283896,,,,,0.2,False,-1.0,231.10880265677923,20.0
independent,0.0,6,se_iid,25,1155.5440132838962,,,,,0.0,False,-1.0,231.10880265677923,20.0
independent,0.0,6,se_st1,1,1155.544013283896,,,,,0.4,False,-1.0,231.10880265677923,20.0
independent,0.0,6,se_st1,25,1155.5440132838962,,,,,0.1,False,-1.0,231.10880265677923,20.0
independent,0.0,7,sp_ucb_iid,1,311.502441387591,124.03567442258274,0.0,False,0.267,0.2,,,,
independent,0.0,7,sp_ucb_iid,25,360.7807872492715,141.47311018373122,0.0,False,0.225,0.1,,,,
independent,0.0,7,sp_ucb_st1,1,249.3054057769933,92.82082035945183,0.0,False,0.456,0.4,,,,
independent,0.0,7,sp_ucb_st1,25,246.5946873786755,97.53391990933095,0.0,False,0.3,0.3,,,,
independent,0.0,7,se_iid,1,1170.6597186078411,,,,,0.2,False,-1.0,234.1319437215682,20.0
independent,0.0,7,se_iid,25,1170.6597186078411,,,,,0.0,False,-1.0,234.13194372156823,20.0
independent,0.0,7,se_st1,1,1170.6597186078411,,,,,0.4,False,-1.0,234.1319437215682,20.0
independent,0.0,7,se_st1,25,1170.6597186078411,,,,,0.1,False,-1.0,234.13194372156823,20.0
independent,0.0,8,sp_ucb_iid,1,248.8667050143128,128.68100463903406,0.0,False,0.444,0.2,,,,
independent,0.0,8,sp_ucb_iid,25,318.2836358162184,174.77866934574683,0.0,False,0.325,0.1,,,,
independent,0.0,8,sp_ucb_st1,1,208.07903665653376,94.71192530839801,0.0,False,0.167,0.4,,,,
independent,0.0,8,sp_ucb_st1,25,278.61868652861483,132.85679261203578,0.0,False,0.15,0.3,,,,
independent,0.0,8,se_iid,1,1156.9935069014205,,,,,0.2,False,-1.0,231.3987013802841,20.0
independent,0.0,8,se_iid,25,1156.9935069014205,,,,,0.0,False,-1.0,231.39870138028408,20.0
independent,0.0,8,se_st1,1,1156.9935069014205,,,,,0.4,False,-1.0,231.3987013802841,20.0
independent,0.0,8,se_st1,25,1156.9935069014205,,,,,0.1,False,-1.0,231.39870138028408,20.0
independent,0.0,9,sp_ucb_iid,1,410.3332014726968,138.80393396387979,0.0,False,0.27,0.1,,,,
independent,0.0,9,sp_ucb_iid,25,412.430915939884,158.82736616923472,0.0,False,0.25,0.1,,,,
independent,0.0,9,sp_ucb_st1,1,234.20492730657668,97.60583079241131,0.0,False,0.157,0.4,,,,
independent,0.0,9,sp_ucb_st1,25,384.9580745091149,138.97606192804125,0.0,False,0.325,0.3,,,,
independent,0.0,9,se_iid,1,1184.586651052396,,,,,0.2,False,-1.0,236.91733021047912,20.0
independent,0.0,9,se_iid,25,1184.5866510523958,,,,,0.0,False,-1.0,236.91733021047918,20.0
independent,0.0,9,se_st1,1,1184.586651052396,,,,,0.4,False,-1.0,236.91733021047912,20.0
independent,0.0,9,se_st1,25,1184.5866510523958,,,,,0.1,False,-1.0,236.91733021047918,20.0
independent,0.0,10,sp_ucb_iid,1,371.55276913931186,149.58193744550405,0.0,False,0.359,0.2,,,,
independent,0.0,10,sp_ucb_iid,25,369.4710309060533,145.41849486392599,0.0,False,0.275,0.1,,,,
independent,0.0,10,sp_ucb_st1,1,337.95639962734367,118.47314510822315,0.0,False,0.377,0.4,,,,
independent,0.0,10,sp_ucb_st1,25,283.53777858905295,113.12974130059538,0.0,False,0.475,0.4,,,,
independent,0.0,10,se_iid,1,1175.2965846830598,,,,,0.2,False,-1.0,235.05931693661196,20.0
independent,0.0,10,se_iid,25,1175.2965846830598,,,,,0.0,False,-1.0,235.05931693661194,20.0
independent,0.0,10,se_st1,1,1175.2965846830598,,,,,0.4,False,-1.0,235.05931693661196,20.0
independent,0.0,10,se_st1,25,1175.2965846830598,,,,,0.1,False,-1.0,235.05931693661194,20.0
independent,0.0,11,sp_ucb_iid,1,370.7887176683417,136.94147858578876,0.0,False,0.778,0.2,,,,
independent,0.0,11,sp_ucb_iid,25,294.7826295807267,141.49432848614916,0.0,False,0.375,0.1,,,,
independent,0.0,11,sp_ucb_st1,1,281.4793108309483,121.72391425810129,0.0,False,0.337,0.4,,,,
independent,0.0,11,sp_ucb_st1,25,272.2350063446297,114.02134232518931,0.0,False,0.675,0.3,,,,
independent,0.0,11,se_iid,1,1143.2396246888884,,,,,0.2,False,-1.0,228.64792493777765,20.0
independent,0.0,11,se_iid,25,1143.2396246888884,,,,,0.0,False,-1.0,228.64792493777765,20.0
independent,0.0,11,se_st1,1,1143.2396246888884,,,,,0.4,False,-1.0,228.64792493777765,20.0
independent,0.0,11,se_st1,25,1143.2396246888884,,,,,0.1,False,-1.0,228.64792493777765,20.0
independent,0.0,12,sp_ucb_iid,1,528.3536647142265,179.5835915988986,0.0,False,0.359,0.1,,,,
independent,0.0,12,sp_ucb_iid,25,547.4422991813499,183.6255842443422,0.0,False,0.45,0.2,,,,
independent,0.0,12,sp_ucb_st1,1,410.93910914584285,178.62274870695015,0.0,False,0.531,0.4,,,,
independent,0.0,12,sp_ucb_st1,25,463.6712426977221,175.33701827788894,0.0,False,0.4,0.4,,,,
independent,0.0,12,se_iid,1,1205.9252258543593,,,,,0.2,False,-1.0,241.18504517087183,20.0
independent,0.0,12,se_iid,25,1205.9252258543593,,,,,0.0,False,-1.0,241.1850451708719,20.0
independent,0.0,12,se_st1,1,1205.9252258543593,,,,,0.4,False,-1.0,241.18504517087183,20.0
independent,0.0,12,se_st1,25,1205.9252258543593,,,,,0.1,False,-1.0,241.1850451708719,20.0
independent,0.0,13,sp_ucb_iid,1,446.00298642976765,144.10472584733492,0.0,False,0.831,0.2,,,,
independent,0.0,13,sp_ucb_iid,25,427.37434360729804,207.03639714574362,0.0,False,0.95,0.1,,,,
independent,0.0,13,sp_ucb_st1,1,407.6811229292889,174.4344796044445,0.0,False,0.899,0.4,,,,
independent,0.0,13,sp_ucb_st1,25,382.637710460245,200.77767847368148,0.0,False,0.95,0.4,,,,
independent,0.0,13,se_iid,1,1222.882343221107,,,,,0.2,False,-1.0,244.57646864422142,20.0
independent,0.0,13,se_iid,25,1222.882343221107,,,,,0.0,False,-1.0,244.57646864422142,20.0
independent,0.0,13,se_st1,1,1222.882343221107,,,,,0.4,False,-1.0,244.57646864422142,20.0
independent,0.0,13,se_st1,25,1222.882343221107,,,,,0.1,False,-1.0,244.57646864422142,20.0
independent,0.0,14,sp_ucb_iid,1,260.19369556842906,110.24881450029226,0.0,False,0.206,0.1,,,,
independent,0.0,14,sp_ucb_iid,25,335.8799462496501,177.05037145309979,0.0,False,0.2,0.1,,,,
independent,0.0,14,sp_ucb_st1,1,273.0090674404125,103.69257647815958,0.0,False,0.059,0.4,,,,
independent,0.0,14,sp_ucb_st1,25,288.8010216219341,106.36464759507957,0.0,False,0.3,0.4,,,,
independent,0.0,14,se_iid,1,1118.5648907479974,,,,,0.2,False,-1.0,223.71297814959948,20.0
independent,0.0,14,se_iid,25,1118.5648907479974,,,,,0.0,False,-1.0,223.71297814959948,20.0
independent,0.0,14,se_st1,1,1118.5648907479974,,,,,0.4,False,-1.0,223.71297814959948,20.0
independent,0.0,14,se_st1,25,1118.5648907479974,,,,,0.1,False,-1.0,223.71297814959948,20.0
independent,0.0,15,sp_ucb_iid,1,351.15512905401613,118.68093987792429,0.0,False,0.654,0.1,,,,
independent,0.0,15,sp_ucb_iid,25,333.72249179251514,147.94559052318286,0.0,False,0.625,0.1,,,,
independent,0.0,15,sp_ucb_st1,1,304.95060678866037,138.90720669826436,0.0,False,0.536,0.4,,,,
independent,0.0,15,sp_ucb_st1,25,377.08345585473415,165.40695682831844,0.0,False,0.275,0.4,,,,
independent,0.0,15,se_iid,1,1168.4134044299133,,,,,0.2,False,-1.0,233.68268088598268,20.0
independent,0.0,15,se_iid,25,1168.4134044299135,,,,,0.0,False,-1.0,233.68268088598268,20.0
independent,0.0,15,se_st1,1,1168.4134044299133,,,,,0.4,False,-1.0,233.68268088598268,20.0
independent,0.0,15,se_st1,25,1168.4134044299135,,,,,0.1,False,-1.0,233.68268088598268,20.0
independent,0.0,16,sp_ucb_iid,1,402.08506817809,128.74518656448154,0.0,False,0.583,0.2,,,,
independent,0.0,16,sp_ucb_iid,25,435.060476365857,133.49849638128924,0.0,False,0.25,0.2,,,,
independent,0.0,16,sp_ucb_st1,1,343.5046307621382,122.10641039865459,0.0,False,0.438,0.4,,,,
independent,0.0,16,sp_ucb_st1,25,315.1249497127013,114.83872800908604,0.0,False,0.375,0.4,,,,
independent,0.0,16,se_iid,1,1160.4432597962852,,,,,0.2,False,-1.0,232.08865195925702,20.0
independent,0.0,16,se_iid,25,1160.4432597962852,,,,,0.0,False,-1.0,232.08865195925702,20.0
independent,0.0,16,se_st1,1,1160.4432597962852,,,,,0.4,False,-1.0,232.08865195925702,20.0
independent,0.0,16,se_st1,25,1160.4432597962852,,,,,0.1,False,-1.0,232.08865195925702,20.0
independent,0.0,17,sp_ucb_iid,1,352.5559511681827,142.86181946230042,0.0,False,0.639,0.2,,,,
independent,0.0,17,sp_ucb_iid,25,291.95796707049476,157.33534062963906,0.0,False,0.95,0.1,,,,
independent,0.0,17,sp_ucb_st1,1,258.35167283647036,126.50320611158018,0.0,False,0.549,0.3,,,,
independent,0.0,17,sp_ucb_st1,25,317.36251646658536,140.98347702074452,0.0,False,0.1,0.4,,,,
independent,0.0,17,se_iid,1,1112.5938901823765,,,,,0.2,False,-1.0,222.51877803647534,20.0
independent,0.0,17,se_iid,25,1112.5938901823768,,,,,0.0,False,-1.0,222.51877803647534,20.0
independent,0.0,17,se_st1,1,1112.5938901823765,,,,,0.4,False,-1.0,222.51877803647534,20.0
independent,0.0,17,se_st1,25,1112.5938901823768,,,,,0.2,False,-1.0,222.51877803647534,20.0
independent,0.0,18,sp_ucb_iid,1,285.9824595930923,149.14758420220937,0.0,False,0.291,0.1,,,,
independent,0.0,18,sp_ucb_iid,25,343.915031352415,149.5481479494556,0.0,False,0.325,0.1,,,,
independent,0.0,18,sp_ucb_st1,1,288.58881539303866,103.73256411123745,0.0,False,0.289,0.4,,,,
independent,0.0,18,sp_ucb_st1,25,351.7186837660809,158.5170497925646,0.0,False,0.025,0.4,,,,
independent,0.0,18,se_iid,1,1214.6083332168032,,,,,0.2,False,-1.0,242.9216666433606,20.0
independent,0.0,18,se_iid,25,1214.608333216803,,,,,0.0,False,-1.0,242.92166664336062,20.0
independent,0.0,18,se_st1,1,1214.6083332168032,,,,,0.4,False,-1.0,242.9216666433606,20.0
independent,0.0,18,se_st1,25,1214.608333216803,,,,,0.2,False,-1.0,242.92166664336062,20.0
independent,0.0,19,sp_ucb_iid,1,283.3859785064037,117.39864989493711,0.0,False,0.563,0.1,,,,
independent,0.0,19,sp_ucb_iid,25,421.08757585685714,142.89308631095727,0.0,False,0.375,0.1,,,,
independent,0.0,19,sp_ucb_st1,1,267.76883789057246,117.64512775914326,0.0,False,0.322,0.4,,,,
independent,0.0,19,sp_ucb_st1,25,381.7000180053352,153.95820785408443,0.0,False,0.4,0.4,,,,
independent,0.0,19,se_iid,1,1179.601504648334,,,,,0.2,False,-1.0,235.92030092966678,20.0
independent,0.0,19,se_iid,25,1179.601504648334,,,,,0.0,False,-1.0,235.92030092966684,20.0
independent,0.0,19,se_st1,1,1179.601504648334,,,,,0.4,False,-1.0,235.92030092966678,20.0
independent,0.0,19,se_st1,25,1179.601504648334,,,,,0.1,False,-1.0,235.92030092966684,20.0
independent,0.5,0,sp_ucb_iid,1,438.09499280839856,118.81576655449686,0.0,False,0.265,0.2,,,,
independent,0.5,0,sp_ucb_iid,25,406.110496703923,203.1170093840552,0.0,False,0.65,0.1,,,,
independent,0.5,0,sp_ucb_st1,1,275.70379764615706,128.20965233643557,0.0,False,0.565,0.4,,,,
independent,0.5,0,sp_ucb_st1,25,563.0211508632444,197.23497409451784,0.0,False,0.375,0.4,,,,
independent,0.5,0,se_iid,1,1143.5444276382073,,,,,0.2,False,-1.0,228.7088855276415,20.0
independent,0.5,0,se_iid,25,1143.5444276382077,,,,,0.0,False,-1.0,228.70888552764146,20.0
independent,0.5,0,se_st1,1,1143.5444276382073,,,,,0.4,False,-1.0,228.7088855276415,20.0
independent,0.5,0,se_st1,25,1143.5444276382077,,,,,0.1,False,-1.0,228.70888552764146,20.0
independent,0.5,1,sp_ucb_iid,1,479.55390048014544,162.89335647518988,0.0,False,0.433,0.2,,,,
independent,0.5,1,sp_ucb_iid,25,404.65853688439654,151.47582645795217,0.0,False,0.4,0.2,,,,
independent,0.5,1,sp_ucb_st1,1,336.94549778162997,118.3544925537191,0.0,False,0.213,0.4,,,,
independent,0.5,1,sp_ucb_st1,25,511.8621027851327,170.29014233021954,0.0,False,0.25,0.4,,,,
independent,0.5,1,se_iid,1,1240.330611073357,,,,,0.2,False,-1.0,248.06612221467142,20.0
independent,0.5,1,se_iid,25,1204.1495587562576,,,,,0.0,False,-1.0,221.48624282737768,18.0
independent,0.5,1,se_st1,1,1240.330611073357,,,,,0.4,False,-1.0,248.06612221467142,20.0
independent,0.5,1,se_st1,25,1240.330611073357,,,,,0.1,False,-1.0,248.0661222146714,20.0
independent,0.5,2,sp_ucb_iid,1,464.87266000182336,101.29393332460141,0.0,False,0.184,0.1,,,,
independent,0.5,2,sp_ucb_iid,25,303.4034001212214,124.88204204351423,0.0,False,0.55,0.2,,,,
independent,0.5,2,sp_ucb_st1,1,378.71973485707673,130.04185386556304,0.0,False,0.13,0.4,,,,
independent,0.5,2,sp_ucb_st1,25,493.5050050394252,167.48052660417753,0.0,False,0.45,0.3,,,,
independent,0.5,2,se_iid,1,1158.3949585054145,,,,,0.2,False,-1.0,231.6789917010829,20.0
independent,0.5,2,se_iid,25,1158.3949585054145,,,,,0.0,False,-1.0,231.6789917010829,20.0
independent,0.5,2,se_st1,1,1158.3949585054145,,,,,0.4,False,-1.0,231.6789917010829,20.0
independent,0.5,2,se_st1,25,1158.3949585054145,,,,,0.1,False,-1.0,231.6789917010829,20.0
independent,0.5,3,sp_ucb_iid,1,290.88279126299636,76.09402075299262,0.0,False,0.453,0.2,,,,
independent,0.5,3,sp_ucb_iid,25,224.72618980519022,82.98861745132973,0.0,False,0.275,0.2,,,,
independent,0.5,3,sp_ucb_st1,1,458.6037847604847,134.983706740873,0.0,False,0.06,0.4,,,,
independent,0.5,3,sp_ucb_st1,25,342.5871442307383,151.07020953553277,0.0,False,0.075,0.4,,,,
independent,0.5,3,se_iid,1,1143.7630492466692,,,,,0.2,False,-1.0,228.75260984933388,20.0
independent,0.5,3,se_iid,25,1128.3010331791406,,,,,0.0,False,-1.0,213.29059378180517,19.0
independent,0.5,3,se_st1,1,1143.7630492466692,,,,,0.4,False,-1.0,228.75260984933388,20.0
independent,0.5,3,se_st1,25,1143.7630492466694,,,,,0.1,False,-1.0,228.75260984933385,20.0
independent,0.5,4,sp_ucb_iid,1,543.617680653009,194.09240437386487,0.0,False,0.111,0.2,,,,
independent,0.5,4,sp_ucb_iid,25,479.5291440955912,151.88852033392212,0.0,False,0.225,0.1,,,,
independent,0.5,4,sp_ucb_st1,1,424.82175861155116,149.98929280931694,0.0,False,0.194,0.4,,,,
independent,0.5,4,sp_ucb_st1,25,507.48560544199717,139.29348151957203,0.0,False,0.2,0.4,,,,
independent,0.5,4,se_iid,1,1205.2120691112846,,,,,0.2,False,-1.0,241.04241382225695,20.0
independent,0.5,4,se_iid,25,1205.2120691112846,,,,,0.0,False,-1.0,241.04241382225692,20.0
independent,0.5,4,se_st1,1,1205.2120691112846,,,,,0.4,False,-1.0,241.04241382225695,20.0
independent,0.5,4,se_st1,25,1205.2120691112846,,,,,0.1,False,-1.0,241.04241382225692,20.0
independent,0.5,5,sp_ucb_iid,1,449.6344034882583,103.71071621039256,0.0,False,0.217,0.1,,,,
independent,0.5,5,sp_ucb_iid,25,472.39595712303395,188.08260826360421,0.0,False,0.05,0.2,,,,
independent,0.5,5,sp_ucb_st1,1,410.87105727156126,107.17024738622409,0.0,False,0.226,0.4,,,,
independent,0.5,5,sp_ucb_st1,25,409.2098837816176,144.5754724943294,0.0,False,0.275,0.4,,,,
independent,0.5,5,se_iid,1,1137.718195354663,,,,,0.2,False,-1.0,227.5436390709326,20.0
independent,0.5,5,se_iid,25,1137.718195354663,,,,,0.0,False,-1.0,227.54363907093258,20.0
independent,0.5,5,se_st1,1,1137.718195354663,,,,,0.3,False,-1.0,227.5436390709326,20.0
independent,0.5,5,se_st1,25,1137.718195354663,,,,,0.1,False,-1.0,227.54363907093258,20.0
independent,0.5,6,sp_ucb_iid,1,408.104048060123,120.28959452285369,0.0,False,0.11,0.1,,,,
independent,0.5,6,sp_ucb_iid,25,597.2147121274799,198.98124199040373,0.0,False,0.0,0.1,,,,
independent,0.5,6,sp_ucb_st1,1,511.60828812236343,191.38120677578786,0.0,False,0.119,0.4,,,,
independent,0.5,6,sp_ucb_st1,25,510.9834049049151,176.16977684497735,0.0,False,0.125,0.4,,,,
independent,0.5,6,se_iid,1,1155.544013283896,,,,,0.2,False,-1.0,231.10880265677923,20.0
independent,0.5,6,se_iid,25,1155.5440132838962,,,,,0.0,False,-1.0,231.10880265677923,20.0
independent,0.5,6,se_st1,1,1155.544013283896,,,,,0.4,False,-1.0,231.10880265677923,20.0
independent,0.5,6,se_st1,25,1155.5440132838962,,,,,0.1,False,-1.0,231.10880265677923,20.0
independent,0.5,7,sp_ucb_iid,1,390.3077949676758,141.4897265982639,0.0,False,0.347,0.2,,,,
independent,0.5,7,sp_ucb_iid,25,131.23451773538602,89.85608739678686,0.0,False,0.6,0.1,,,,
independent,0.5,7,sp_ucb_st1,1,238.13992025599188,81.30255461181471,0.0,False,0.521,0.4,,,,
independent,0.5,7,sp_ucb_st1,25,385.4096704521922,142.05839023130338,0.0,False,0.25,0.4,,,,
independent,0.5,7,se_iid,1,1170.6597186078411,,,,,0.2,False,-1.0,234.1319437215682,20.0
independent,0.5,7,se_iid,25,1170.6597186078411,,,,,0.0,False,-1.0,234.13194372156823,20.0
independent,0.5,7,se_st1,1,1170.6597186078411,,,,,0.4,False,-1.0,234.1319437215682,20.0
independent,0.5,7,se_st1,25,1170.6597186078411,,,,,0.1,False,-1.0,234.13194372156823,20.0
independent,0.5,8,sp_ucb_iid,1,456.60792121542164,186.4409573945765,0.0,False,0.14,0.1,,,,
independent,0.5,8,sp_ucb_iid,25,409.7260375622326,213.1205593122295,0.0,False,0.0,0.1,,,,
independent,0.5,8,sp_ucb_st1,1,224.07171844544044,109.69108731390655,0.0,False,0.167,0.4,,,,
independent,0.5,8,sp_ucb_st1,25,730.4027051820591,187.89219095399125,0.0,False,0.0,0.4,,,,
independent,0.5,8,se_iid,1,1156.9935069014205,,,,,0.2,False,-1.0,231.3987013802841,20.0
independent,0.5,8,se_iid,25,1156.9935069014205,,,,,0.0,False,-1.0,231.39870138028408,20.0
independent,0.5,8,se_st1,1,1156.9935069014205,,,,,0.3,False,-1.0,231.3987013802841,20.0
independent,0.5,8,se_st1,25,1156.9935069014205,,,,,0.2,False,-1.0,231.39870138028408,20.0
independent,0.5,9,sp_ucb_iid,1,373.9425976088761,126.66895982084692,0.0,False,0.211,0.2,,,,
independent,0.5,9,sp_ucb_iid,25,442.9709986799545,176.1894194993603,0.0,False,0.125,0.2,,,,
independent,0.5,9,sp_ucb_st1,1,253.7787237138828,87.79067455027051,0.0,False,0.157,0.4,,,,
independent,0.5,9,sp_ucb_st1,25,517.6935640667438,188.81813327693993,0.0,False,0.025,0.4,,,,
independent,0.5,9,se_iid,1,1184.586651052396,,,,,0.2,False,-1.0,236.91733021047912,20.0
independent,0.5,9,se_iid,25,1133.1557776690697,,,,,0.0,False,-1.0,227.23408295974042,18.0
independent,0.5,9,se_st1,1,1184.586651052396,,,,,0.4,False,-1.0,236.91733021047912,20.0
independent,0.5,9,se_st1,25,1184.5866510523958,,,,,0.1,False,-1.0,236.91733021047918,20.0
independent,0.5,10,sp_ucb_iid,1,536.2093202066125,106.6569132730296,0.0,False,0.348,0.2,,,,
independent,0.5,10,sp_ucb_iid,25,327.14315797171173,111.40931235666515,0.0,False,0.675,0.1,,,,
independent,0.5,10,sp_ucb_st1,1,535.4220857513214,128.15102445656498,0.0,False,0.472,0.4,,,,
independent,0.5,10,sp_ucb_st1,25,538.8163395290452,183.49985152952232,0.0,False,0.175,0.4,,,,
independent,0.5,10,se_iid,1,1175.2965846830598,,,,,0.2,False,-1.0,235.05931693661196,20.0
independent,0.5,10,se_iid,25,1058.6234405601474,,,,,0.0,False,-1.0,215.2509061894887,15.0
independent,0.5,10,se_st1,1,1175.2965846830598,,,,,0.4,False,-1.0,235.05931693661196,20.0
independent,0.5,10,se_st1,25,1175.2965846830598,,,,,0.1,False,-1.0,235.05931693661194,20.0
independent,0.5,11,sp_ucb_iid,1,424.5379140338145,170.63275885149892,0.0,False,0.313,0.2,,,,
independent,0.5,11,sp_ucb_iid,25,337.55530843595193,154.8176398740322,0.0,False,0.475,0.1,,,,
independent,0.5,11,sp_ucb_st1,1,330.55211326403946,152.54843949975546,0.0,False,0.054,0.4,,,,
independent,0.5,11,sp_ucb_st1,25,422.45378617922785,167.47135750362366,0.0,False,0.5,0.3,,,,
independent,0.5,11,se_iid,1,1143.2396246888884,,,,,0.2,False,-1.0,228.64792493777765,20.0
independent,0.5,11,se_iid,25,1143.2396246888884,,,,,0.0,False,-1.0,228.64792493777765,20.0
independent,0.5,11,se_st1,1,1143.2396246888884,,,,,0.4,False,-1.0,228.64792493777765,20.0
independent,0.5,11,se_st1,25,1143.2396246888884,,,,,0.1,False,-1.0,228.64792493777765,20.0
independent,0.5,12,sp_ucb_iid,1,537.6712076098194,154.34330868286443,0.0,False,0.321,0.2,,,,
independent,0.5,12,sp_ucb_iid,25,551.9014971928136,136.74211289273944,0.0,False,0.225,0.1,,,,
independent,0.5,12,sp_ucb_st1,1,536.147577487962,143.79047565465433,0.0,False,0.215,0.4,,,,
independent,0.5,12,sp_ucb_st1,25,649.9796130226945,179.0213679545021,0.0,False,0.175,0.4,,,,
independent,0.5,12,se_iid,1,1205.9252258543593,,,,,0.2,False,-1.0,241.18504517087183,20.0
independent,0.5,12,se_iid,25,1205.9252258543593,,,,,0.0,False,-1.0,241.1850451708719,20.0
independent,0.5,12,se_st1,1,1205.9252258543593,,,,,0.4,False,-1.0,241.18504517087183,20.0
independent,0.5,12,se_st1,25,1205.9252258543593,,,,,0.1,False,-1.0,241.1850451708719,20.0
independent,0.5,13,sp_ucb_iid,1,514.930900429061,149.44079624088113,0.0,False,0.334,0.1,,,,
independent,0.5,13,sp_ucb_iid,25,585.781238114988,197.75382124659507,0.0,False,0.0,0.2,,,,
independent,0.5,13,sp_ucb_st1,1,567.8317199133426,163.82556668141396,0.0,False,0.276,0.4,,,,
independent,0.5,13,sp_ucb_st1,25,625.4769156894287,242.80184665456662,0.0,False,0.45,0.4,,,,
independent,0.5,13,se_iid,1,1222.882343221107,,,,,0.2,False,-1.0,244.57646864422142,20.0
independent,0.5,13,se_iid,25,1222.882343221107,,,,,0.0,False,-1.0,244.57646864422142,20.0
independent,0.5,13,se_st1,1,1222.882343221107,,,,,0.4,False,-1.0,244.57646864422142,20.0
independent,0.5,13,se_st1,25,1222.882343221107,,,,,0.2,False,-1.0,244.57646864422142,20.0
independent,0.5,14,sp_ucb_iid,1,357.0505575238035,91.76491064637793,0.0,False,0.225,0.2,,,,
independent,0.5,14,sp_ucb_iid,25,461.79723169110963,147.37840043774696,0.0,False,0.375,0.1,,,,
independent,0.5,14,sp_ucb_st1,1,488.80238617862676,96.59423028585826,0.0,False,0.092,0.4,,,,
independent,0.5,14,sp_ucb_st1,25,426.5130124709474,181.9484990795923,0.0,False,0.05,0.4,,,,
independent,0.5,14,se_iid,1,1118.5648907479974,,,,,0.2,False,-1.0,223.71297814959948,20.0
independent,0.5,14,se_iid,25,1118.5648907479974,,,,,0.0,False,-1.0,223.71297814959948,20.0
independent,0.5,14,se_st1,1,1118.5648907479974,,,,,0.4,False,-1.0,223.71297814959948,20.0
independent,0.5,14,se_st1,25,1118.5648907479974,,,,,0.1,False,-1.0,223.71297814959948,20.0
independent,0.5,15,sp_ucb_iid,1,435.00209947461497,151.09815197380172,0.0,False,0.555,0.2,,,,
independent,0.5,15,sp_ucb_iid,25,444.7902489002164,215.4002233794422,0.0,False,0.4,0.2,,,,
independent,0.5,15,sp_ucb_st1,1,395.42672890261906,149.83934545753883,0.0,False,0.158,0.4,,,,
independent,0.5,15,sp_ucb_st1,25,506.64390287375596,153.6581782358476,0.0,False,0.225,0.3,,,,
independent,0.5,15,se_iid,1,1168.4134044299133,,,,,0.2,False,-1.0,233.68268088598268,20.0
independent,0.5,15,se_iid,25,1168.4134044299135,,,,,0.0,False,-1.0,233.68268088598268,20.0
independent,0.5,15,se_st1,1,1168.4134044299133,,,,,0.3,False,-1.0,233.68268088598268,20.0
independent,0.5,15,se_st1,25,1168.4134044299135,,,,,0.1,False,-1.0,233.68268088598268,20.0
independent,0.5,16,sp_ucb_iid,1,530.377115880355,134.96843967322917,0.0,False,0.146,0.2,,,,
independent,0.5,16,sp_ucb_iid,25,327.2995010109183,169.47837999839277,0.9858,True,0.575,0.1,,,,
independent,0.5,16,sp_ucb_st1,1,388.3086891152214,202.78290693540907,0.0,False,0.68,0.4,,,,
independent,0.5,16,sp_ucb_st1,25,544.7299975686248,161.94330886259803,0.0,False,0.375,0.4,,,,
independent,0.5,16,se_iid,1,1160.4432597962852,,,,,0.2,False,-1.0,232.08865195925702,20.0
independent,0.5,16,se_iid,25,1160.4432597962852,,,,,0.0,False,-1.0,232.08865195925702,20.0
independent,0.5,16,se_st1,1,1160.4432597962852,,,,,0.4,False,-1.0,232.08865195925702,20.0
independent,0.5,16,se_st1,25,1160.4432597962852,,,,,0.1,False,-1.0,232.08865195925702,20.0
independent,0.5,17,sp_ucb_iid,1,469.4085781079374,149.13127113882481,0.0,False,0.578,0.2,,,,
independent,0.5,17,sp_ucb_iid,25,508.15536843028184,212.15703777466214,0.0,False,0.375,0.2,,,,
independent,0.5,17,sp_ucb_st1,1,374.02159644178977,161.15881864156813,0.0,False,0.951,0.4,,,,
independent,0.5,17,sp_ucb_st1,25,375.6782493361917,164.13477109424636,0.0,False,0.525,0.4,,,,
independent,0.5,17,se_iid,1,1112.5938901823765,,,,,0.2,False,-1.0,222.51877803647534,20.0
independent,0.5,17,se_iid,25,1112.5938901823768,,,,,0.0,False,-1.0,222.51877803647534,20.0
independent,0.5,17,se_st1,1,1112.5938901823765,,,,,0.4,False,-1.0,222.51877803647534,20.0
independent,0.5,17,se_st1,25,1112.5938901823768,,,,,0.1,False,-1.0,222.51877803647534,20.0
independent,0.5,18,sp_ucb_iid,1,499.1954104362211,192.46431044615548,0.0,False,0.31,0.1,,,,
independent,0.5,18,sp_ucb_iid,25,378.4786291565249,150.34418354578798,0.0,False,0.1,0.1,,,,
independent,0.5,18,sp_ucb_st1,1,382.3312304369663,74.43320128332347,0.0,False,0.174,0.4,,,,
independent,0.5,18,sp_ucb_st1,25,635.941631812343,162.74884722140544,0.0,False,0.225,0.4,,,,
independent,0.5,18,se_iid,1,1214.6083332168032,,,,,0.2,False,-1.0,242.9216666433606,20.0
independent,0.5,18,se_iid,25,1198.363710263126,,,,,0.0,False,-1.0,226.6770436896836,19.0
independent,0.5,18,se_st1,1,1214.6083332168032,,,,,0.4,False,-1.0,242.9216666433606,20.0
independent,0.5,18,se_st1,25,1214.608333216803,,,,,0.1,False,-1.0,242.92166664336062,20.0
independent,0.5,19,sp_ucb_iid,1,546.8552278531932,147.0938087818177,0.0,False,0.142,0.2,,,,
independent,0.5,19,sp_ucb_iid,25,332.4257480564514,191.83364188919847,0.0,False,0.45,0.1,,,,
independent,0.5,19,sp_ucb_st1,1,405.69208852445064,121.11987341730219,0.0,False,0.257,0.4,,,,
independent,0.5,19,sp_ucb_st1,25,497.8467246988535,136.26905807036908,0.0,False,0.175,0.4,,,,
independent,0.5,19,se_iid,1,1179.601504648334,,,,,0.2,False,-1.0,235.92030092966678,20.0
independent,0.5,19,se_iid,25,1179.601504648334,,,,,0.0,False,-1.0,235.92030092966684,20.0
independent,0.5,19,se_st1,1,1179.601504648334,,,,,0.4,False,-1.0,235.92030092966678,20.0
independent,0.5,19,se_st1,25,1179.601504648334,,,,,0.1,False,-1.0,235.92030092966684,20.0
independent,0.9,0,sp_ucb_iid,1,239.71238781751003,73.53183326134493,0.0,False,0.298,0.2,,,,
independent,0.9,0,sp_ucb_iid,25,1307.2254525399176,275.5378917119917,0.9982,True,0.0,0.1,,,,
independent,0.9,0,sp_ucb_st1,1,352.4808561351751,92.99803061805916,0.0,False,0.548,0.4,,,,
independent,0.9,0,sp_ucb_st1,25,604.7544327928008,203.9692439816334,0.0,False,0.475,0.4,,,,
independent,0.9,0,se_iid,1,1143.5444276382073,,,,,0.2,False,-1.0,228.7088855276415,20.0
independent,0.9,0,se_iid,25,318.5451071904569,,,,,0.0,True,50.0,46.41112093086098,3.0
independent,0.9,0,se_st1,1,1143.5444276382073,,,,,0.3,False,-1.0,228.7088855276415,20.0
independent,0.9,0,se_st1,25,1143.5444276382077,,,,,0.2,False,-1.0,228.70888552764146,20.0
independent,0.9,1,sp_ucb_iid,1,616.9894418448378,132.94299709996224,0.0,False,0.139,0.2,,,,
independent,0.9,1,sp_ucb_iid,25,564.7281002428335,115.90686248264944,0.0614,True,0.0,0.2,,,,
independent,0.9,1,sp_ucb_st1,1,726.5304632637193,150.29249982544354,0.0,False,0.018,0.4,,,,
independent,0.9,1,sp_ucb_st1,25,909.7102526515181,227.45988210467536,0.0,False,0.25,0.4,,,,
independent,0.9,1,se_iid,1,1240.330611073357,,,,,0.1,False,-1.0,248.06612221467142,20.0
independent,0.9,1,se_iid,25,571.7128251235778,,,,,0.0,False,-1.0,42.48876913916853,3.0
independent,0.9,1,se_st1,1,1240.330611073357,,,,,0.4,False,-1.0,248.06612221467142,20.0
independent,0.9,1,se_st1,25,1240.330611073357,,,,,0.2,False,-1.0,248.0661222146714,20.0
independent,0.9,2,sp_ucb_iid,1,508.1640012028915,102.44040292768678,0.0,False,0.089,0.1,,,,
independent,0.9,2,sp_ucb_iid,25,388.33535198525163,147.6548514931436,0.9858,True,0.8,0.1,,,,
independent,0.9,2,sp_ucb_st1,1,788.0576042725655,213.15964483630037,0.0,False,0.01,0.4,,,,
independent,0.9,2,sp_ucb_st1,25,873.2551108600137,171.81023166868357,0.0,False,0.1,0.4,,,,
independent,0.9,2,se_iid,1,1158.3949585054145,,,,,0.2,False,-1.0,231.6789917010829,20.0
independent,0.9,2,se_iid,25,452.84475316946856,,,,,0.0,True,500.0,65.18309568875256,3.0
independent,0.9,2,se_st1,1,1158.3949585054145,,,,,0.4,False,-1.0,231.6789917010829,20.0
independent,0.9,2,se_st1,25,1158.3949585054145,,,,,0.1,False,-1.0,231.6789917010829,20.0
independent,0.9,3,sp_ucb_iid,1,508.14881972573943,151.84965919665285,0.0,False,0.127,0.2,,,,
independent,0.9,3,sp_ucb_iid,25,168.51424656642203,93.7343980214599,0.9728,True,0.825,0.1,,,,
independent,0.9,3,sp_ucb_st1,1,343.1008653054658,89.21388711434079,0.0,False,0.457,0.4,,,,
independent,0.9,3,sp_ucb_st1,25,491.66733878278427,119.70133939617153,0.0,False,0.275,0.3,,,,
independent,0.9,3,se_iid,1,1143.7630492466692,,,,,0.2,False,-1.0,228.75260984933388,20.0
independent,0.9,3,se_iid,25,1687.699994110029,,,,,0.0,True,525.0,352.9395554498676,1.0
independent,0.9,3,se_st1,1,1143.7630492466692,,,,,0.4,False,-1.0,228.75260984933388,20.0
independent,0.9,3,se_st1,25,1143.7630492466694,,,,,0.1,False,-1.0,228.75260984933385,20.0
independent,0.9,4,sp_ucb_iid,1,566.7507173685298,150.69626608537354,0.0,False,0.119,0.1,,,,
independent,0.9,4,sp_ucb_iid,25,311.83462579061325,124.17387132320158,0.0,False,0.05,0.1,,,,
independent,0.9,4,sp_ucb_st1,1,398.1998979900164,188.95205682366003,0.0,False,0.039,0.4,,,,
independent,0.9,4,sp_ucb_st1,25,935.3592825078623,230.74422302411605,0.0,False,0.025,0.4,,,,
independent,0.9,4,se_iid,1,1205.2120691112846,,,,,0.2,False,-1.0,241.04241382225695,20.0
independent,0.9,4,se_iid,25,923.5844229261622,,,,,0.0,False,-1.0,140.895900143204,7.0
independent,0.9,4,se_st1,1,1205.2120691112846,,,,,0.4,False,-1.0,241.04241382225695,20.0
independent,0.9,4,se_st1,25,1205.2120691112846,,,,,0.1,False,-1.0,241.04241382225692,20.0
independent,0.9,5,sp_ucb_iid,1,646.7724785545369,94.45092078629446,0.0,False,0.253,0.2,,,,
independent,0.9,5,sp_ucb_iid,25,1255.462887066645,250.82199809788227,0.9982,True,0.0,0.1,,,,
independent,0.9,5,sp_ucb_st1,1,560.2201587006153,101.0243927321716,0.0,False,0.171,0.4,,,,
independent,0.9,5,sp_ucb_st1,25,854.1619546531125,204.29424190386982,0.0,False,0.1,0.4,,,,
independent,0.9,5,se_iid,1,1137.718195354663,,,,,0.2,False,-1.0,227.5436390709326,20.0
independent,0.9,5,se_iid,25,655.9293525992887,,,,,0.0,True,75.0,64.40079417318528,2.0
independent,0.9,5,se_st1,1,1137.718195354663,,,,,0.4,False,-1.0,227.5436390709326,20.0
independent,0.9,5,se_st1,25,1137.718195354663,,,,,0.1,False,-1.0,227.54363907093258,20.0
independent,0.9,6,sp_ucb_iid,1,758.327845563521,157.45979241097982,0.0,False,0.198,0.1,,,,
independent,0.9,6,sp_ucb_iid,25,485.8786735559429,199.5564638330814,0.0016,True,0.0,0.2,,,,
independent,0.9,6,sp_ucb_st1,1,358.45186795969596,136.10668525790078,0.0,False,0.082,0.4,,,,
independent,0.9,6,sp_ucb_st1,25,962.2426148559833,226.30973932424186,0.0,False,0.025,0.4,,,,
independent,0.9,6,se_iid,1,1155.544013283896,,,,,0.2,False,-1.0,231.10880265677923,20.0
independent,0.9,6,se_iid,25,633.2390612998188,,,,,0.1,False,-1.0,50.40547985595235,5.0
independent,0.9,6,se_st1,1,1155.544013283896,,,,,0.4,False,-1.0,231.10880265677923,20.0
independent,0.9,6,se_st1,25,1155.5440132838962,,,,,0.1,False,-1.0,231.10880265677923,20.0
independent,0.9,7,sp_ucb_iid,1,368.8716092006521,104.5935946991152,0.0,False,0.367,0.1,,,,
independent,0.9,7,sp_ucb_iid,25,225.3369423076279,62.24460484092235,0.9732,True,0.025,0.1,,,,
independent,0.9,7,sp_ucb_st1,1,227.3280190386969,107.2621114120368,0.0,False,0.566,0.4,,,,
independent,0.9,7,sp_ucb_st1,25,894.5901679233061,240.24405894914022,0.0,False,0.15,0.4,,,,
independent,0.9,7,se_iid,1,1170.6597186078411,,,,,0.2,False,-1.0,234.1319437215682,20.0
independent,0.9,7,se_iid,25,1552.6740450674229,,,,,0.0,True,250.0,319.61719489917584,5.0
independent,0.9,7,se_st1,1,1170.6597186078411,,,,,0.3,False,-1.0,234.1319437215682,20.0
independent,0.9,7,se_st1,25,1170.6597186078411,,,,,0.1,False,-1.0,234.13194372156823,20.0
independent,0.9,8,sp_ucb_iid,1,543.669541556896,113.88530137800765,0.0,False,0.206,0.1,,,,
independent,0.9,8,sp_ucb_iid,25,1037.824485050775,263.54632613101825,0.0,False,0.0,0.1,,,,
independent,0.9,8,sp_ucb_st1,1,673.3683811476883,77.60990123839778,0.0,False,0.115,0.4,,,,
independent,0.9,8,sp_ucb_st1,25,674.694005609496,186.7727740044241,0.0,False,0.175,0.3,,,,
independent,0.9,8,se_iid,1,1156.9935069014205,,,,,0.2,False,-1.0,231.3987013802841,20.0
independent,0.9,8,se_iid,25,1361.5490233517553,,,,,0.0,True,200.0,278.917643832256,1.0
independent,0.9,8,se_st1,1,1156.9935069014205,,,,,0.4,False,-1.0,231.3987013802841,20.0
independent,0.9,8,se_st1,25,1156.9935069014205,,,,,0.1,False,-1.0,231.39870138028408,20.0
independent,0.9,9,sp_ucb_iid,1,698.2089481761897,145.17588309048955,0.0,False,0.137,0.2,,,,
independent,0.9,9,sp_ucb_iid,25,1129.5972401433996,233.09911926776152,0.9016,True,0.0,0.1,,,,
independent,0.9,9,sp_ucb_st1,1,594.8447513750572,72.68381857472855,0.0,False,0.108,0.4,,,,
independent,0.9,9,sp_ucb_st1,25,730.2710789657657,202.76410850439507,0.0,False,0.25,0.3,,,,
independent,0.9,9,se_iid,1,1184.586651052396,,,,,0.2,False,-1.0,236.91733021047912,20.0
independent,0.9,9,se_iid,25,482.98717860564244,,,,,0.0,False,-1.0,52.87957644012272,3.0
independent,0.9,9,se_st1,1,1184.586651052396,,,,,0.3,False,-1.0,236.91733021047912,20.0
independent,0.9,9,se_st1,25,1184.5866510523958,,,,,0.1,False,-1.0,236.91733021047918,20.0
independent,0.9,10,sp_ucb_iid,1,407.6309010015059,66.3539212854948,0.0,False,0.288,0.2,,,,
independent,0.9,10,sp_ucb_iid,25,256.68282769312157,72.48622576815195,0.9922,True,0.15,0.1,,,,
independent,0.9,10,sp_ucb_st1,1,387.6172216436883,76.46355336338166,0.0,False,0.287,0.4,,,,
independent,0.9,10,sp_ucb_st1,25,653.1042832513921,146.69966957142694,0.0,False,0.075,0.4,,,,
independent,0.9,10,se_iid,1,1175.2965846830598,,,,,0.2,False,-1.0,235.05931693661196,20.0
independent,0.9,10,se_iid,25,1579.5540960666985,,,,,0.0,True,125.0,315.9890986014967,1.0
independent,0.9,10,se_st1,1,1175.2965846830598,,,,,0.4,False,-1.0,235.05931693661196,20.0
independent,0.9,10,se_st1,25,1175.2965846830598,,,,,0.1,False,-1.0,235.05931693661194,20.0
independent,0.9,11,sp_ucb_iid,1,762.5636392300297,308.5325387851171,0.0,False,0.19,0.1,,,,
independent,0.9,11,sp_ucb_iid,25,479.09929560806506,244.51325596565073,0.737,True,0.0,0.1,,,,
independent,0.9,11,sp_ucb_st1,1,911.1366058438402,163.82648420027078,0.0,False,0.266,0.4,,,,
independent,0.9,11,sp_ucb_st1,25,896.6525920914643,189.80956562009237,0.0,False,0.0,0.4,,,,
independent,0.9,11,se_iid,1,1143.2396246888884,,,,,0.2,False,-1.0,228.64792493777765,20.0
independent,0.9,11,se_iid,25,1134.385329863708,,,,,0.0,False,-1.0,220.1477006646292,17.0
independent,0.9,11,se_st1,1,1143.2396246888884,,,,,0.4,False,-1.0,228.64792493777765,20.0
independent,0.9,11,se_st1,25,1143.2396246888884,,,,,0.1,False,-1.0,228.64792493777765,20.0
independent,0.9,12,sp_ucb_iid,1,701.9036550954287,163.45513486323776,0.0,False,0.171,0.2,,,,
independent,0.9,12,sp_ucb_iid,25,779.1001063288396,155.14982230426315,0.0,False,0.075,0.1,,,,
independent,0.9,12,sp_ucb_st1,1,562.0822427027157,144.89657930642755,0.0,False,0.041,0.4,,,,
independent,0.9,12,sp_ucb_st1,25,919.2727026577929,250.8756208279638,0.0,False,0.075,0.3,,,,
independent,0.9,12,se_iid,1,1205.9252258543593,,,,,0.2,False,-1.0,241.18504517087183,20.0
independent,0.9,12,se_iid,25,783.7987132710997,,,,,0.0,False,-1.0,0.0,1.0
independent,0.9,12,se_st1,1,1205.9252258543593,,,,,0.4,False,-1.0,241.18504517087183,20.0
independent,0.9,12,se_st1,25,1205.9252258543593,,,,,0.1,False,-1.0,241.1850451708719,20.0
independent,0.9,13,sp_ucb_iid,1,416.8751121139177,115.2021698348095,0.0,False,0.455,0.2,,,,
independent,0.9,13,sp_ucb_iid,25,423.2897691018805,201.03266172007028,0.9622,True,0.9,0.1,,,,
independent,0.9,13,sp_ucb_st1,1,623.9961001837264,172.79426007105795,0.0,False,0.876,0.4,,,,
independent,0.9,13,sp_ucb_st1,25,988.4262804694047,224.5772941468573,0.0,False,0.15,0.3,,,,
independent,0.9,13,se_iid,1,1222.882343221107,,,,,0.2,False,-1.0,244.57646864422142,20.0
independent,0.9,13,se_iid,25,1243.5442629494123,,,,,0.0,True,775.0,254.23489717395904,4.0
independent,0.9,13,se_st1,1,1222.882343221107,,,,,0.4,False,-1.0,244.57646864422142,20.0
independent,0.9,13,se_st1,25,1222.882343221107,,,,,0.1,False,-1.0,244.57646864422142,20.0
independent,0.9,14,sp_ucb_iid,1,480.18077645315174,62.56763695204561,0.0,False,0.135,0.2,,,,
independent,0.9,14,sp_ucb_iid,25,922.3501609031508,232.77319758843043,0.0,False,0.025,0.1,,,,
independent,0.9,14,sp_ucb_st1,1,1136.7335109970613,216.7335682348206,0.0,False,0.066,0.4,,,,
independent,0.9,14,sp_ucb_st1,25,1024.8639649097113,208.91979409837148,0.0,False,0.025,0.4,,,,
independent,0.9,14,se_iid,1,1118.5648907479974,,,,,0.1,False,-1.0,223.71297814959948,20.0
independent,0.9,14,se_iid,25,1551.1014699873708,,,,,0.0,True,425.0,319.83221798057133,1.0
independent,0.9,14,se_st1,1,1118.5648907479974,,,,,0.4,False,-1.0,223.71297814959948,20.0
independent,0.9,14,se_st1,25,1118.5648907479974,,,,,0.1,False,-1.0,223.71297814959948,20.0
independent,0.9,15,sp_ucb_iid,1,554.8649282339211,203.66969543534776,0.0,False,0.386,0.2,,,,
independent,0.9,15,sp_ucb_iid,25,288.2443586295781,179.27624594586598,0.0,False,0.375,0.1,,,,
independent,0.9,15,sp_ucb_st1,1,573.9535826309309,143.37698835570427,0.0,False,0.037,0.4,,,,
independent,0.9,15,sp_ucb_st1,25,899.0759595831491,216.3547878725461,0.0,False,0.175,0.4,,,,
independent,0.9,15,se_iid,1,1168.4134044299133,,,,,0.2,False,-1.0,233.68268088598268,20.0
independent,0.9,15,se_iid,25,1012.6707212010294,,,,,0.0,True,3650.0,176.0128657491838,7.0
independent,0.9,15,se_st1,1,1168.4134044299133,,,,,0.4,False,-1.0,233.68268088598268,20.0
independent,0.9,15,se_st1,25,1168.4134044299135,,,,,0.1,False,-1.0,233.68268088598268,20.0
independent,0.9,16,sp_ucb_iid,1,511.055013345556,146.9612328480744,0.0,False,0.272,0.2,,,,
independent,0.9,16,sp_ucb_iid,25,433.66647286013534,140.11490650278148,0.998,True,0.0,0.1,,,,
independent,0.9,16,sp_ucb_st1,1,317.93611879142213,110.54746059281938,0.0,False,0.357,0.4,,,,
independent,0.9,16,sp_ucb_st1,25,729.29364939468,197.6863981549425,0.0,False,0.0,0.3,,,,
independent,0.9,16,se_iid,1,1160.4432597962852,,,,,0.2,False,-1.0,232.08865195925702,20.0
independent,0.9,16,se_iid,25,1441.1527440220489,,,,,0.0,True,450.0,301.8876321085902,3.0
independent,0.9,16,se_st1,1,1160.4432597962852,,,,,0.4,False,-1.0,232.08865195925702,20.0
independent,0.9,16,se_st1,25,1160.4432597962852,,,,,0.1,False,-1.0,232.08865195925702,20.0
independent,0.9,17,sp_ucb_iid,1,379.80607007889347,120.20982241231971,0.0,False,0.179,0.2,,,,
independent,0.9,17,sp_ucb_iid,25,284.55273043082315,205.79706924047628,0.3522,True,0.15,0.1,,,,
independent,0.9,17,sp_ucb_st1,1,491.6440833089578,154.75874453981027,0.0,False,0.315,0.4,,,,
independent,0.9,17,sp_ucb_st1,25,452.8647281143415,189.05123863693643,0.0,False,0.475,0.4,,,,
independent,0.9,17,se_iid,1,1112.5938901823765,,,,,0.1,False,-1.0,222.51877803647534,20.0
independent,0.9,17,se_iid,25,901.3307178904042,,,,,0.0,False,-1.0,80.02639240195394,3.0
independent,0.9,17,se_st1,1,1112.5938901823765,,,,,0.4,False,-1.0,222.51877803647534,20.0
independent,0.9,17,se_st1,25,1112.5938901823768,,,,,0.1,False,-1.0,222.51877803647534,20.0
independent,0.9,18,sp_ucb_iid,1,569.8460205720261,182.00548662535823,0.0,False,0.304,0.2,,,,
independent,0.9,18,sp_ucb_iid,25,1323.2992267421503,249.43146800564736,0.844,True,0.0,0.1,,,,
independent,0.9,18,sp_ucb_st1,1,742.5821211138269,225.81610714336128,0.0,False,0.285,0.4,,,,
independent,0.9,18,sp_ucb_st1,25,830.8765591171455,225.28916413579066,0.0,False,0.2,0.4,,,,
independent,0.9,18,se_iid,1,1214.6083332168032,,,,,0.2,False,-1.0,242.9216666433606,20.0
independent,0.9,18,se_iid,25,1428.3342907819292,,,,,0.0,True,1675.0,325.16825570238433,1.0
independent,0.9,18,se_st1,1,1214.6083332168032,,,,,0.4,False,-1.0,242.9216666433606,20.0
independent,0.9,18,se_st1,25,1214.608333216803,,,,,0.1,False,-1.0,242.92166664336062,20.0
independent,0.9,19,sp_ucb_iid,1,413.82407683572575,110.25529048930694,0.0,False,0.192,0.1,,,,
independent,0.9,19,sp_ucb_iid,25,518.4273926994846,285.12628743357357,0.9716,True,0.35,0.1,,,,
independent,0.9,19,sp_ucb_st1,1,516.6383980743587,131.23983446173963,0.0,False,0.011,0.4,,,,
independent,0.9,19,sp_ucb_st1,25,1028.1977604504516,210.25968245473584,0.0,False,0.1,0.4,,,,
independent,0.9,19,se_iid,1,1179.601504648334,,,,,0.2,False,-1.0,235.92030092966678,20.0
independent,0.9,19,se_iid,25,1482.6848407510897,,,,,0.0,True,950.0,311.4444285015673,1.0
independent,0.9,19,se_st1,1,1179.601504648334,,,,,0.4,False,-1.0,235.92030092966678,20.0
independent,0.9,19,se_st1,25,1179.601504648334,,,,,0.1,False,-1.0,235.92030092966684,20.0
independent,0.97,0,sp_ucb_iid,1,653.9544740519364,95.74186389613087,0.0,False,0.015,0.1,,,,
independent,0.97,0,sp_ucb_iid,25,1423.8007898720953,277.308240703951,0.9982,True,0.0,0.1,,,,
independent,0.97,0,sp_ucb_st1,1,410.1578728158486,42.39071334229069,0.0,False,0.403,0.4,,,,
independent,0.97,0,sp_ucb_st1,25,762.595591276691,216.07463982901126,0.0,False,0.05,0.4,,,,
independent,0.97,0,se_iid,1,1143.5444276382073,,,,,0.2,False,-1.0,228.7088855276415,20.0
independent,0.97,0,se_iid,25,1245.3704764865786,,,,,0.0,True,50.0,256.89311158890376,1.0
independent,0.97,0,se_st1,1,1143.5444276382073,,,,,0.3,False,-1.0,228.7088855276415,20.0
independent,0.97,0,se_st1,25,1143.5444276382077,,,,,0.1,False,-1.0,228.70888552764146,20.0
independent,0.97,1,sp_ucb_iid,1,686.8996907346681,162.24308137331948,0.0,False,0.219,0.1,,,,
independent,0.97,1,sp_ucb_iid,25,1144.0570986235969,262.0444880982162,0.952,True,0.0,0.1,,,,
independent,0.97,1,sp_ucb_st1,1,1065.4228011974672,136.88975522271713,0.0,False,0.042,0.4,,,,
independent,0.97,1,sp_ucb_st1,25,1110.9375369499085,211.5829635739212,0.0,False,0.125,0.4,,,,
independent,0.97,1,se_iid,1,1240.330611073357,,,,,0.2,False,-1.0,248.06612221467142,20.0
independent,0.97,1,se_iid,25,292.69958867791576,,,,,0.0,False,-1.0,48.505090019236754,4.0
independent,0.97,1,se_st1,1,1240.330611073357,,,,,0.4,False,-1.0,248.06612221467142,20.0
independent,0.97,1,se_st1,25,1240.330611073357,,,,,0.2,False,-1.0,248.0661222146714,20.0
independent,0.97,2,sp_ucb_iid,1,746.9143273248467,187.34183823856637,0.0,False,0.075,0.2,,,,
independent,0.97,2,sp_ucb_iid,25,909.9279963151873,139.44211529246928,0.9854,True,0.0,0.1,,,,
independent,0.97,2,sp_ucb_st1,1,941.1562137849638,228.2865996561365,0.0,False,0.169,0.4,,,,
independent,0.97,2,sp_ucb_st1,25,885.1893244329584,182.11888534926845,0.0,False,0.025,0.4,,,,
independent,0.97,2,se_iid,1,1158.3949585054145,,,,,0.2,False,-1.0,231.6789917010829,20.0
independent,0.97,2,se_iid,25,174.08056818923518,,,,,0.0,False,-1.0,0.0,1.0
independent,0.97,2,se_st1,1,1158.3949585054145,,,,,0.4,False,-1.0,231.6789917010829,20.0
independent,0.97,2,se_st1,25,1158.3949585054145,,,,,0.1,False,-1.0,231.6789917010829,20.0
independent,0.97,3,sp_ucb_iid,1,762.9798858018079,221.0564725306937,0.0,False,0.21,0.1,,,,
independent,0.97,3,sp_ucb_iid,25,99.74909560778887,55.01185932824705,0.9756,True,0.425,0.1,,,,
independent,0.97,3,sp_ucb_st1,1,337.42072403078816,123.9144605512946,0.0,False,0.453,0.4,,,,
independent,0.97,3,sp_ucb_st1,25,425.2129528663711,185.5098199204385,0.0,False,0.35,0.4,,,,
independent,0.97,3,se_iid,1,967.8177879894345,,,,,0.1,False,-1.0,123.7769792595552,9.0
independent,0.97,3,se_iid,25,1701.3630977634919,,,,,0.0,True,450.0,352.9395554498676,1.0
independent,0.97,3,se_st1,1,1143.7630492466692,,,,,0.4,False,-1.0,228.75260984933388,20.0
independent,0.97,3,se_st1,25,1143.7630492466694,,,,,0.1,False,-1.0,228.75260984933385,20.0
independent,0.97,4,sp_ucb_iid,1,408.65027285606476,183.22064661400597,0.0,False,0.033,0.1,,,,
independent,0.97,4,sp_ucb_iid,25,899.7548633834301,296.82271809312533,0.9764,True,0.025,0.1,,,,
independent,0.97,4,sp_ucb_st1,1,633.6926186250089,253.93794206596252,0.0,False,0.026,0.4,,,,
independent,0.97,4,sp_ucb_st1,25,706.4190309890233,203.28974801506632,0.0,False,0.0,0.4,,,,
independent,0.97,4,se_iid,1,1193.4339768917584,,,,,0.2,False,-1.0,236.29821068910854,19.0
independent,0.97,4,se_iid,25,247.40050926699774,,,,,0.0,False,-1.0,40.04954727634979,4.0
independent,0.97,4,se_st1,1,1205.2120691112846,,,,,0.4,False,-1.0,241.04241382225695,20.0
independent,0.97,4,se_st1,25,1205.2120691112846,,,,,0.1,False,-1.0,241.04241382225692,20.0
independent,0.97,5,sp_ucb_iid,1,955.7649698620095,185.02453278136082,0.0,False,0.027,0.1,,,,
independent,0.97,5,sp_ucb_iid,25,1306.3445008627707,281.0571612980464,0.998,True,0.0,0.1,,,,
independent,0.97,5,sp_ucb_st1,1,1018.9311456617334,107.48359476188702,0.0,False,0.014,0.4,,,,
independent,0.97,5,sp_ucb_st1,25,880.251687159835,176.08641254573817,0.0,False,0.1,0.3,,,,
independent,0.97,5,se_iid,1,1137.718195354663,,,,,0.2,False,-1.0,227.5436390709326,20.0
independent,0.97,5,se_iid,25,1589.2583176651622,,,,,0.0,True,75.0,325.8115125353479,2.0
independent,0.97,5,se_st1,1,1137.718195354663,,,,,0.4,False,-1.0,227.5436390709326,20.0
independent,0.97,5,se_st1,25,1137.718195354663,,,,,0.1,False,-1.0,227.54363907093258,20.0
independent,0.97,6,sp_ucb_iid,1,355.10976614204276,82.68517759595146,0.0,False,0.276,0.2,,,,
independent,0.97,6,sp_ucb_iid,25,473.79417301369637,158.63451430589768,0.9478,True,0.3,0.1,,,,
independent,0.97,6,sp_ucb_st1,1,814.0202346999829,115.27709547037098,0.0,False,0.134,0.4,,,,
independent,0.97,6,sp_ucb_st1,25,1306.9925202784227,238.7063058023439,0.0,False,0.0,0.4,,,,
independent,0.97,6,se_iid,1,1155.544013283896,,,,,0.1,False,-1.0,231.10880265677923,20.0
independent,0.97,6,se_iid,25,1327.8202686860336,,,,,0.0,True,475.0,275.57950354549985,2.0
independent,0.97,6,se_st1,1,1155.544013283896,,,,,0.4,False,-1.0,231.10880265677923,20.0
independent,0.97,6,se_st1,25,1155.5440132838962,,,,,0.2,False,-1.0,231.10880265677923,20.0
independent,0.97,7,sp_ucb_iid,1,448.47018262707286,307.9075188693626,0.0,False,0.305,0.1,,,,
independent,0.97,7,sp_ucb_iid,25,137.88304299047098,63.69625505622858,0.9804,True,0.675,0.1,,,,
independent,0.97,7,sp_ucb_st1,1,324.7909179634603,79.46937371081839,0.0,False,0.261,0.4,,,,
independent,0.97,7,sp_ucb_st1,25,551.7896777275134,191.50127021030423,0.0,False,0.125,0.4,,,,
independent,0.97,7,se_iid,1,756.3428400134549,,,,,0.2,False,-1.0,25.971031621289207,2.0
independent,0.97,7,se_iid,25,1593.9319944953174,,,,,0.0,True,250.0,330.16053705905824,2.0
independent,0.97,7,se_st1,1,1170.6597186078411,,,,,0.4,False,-1.0,234.1319437215682,20.0
independent,0.97,7,se_st1,25,1170.6597186078411,,,,,0.1,False,-1.0,234.13194372156823,20.0
independent,0.97,8,sp_ucb_iid,1,536.7384190908107,131.90310681029047,0.0,False,0.099,0.1,,,,
independent,0.97,8,sp_ucb_iid,25,167.9150970422314,140.5886805986868,0.0,False,0.575,0.2,,,,
independent,0.97,8,sp_ucb_st1,1,305.37249698033213,150.05011404614575,0.0,False,0.119,0.4,,,,
independent,0.97,8,sp_ucb_st1,25,967.9449393007573,253.53671228068745,0.0,False,0.15,0.4,,,,
independent,0.97,8,se_iid,1,1105.1221125196053,,,,,0.2,False,-1.0,192.121838422546,13.0
independent,0.97,8,se_iid,25,1214.64357603477,,,,,0.0,True,400.0,246.8441827224568,2.0
independent,0.97,8,se_st1,1,1156.9935069014205,,,,,0.4,False,-1.0,231.3987013802841,20.0
independent,0.97,8,se_st1,25,1156.9935069014205,,,,,0.1,False,-1.0,231.39870138028408,20.0
independent,0.97,9,sp_ucb_iid,1,804.7382041565712,114.11993652197481,0.0,False,0.087,0.2,,,,
independent,0.97,9,sp_ucb_iid,25,297.66920671837966,250.87877153031218,0.98,True,0.0,0.1,,,,
independent,0.97,9,sp_ucb_st1,1,732.8668728152862,172.21269020644093,0.0,False,0.071,0.4,,,,
independent,0.97,9,sp_ucb_st1,25,845.3031761672985,213.11509018829142,0.0,False,0.15,0.4,,,,
independent,0.97,9,se_iid,1,1184.586651052396,,,,,0.2,False,-1.0,236.91733021047912,20.0
independent,0.97,9,se_iid,25,737.9484404520509,,,,,0.0,False,-1.0,48.297232755188574,2.0
independent,0.97,9,se_st1,1,1184.586651052396,,,,,0.4,False,-1.0,236.91733021047912,20.0
independent,0.97,9,se_st1,25,1184.5866510523958,,,,,0.1,False,-1.0,236.91733021047918,20.0
independent,0.97,10,sp_ucb_iid,1,659.7740672023826,78.1649048265634,0.0,False,0.193,0.2,,,,
independent,0.97,10,sp_ucb_iid,25,91.50952358728254,38.65786850447048,0.9944,True,0.45,0.1,,,,
independent,0.97,10,sp_ucb_st1,1,574.716029886794,51.15732236792999,0.0,False,0.016,0.3,,,,
independent,0.97,10,sp_ucb_st1,25,831.2925063007593,162.153988602569,0.0,False,0.025,0.4,,,,
independent,0.97,10,se_iid,1,804.6784103559008,,,,,0.2,False,-1.0,130.6028845467757,9.0
independent,0.97,10,se_iid,25,1491.6118468203788,,,,,0.0,True,75.0,300.8230140916012,1.0
independent,0.97,10,se_st1,1,1175.2965846830598,,,,,0.4,False,-1.0,235.05931693661196,20.0
independent,0.97,10,se_st1,25,1175.2965846830598,,,,,0.1,False,-1.0,235.05931693661194,20.0
independent,0.97,11,sp_ucb_iid,1,855.242384874485,274.18227335574625,0.0,False,0.1,0.1,,,,
independent,0.97,11,sp_ucb_iid,25,1651.9490811373814,324.84805532785276,0.9972,True,0.0,0.1,,,,
independent,0.97,11,sp_ucb_st1,1,795.0881450165642,177.44087673536734,0.0,False,0.101,0.4,,,,
independent,0.97,11,sp_ucb_st1,25,785.3951387297902,210.36965128924447,0.0,False,0.175,0.4,,,,
independent,0.97,11,se_iid,1,1143.2396246888884,,,,,0.1,False,-1.0,228.64792493777765,20.0
independent,0.97,11,se_iid,25,466.11314172234995,,,,,0.0,True,1000.0,13.95695720666168,1.0
independent,0.97,11,se_st1,1,1143.2396246888884,,,,,0.4,False,-1.0,228.64792493777765,20.0
independent,0.97,11,se_st1,25,1143.2396246888884,,,,,0.1,False,-1.0,228.64792493777765,20.0
independent,0.97,12,sp_ucb_iid,1,672.6900563946934,150.36291407578975,0.0,False,0.151,0.1,,,,
independent,0.97,12,sp_ucb_iid,25,832.9717077892938,175.54176483143758,0.9754,True,0.0,0.1,,,,
independent,0.97,12,sp_ucb_st1,1,549.747095541154,116.48671349507332,0.0,False,0.013,0.4,,,,
independent,0.97,12,sp_ucb_st1,25,875.2576079088335,209.8884045977065,0.0,False,0.05,0.4,,,,
independent,0.97,12,se_iid,1,1195.625246403244,,,,,0.2,False,-1.0,233.5270654732372,19.0
independent,0.97,12,se_iid,25,1172.1183940482233,,,,,0.0,True,200.0,229.96216761745166,2.0
independent,0.97,12,se_st1,1,1205.9252258543593,,,,,0.4,False,-1.0,241.18504517087183,20.0
independent,0.97,12,se_st1,25,1205.9252258543593,,,,,0.1,False,-1.0,241.1850451708719,20.0
independent,0.97,13,sp_ucb_iid,1,547.9206527089801,133.7996559532265,0.0,False,0.238,0.2,,,,
independent,0.97,13,sp_ucb_iid,25,542.5793958961494,182.3600014606189,0.9916,True,0.0,0.2,,,,
independent,0.97,13,sp_ucb_st1,1,668.9234516569873,133.40849535876683,0.0,False,0.127,0.4,,,,
independent,0.97,13,sp_ucb_st1,25,1085.3562293947125,249.6952101494249,0.0,False,0.025,0.4,,,,
independent,0.97,13,se_iid,1,1218.1013747484624,,,,,0.2,False,-1.0,242.7179988835429,19.0
independent,0.97,13,se_iid,25,1144.7997876032182,,,,,0.0,True,50.0,225.4084562648502,1.0
independent,0.97,13,se_st1,1,1222.882343221107,,,,,0.4,False,-1.0,244.57646864422142,20.0
independent,0.97,13,se_st1,25,1222.882343221107,,,,,0.1,False,-1.0,244.57646864422142,20.0
independent,0.97,14,sp_ucb_iid,1,759.2584622904565,101.05761225478884,0.0,False,0.156,0.1,,,,
independent,0.97,14,sp_ucb_iid,25,640.9504772742765,172.08020943585515,0.8766,True,0.15,0.2,,,,
independent,0.97,14,sp_ucb_st1,1,875.400656086587,105.11670965515725,0.0,False,0.15,0.4,,,,
independent,0.97,14,sp_ucb_st1,25,566.7522659632045,182.01585016657157,0.0,False,0.075,0.4,,,,
independent,0.97,14,se_iid,1,1118.5648907479974,,,,,0.2,False,-1.0,223.71297814959948,20.0
independent,0.97,14,se_iid,25,1824.2722015007673,,,,,0.0,True,425.0,380.201440414471,1.0
independent,0.97,14,se_st1,1,1118.5648907479974,,,,,0.4,False,-1.0,223.71297814959948,20.0
independent,0.97,14,se_st1,25,1118.5648907479974,,,,,0.1,False,-1.0,223.71297814959948,20.0
independent,0.97,15,sp_ucb_iid,1,805.6061571150278,178.79930975187668,0.0,False,0.352,0.2,,,,
independent,0.97,15,sp_ucb_iid,25,1464.2437316540215,285.0977225128903,0.9974,True,0.0,0.1,,,,
independent,0.97,15,sp_ucb_st1,1,855.2602819563492,188.39555706409138,0.0,False,0.0,0.4,,,,
independent,0.97,15,sp_ucb_st1,25,754.2029241162847,215.9211685841053,0.0,False,0.425,0.4,,,,
independent,0.97,15,se_iid,1,1168.4134044299133,,,,,0.2,False,-1.0,233.68268088598268,20.0
independent,0.97,15,se_iid,25,1138.2026417104744,,,,,0.0,True,325.0,235.08408370658043,4.0
independent,0.97,15,se_st1,1,1168.4134044299133,,,,,0.4,False,-1.0,233.68268088598268,20.0
independent,0.97,15,se_st1,25,1168.4134044299135,,,,,0.1,False,-1.0,233.68268088598268,20.0
independent,0.97,16,sp_ucb_iid,1,437.2553107335734,229.78896152585358,0.0,False,0.291,0.2,,,,
independent,0.97,16,sp_ucb_iid,25,1550.7653350834878,300.5695001650337,0.998,True,0.0,0.1,,,,
independent,0.97,16,sp_ucb_st1,1,657.7348585824848,181.77006576298322,0.0,False,0.056,0.4,,,,
independent,0.97,16,sp_ucb_st1,25,1077.5195505224547,233.51621157072432,0.0,False,0.15,0.4,,,,
independent,0.97,16,se_iid,1,1160.4432597962852,,,,,0.2,False,-1.0,232.08865195925702,20.0
independent,0.97,16,se_iid,25,629.520790484795,,,,,0.0,True,125.0,91.81782348766896,1.0
independent,0.97,16,se_st1,1,1160.4432597962852,,,,,0.4,False,-1.0,232.08865195925702,20.0
independent,0.97,16,se_st1,25,1160.4432597962852,,,,,0.1,False,-1.0,232.08865195925702,20.0
independent,0.97,17,sp_ucb_iid,1,518.1021795360064,182.22091207530255,0.0,False,0.229,0.2,,,,
independent,0.97,17,sp_ucb_iid,25,1590.329633224007,297.2594046748648,0.9618,True,0.0,0.1,,,,
independent,0.97,17,sp_ucb_st1,1,540.0031501454979,200.06434728806698,0.0,False,0.26,0.4,,,,
independent,0.97,17,sp_ucb_st1,25,593.6693602603776,239.49648893722707,0.0,False,0.175,0.4,,,,
independent,0.97,17,se_iid,1,1112.5938901823765,,,,,0.2,False,-1.0,222.51877803647534,20.0
independent,0.97,17,se_iid,25,1211.8863345621462,,,,,0.0,True,525.0,250.5933738240032,1.0
independent,0.97,17,se_st1,1,1112.5938901823765,,,,,0.4,False,-1.0,222.51877803647534,20.0
independent,0.97,17,se_st1,25,1112.5938901823768,,,,,0.1,False,-1.0,222.51877803647534,20.0
independent,0.97,18,sp_ucb_iid,1,670.5365161705554,219.19788594918055,0.0,False,0.0,0.2,,,,
independent,0.97,18,sp_ucb_iid,25,1351.1363555641994,269.377425981729,0.9714,True,0.0,0.1,,,,
independent,0.97,18,sp_ucb_st1,1,844.0626673805933,263.31588065417276,0.0,False,0.06,0.5,,,,
independent,0.97,18,sp_ucb_st1,25,812.0608795825286,253.30073373656265,0.0,False,0.05,0.4,,,,
independent,0.97,18,se_iid,1,1209.5832034278253,,,,,0.2,False,-1.0,237.89653685438282,19.0
independent,0.97,18,se_iid,25,1310.947281498331,,,,,0.0,True,350.0,275.49922129551067,4.0
independent,0.97,18,se_st1,1,1214.6083332168032,,,,,0.4,False,-1.0,242.9216666433606,20.0
independent,0.97,18,se_st1,25,1214.608333216803,,,,,0.1,False,-1.0,242.92166664336062,20.0
independent,0.97,19,sp_ucb_iid,1,702.5679192124818,130.70642929030197,0.0,False,0.062,0.2,,,,
independent,0.97,19,sp_ucb_iid,25,477.0411256679256,198.44278795217997,0.0,False,0.65,0.1,,,,
independent,0.97,19,sp_ucb_st1,1,637.5961062189862,120.35369900352782,0.0,False,0.001,0.4,,,,
independent,0.97,19,sp_ucb_st1,25,733.0358710276159,166.15723965342207,0.0,False,0.075,0.4,,,,
independent,0.97,19,se_iid,1,1179.601504648334,,,,,0.2,False,-1.0,235.92030092966678,20.0
independent,0.97,19,se_iid,25,925.6916303453617,,,,,0.0,False,-1.0,105.08057619411032,4.0
independent,0.97,19,se_st1,1,1179.601504648334,,,,,0.4,False,-1.0,235.92030092966678,20.0
independent,0.97,19,se_st1,25,1179.601504648334,,,,,0.1,False,-1.0,235.92030092966684,20.0
