instance,users,arms,policy,graph,param,seconds,regret@1000,regret@5000,regret@10000,regret@20000,regret@50000,regret@100000
0,300,100,graph_ts,complete,1.0,28.2,468.0372866023099,2344.7070987963816,4626.884694715729,9178.687446037628,21342.54780723664,35970.609777537175
0,300,100,graph_ts,complete,10.0,29.0,470.2249627732672,2248.3764531475026,4324.809395955701,8108.865759543958,16304.240973333799,25293.713453309116
0,300,100,graph_ts,U-coeng,1.0,28.3,472.73279543803073,2353.003495635581,4669.657696425798,9300.98556120263,21576.459830519074,37054.46445571032
0,300,100,graph_ts,U-coeng,10.0,29.3,469.06251215573866,2289.9764001943986,4420.9707189237815,8425.261371708766,17231.280583967076,26521.563228488463
0,300,100,graph_ts,U-mf,1.0,28.4,472.35766940168105,2359.666731086443,4652.308945347846,9259.0012837369,21449.31906072804,36314.70548259991
0,300,100,graph_ts,U-mf,10.0,28.9,468.49072499992326,2246.564478814078,4349.095054564881,8255.410091232392,16794.093155457347,25838.799004164233
0,300,100,graph_ts,U-coauthor,1.0,27.7,476.93913711459027,2359.3491000839567,4647.443269098265,9272.357124042494,21564.62828356304,36982.93696061507
0,300,100,graph_ts,U-coauthor,10.0,26.3,476.4895479689585,2263.358055046643,4399.351381905202,8417.438203167636,17189.803639435908,26363.558321511722
0,300,100,graph_ts,U-geo,1.0,26.4,482.60926555260085,2391.6503489019524,4717.694068198762,9372.615138604393,21528.669699359307,36547.31169529748
0,300,100,graph_ts,U-geo,10.0,26.7,480.21820820716675,2379.2090952298604,4668.069442516484,9171.036854374397,19349.68792563738,29198.300185251603
0,300,100,graph_ts,U-coeng~rewired,1.0,26.0,478.56445882783737,2356.2201605917653,4649.338098858891,9258.282034419186,21535.13628309683,36718.32494028186
0,300,100,graph_ts,U-coeng~rewired,10.0,26.4,466.99816229450516,2251.996348753106,4358.710098098381,8281.400936456892,16983.19781271674,26083.55298145712
1,300,100,graph_ts,complete,1.0,26.0,481.7565178707009,2326.312080995762,4643.648849363672,9152.318018933403,21460.04243694334,36543.23987794556
1,300,100,graph_ts,complete,10.0,26.5,478.4582383731031,2222.262942761183,4352.887778926117,8184.124076845614,16426.278678723575,26377.775677557358
1,300,100,graph_ts,U-coeng,1.0,26.6,483.45747752653006,2338.3739483495247,4692.399239731161,9297.554946336111,21672.65632527414,37522.71335000794
1,300,100,graph_ts,U-coeng,10.0,27.6,478.0136651054563,2267.2402706629437,4455.303801989656,8441.852804146132,17175.33249256182,26623.645893522196
1,300,100,graph_ts,U-mf,1.0,27.1,484.645124272909,2350.322934948106,4670.998987890069,9249.201289450628,21551.282077846576,36949.666409664045
1,300,100,graph_ts,U-mf,10.0,27.7,477.57597255078144,2242.4583428301266,4373.63372738444,8183.8204601164325,16833.047968446037,26517.92290534584
1,300,100,graph_ts,U-coauthor,1.0,26.9,488.17841803538613,2341.0342794622993,4682.374493310135,9252.720934292354,21643.114174017268,37205.73034333954
1,300,100,graph_ts,U-coauthor,10.0,27.4,474.46558597412695,2266.1678135708444,4434.87720880817,8442.402200689497,17286.096633590074,26658.31270694644
1,300,100,graph_ts,U-geo,1.0,26.4,487.49163330253214,2388.367979847186,4757.254269543519,9352.138067067312,21622.049456500645,37055.10709738995
1,300,100,graph_ts,U-geo,10.0,27.1,490.27023824673233,2377.4564916860763,4695.421109992147,9125.599375639476,19634.875511354025,30057.167711094706
1,300,100,graph_ts,U-coeng~rewired,1.0,26.8,479.80689440024435,2328.4900050442375,4665.666316935123,9246.359304347361,21686.6818616951,37256.077535494354
1,300,100,graph_ts,U-coeng~rewired,10.0,27.9,470.14016372986407,2243.266176493222,4408.068556459319,8356.138940220171,16974.318633172294,26428.912829363613
2,300,100,graph_ts,complete,1.0,26.4,487.05986568925437,2384.8739534628403,4722.273545468943,9377.915903121204,21965.56352341057,37321.700879140495
2,300,100,graph_ts,complete,10.0,26.8,489.8310387835372,2263.8120026914985,4353.777127371672,8167.840564476053,16878.9484194937,26092.600079599226
2,300,100,graph_ts,U-coeng,1.0,26.2,491.1503914555069,2395.7924232392324,4772.74937019348,9483.75886543628,22088.22323149354,38286.09038658126
2,300,100,graph_ts,U-coeng,10.0,26.7,481.60981635173084,2318.0968206324324,4465.157206888798,8477.400032987269,17599.226526260314,27740.118780600427
2,300,100,graph_ts,U-mf,1.0,25.1,489.54998726421036,2385.570942398288,4748.843338366725,9421.060045929375,21966.361101544437,37586.732160674714
2,300,100,graph_ts,U-mf,10.0,25.7,493.0297585404478,2306.8895802489606,4456.819549491909,8416.95020107528,17347.90723269564,27088.91432864228
2,300,100,graph_ts,U-coauthor,1.0,24.7,481.4873913927004,2384.4128997241423,4728.73314622846,9435.710755745687,22096.30711710633,38084.92332447413
2,300,100,graph_ts,U-coauthor,10.0,25.9,486.86428323062137,2311.4025091758813,4426.885726468543,8339.192015148139,17344.521656642315,26873.419306371135
2,300,100,graph_ts,U-geo,1.0,25.2,498.06650992197683,2450.686292299524,4849.334786390293,9598.786205714696,22244.790168949075,38157.18773672212
2,300,100,graph_ts,U-geo,10.0,25.8,498.6087308519054,2434.455591412716,4773.735248113004,9307.895993364968,20092.968704004983,31178.983951267648
2,300,100,graph_ts,U-coeng~rewired,1.0,25.7,483.6674345235806,2382.0475666186467,4736.147961101429,9406.731725408768,21964.496966229628,37793.946248648106
2,300,100,graph_ts,U-coeng~rewired,10.0,25.7,475.9953490967164,2254.3670797008563,4390.445226036536,8277.60985084495,16964.565585725508,26388.011390856813
3,300,100,graph_ts,complete,1.0,25.0,491.1624141985085,2450.756674356933,4881.956161644543,9638.658880809024,22794.78804375178,39394.74473529343
3,300,100,graph_ts,complete,10.0,25.5,480.2932344599394,2195.6843996011885,4009.575658489368,7132.064852790325,14515.188319496403,23209.426661112753
3,300,100,graph_ts,U-coeng,1.0,25.1,496.9769092435017,2453.5513938613003,4889.077781156811,9719.431485714616,22965.393604136123,40481.44631821324
3,300,100,graph_ts,U-coeng,10.0,25.2,474.9628885104321,2188.983525931071,4109.300136330705,7522.217942731157,15394.157064021325,23844.62597828742
3,300,100,graph_ts,U-mf,1.0,24.6,491.3794797589071,2472.262189364992,4933.2034339142265,9753.302019839059,22934.47181473003,39956.87175683443
3,300,100,graph_ts,U-mf,10.0,25.5,458.51731812162325,2235.383202520665,4203.450849050423,7544.6550190236885,15354.131869712422,24049.50572842789
3,300,100,graph_ts,U-coauthor,1.0,24.7,490.82780180033296,2474.3795319393976,4928.9458073925925,9756.961065812851,22963.608380114303,40226.481562772984
3,300,100,graph_ts,U-coauthor,10.0,25.0,476.42894173937384,2217.2691927269334,4134.32154953538,7493.895127061522,15312.514246680192,24085.67715932143
3,300,100,graph_ts,U-geo,1.0,24.8,501.0364085014444,2522.8966262429603,5024.059633802033,9916.02684213913,22970.7155236327,39808.47169015468
3,300,100,graph_ts,U-geo,10.0,25.4,494.8782288348302,2493.1875373755465,4930.860790769162,9480.566359009768,20128.689994193315,31429.559241097755
3,300,100,graph_ts,U-coeng~rewired,1.0,24.8,488.93886774312705,2447.2867026831955,4876.137525716738,9696.96562590031,22945.482552990194,40134.74064957408
3,300,100,graph_ts,U-coeng~rewired,10.0,25.4,480.30132382782176,2207.0844749576645,4068.645200871979,7331.642441547592,14975.507981019327,23711.668748743883
4,300,100,graph_ts,complete,1.0,24.9,430.31419943028595,2226.317180433427,4431.945161398253,8682.600021503182,20268.480326051656,34704.11505597562
4,300,100,graph_ts,complete,10.0,25.5,432.83712511271005,2125.008212224755,4172.7371223251685,7770.719361738244,15839.257154762367,24772.25392946387
4,300,100,graph_ts,U-coeng,1.0,25.3,429.2155136712827,2229.327829507296,4469.822216345914,8819.757660571566,20518.92878945468,35733.058122665534
4,300,100,graph_ts,U-coeng,10.0,25.7,430.69287942373194,2145.7347580250353,4208.394925264118,7931.323133387545,16647.691497296357,25999.63440815325
4,300,100,graph_ts,U-mf,1.0,25.3,432.5584479570389,2220.644114041468,4451.206586966647,8746.484637456182,20433.607337824134,35196.869448255085
4,300,100,graph_ts,U-mf,10.0,26.1,424.8330125986831,2141.143149777665,4168.367850157345,7715.157206179429,15713.467275016656,24884.405829030133
4,300,100,graph_ts,U-coauthor,1.0,25.0,428.40851046005264,2221.5041133735795,4459.685847574263,8774.27554627345,20344.808385203847,35307.24325702917
4,300,100,graph_ts,U-coauthor,10.0,26.2,431.2647552782207,2160.1905852429545,4205.015994659995,7786.98550474413,15872.833239316846,25023.904987113106
4,300,100,graph_ts,U-geo,1.0,26.0,438.3247030568309,2275.223262811778,4536.4700828288915,8873.26638546976,20417.536038510327,34816.86669955097
4,300,100,graph_ts,U-geo,10.0,26.5,437.05485268668303,2256.320175292981,4495.864108516128,8692.250521390575,19020.621846966147,29889.70920171809
4,300,100,graph_ts,U-coeng~rewired,1.0,25.9,426.652844537748,2210.448344388511,4441.807913956814,8749.054226288434,20393.350618776123,35237.50442094064
4,300,100,graph_ts,U-coeng~rewired,10.0,26.0,423.4726370456483,2129.0959395146783,4180.710694525027,7880.474235766436,16360.351276112153,25977.733057014266
5,300,100,graph_ts,complete,1.0,26.0,530.0707672949356,2600.322274159611,5163.182753514469,10151.48599906775,23627.294923962625,40168.197701672485
5,300,100,graph_ts,complete,10.0,27.2,521.672226938419,2337.0052863878664,4258.954895648756,7402.77335980424,14695.459578932758,23062.59717029796
5,300,100,graph_ts,U-coeng,1.0,25.5,541.8891800617566,2638.2646893218043,5226.332339194596,10322.175355305888,24020.09018983684,41493.04256238661
5,300,100,graph_ts,U-coeng,10.0,25.1,528.5877189198509,2347.709552521468,4381.583106812264,7873.696436093131,15940.461487952096,24766.448489610775
5,300,100,graph_ts,U-mf,1.0,24.6,533.0640184616204,2616.323350615814,5230.236858957229,10304.9689297281,23863.46632654148,40740.32066010948
5,300,100,graph_ts,U-mf,10.0,25.2,504.46581238880754,2313.1604354348383,4258.93637776759,7684.989850128419,15316.108256701205,24015.046388280403
5,300,100,graph_ts,U-coauthor,1.0,24.1,530.2990874922252,2611.129013719328,5212.405261058819,10308.276729649508,23855.867773453916,41008.320961815094
5,300,100,graph_ts,U-coauthor,10.0,25.0,510.1834009386366,2322.32964897254,4331.829969129867,7702.5488491940705,15386.065108693547,23659.44401249475
5,300,100,graph_ts,U-geo,1.0,24.8,546.4931734112324,2668.7166225839173,5306.7523280645255,10446.308902142155,23977.698979020446,41094.61733206373
5,300,100,graph_ts,U-geo,10.0,24.8,544.225534693338,2676.226211029687,5234.3203354409125,9939.208639189186,20413.82771374452,30715.15166776011
5,300,100,graph_ts,U-coeng~rewired,1.0,25.5,540.4434646340087,2610.8179023867124,5216.901081815537,10308.076547591998,23877.471358661285,41011.45445351535
5,300,100,graph_ts,U-coeng~rewired,10.0,25.4,506.4642367713386,2377.0910949965473,4416.433741798392,7821.226802503741,15296.775001670576,23844.141167746224
6,300,100,graph_ts,complete,1.0,24.3,466.82873314688914,2284.2264124919893,4527.974586254335,8901.591342859407,20706.84246654116,34996.797244492045
6,300,100,graph_ts,complete,10.0,25.4,461.98846399539616,2208.651593445451,4310.327756266401,8140.922930195695,16725.35156610029,25446.439986729732
6,300,100,graph_ts,U-coeng,1.0,25.0,472.3293985335622,2287.08621831832,4573.182715981267,8973.702993359708,20860.18827317111,36185.36188404492
6,300,100,graph_ts,U-coeng,10.0,24.9,465.7188365494367,2212.3179187936476,4325.365021271515,8184.490039645752,16873.804298987,26476.10982728281
6,300,100,graph_ts,U-mf,1.0,24.9,471.47371549345553,2288.703214684385,4540.821071810962,8915.66110913502,20767.82828422988,35699.74312938916
6,300,100,graph_ts,U-mf,10.0,25.3,462.5962847592309,2214.4868757678196,4338.085278618848,8153.452464065747,16457.30085534515,25176.219185811555
6,300,100,graph_ts,U-coauthor,1.0,25.3,472.5061618357431,2298.560781537788,4574.103386499803,8964.466143207625,20765.111323787947,35764.62891323533
6,300,100,graph_ts,U-coauthor,10.0,25.6,459.83867468941025,2203.998628973495,4308.425048106641,8106.205415590724,16892.862333619152,26572.901386337006
6,300,100,graph_ts,U-geo,1.0,25.0,476.6522441760171,2326.6548964946996,4619.9714468689635,9029.871684564685,20703.48363217074,35531.964395133225
6,300,100,graph_ts,U-geo,10.0,26.2,474.80719764041714,2312.0534508989076,4573.282631728158,8869.142994725786,19110.75000199661,30071.444442326057
6,300,100,graph_ts,U-coeng~rewired,1.0,25.4,461.24079102510586,2278.1564717891742,4543.598723958537,8929.30747193552,20861.553065551765,35824.43335266915
6,300,100,graph_ts,U-coeng~rewired,10.0,25.6,460.63727672118694,2189.015578369377,4318.510421661718,8133.2252619441715,17119.340764668857,26611.644934432843
7,300,100,graph_ts,complete,1.0,25.3,531.9293173351325,2640.0465902508004,5277.9587590176725,10388.814032248372,24235.965539333658,40955.70199174642
7,300,100,graph_ts,complete,10.0,26.2,500.1468354188837,2300.6937415888533,4298.125636486337,7559.575055979545,14976.400376451791,23338.23674284132
7,300,100,graph_ts,U-coeng,1.0,25.3,529.9053549296223,2633.6127307065763,5295.102953090736,10465.579984035086,24362.85018603663,41828.94222528772
7,300,100,graph_ts,U-coeng,10.0,25.8,533.2138321609236,2490.080150649883,4653.272581990343,8261.513224926544,15876.778097987226,24408.000599373532
7,300,100,graph_ts,U-mf,1.0,25.4,521.1526330690831,2624.8262452190247,5283.559422784761,10448.71646593836,24350.40648704961,41374.94581006258
7,300,100,graph_ts,U-mf,10.0,25.5,522.4359507766821,2401.4290789264523,4493.133374244095,7900.874523599519,15321.876953802705,24034.347215860493
7,300,100,graph_ts,U-coauthor,1.0,25.3,530.5678861503256,2651.811994504118,5294.179654317784,10422.06633579981,24303.948991953705,41630.93862940523
7,300,100,graph_ts,U-coauthor,10.0,21.8,518.7195921484381,2436.921853276086,4535.518763468252,8024.9886499867425,15258.245231340232,23647.25554748025
7,300,100,graph_ts,U-geo,1.0,21.0,536.0285683298716,2708.075048875009,5425.59516757046,10610.388676205304,24422.0130185538,41456.8499777355
7,300,100,graph_ts,U-geo,10.0,21.4,543.8738026338397,2696.181189508585,5336.461762093182,10116.16520348279,20643.296329437628,31187.475887914752
7,300,100,graph_ts,U-coeng~rewired,1.0,20.8,530.6268680798821,2633.3517478582216,5263.568074976094,10404.441462117302,24290.510143096108,41514.00874268624
7,300,100,graph_ts,U-coeng~rewired,10.0,21.1,516.5400862445822,2382.259447947261,4516.787940296512,8038.066440389193,15325.218348614457,23434.008621288274
0,300,100,ts_ind,-,-,2.2,483.30506768485066,2409.2749600938405,4740.155129278079,9378.478874737339,20866.235520521383,32732.68397522316
0,300,100,ts_one,-,-,4.8,470.9092437743675,2255.918064805097,4365.336458376842,8360.178491481172,19175.055927374226,36884.28136768768
0,300,100,klucb_ind,-,-,34.0,462.77740704949247,2411.91345945542,4782.7671636542655,9748.555370422342,19242.046061976085,31664.821094368846
0,300,100,sp_klucb_user,U-coeng,oracle,69.3,483.6765912225237,2212.8438991012517,4356.4047226373805,9133.053349872585,19022.297849181894,30308.517564748676
0,300,100,sp_klucb_user,U-coeng,cal90,72.0,483.6765912225237,2382.649699393398,4746.989620989334,9523.419337645842,19242.046061976085,31664.54597316243
0,300,100,sp_klucb_user,U-coeng,cal50,72.6,483.6765912225237,2382.649699393398,4746.989620989334,9523.419337645842,19234.941876915604,31350.96892328313
0,300,100,sp_klucb_user,U-coeng,none,72.6,483.6765912225237,2376.9678397648677,4735.3647423824,9498.866529675928,23539.011957671755,46444.31791438203
0,300,100,sp_klucb_user,U-mf,oracle,73.3,486.81771517253947,2209.3748041542713,4377.7861871238565,9153.43327127595,19028.906833329616,30285.095011821453
0,300,100,sp_klucb_user,U-mf,cal90,74.7,486.81771517253947,2384.5815596445464,4755.78659160051,9544.917363671324,19242.046061976085,31656.865476604697
0,300,100,sp_klucb_user,U-mf,cal50,80.4,486.81771517253947,2384.5815596445464,4755.78659160051,9544.917363671324,19232.41963130588,31376.74766346108
0,300,100,sp_klucb_user,U-mf,none,92.6,486.81771517253947,2354.2591609467054,4698.731844846625,9451.113533399184,23488.84693777506,46405.71225307204
0,300,100,sp_klucb_user,U-coauthor,oracle,91.4,484.74901965877507,2209.0120985269314,4354.912617605354,9143.370432097407,19015.4814304772,30310.018347148056
0,300,100,sp_klucb_user,U-coauthor,cal90,91.2,484.74901965877507,2382.894212956424,4744.725346036255,9550.910435575497,19242.046061976085,31657.36199660765
0,300,100,sp_klucb_user,U-coauthor,cal50,92.6,484.74901965877507,2382.894212956424,4744.725346036255,9550.910435575497,19233.31964187455,31636.094768990704
0,300,100,sp_klucb_user,U-coauthor,none,91.5,484.74901965877507,2377.9328177088173,4724.472201368655,9483.955508975923,23472.169702471292,46425.96443474165
0,300,100,sp_klucb_user,U-geo,oracle,92.5,479.31283943221206,2218.7490738053457,4375.114344680274,9157.179808891844,18925.544877888024,30542.246070301073
0,300,100,sp_klucb_user,U-geo,cal90,89.5,481.6519713239395,2378.835568568902,4737.991101870022,9515.02394038561,19242.046061976085,31664.821094368846
0,300,100,sp_klucb_user,U-geo,cal50,86.5,481.6519713239395,2378.835568568902,4737.991101870022,9515.02394038561,19231.7466563248,31334.804122586444
0,300,100,sp_klucb_user,U-geo,none,86.2,481.5990837352001,2378.204328286054,4724.5474098105915,9461.873200652044,23429.906320938782,46180.86836782293
0,300,100,sp_klucb_user,U-coeng~rewired,oracle,87.0,484.4800324966782,2211.164480653708,4354.342469769064,9136.648827096156,19020.784253666905,30703.240096884983
0,300,100,sp_klucb_user,U-coeng~rewired,cal90,86.5,484.4800324966782,2384.760285286058,4736.076437446667,9542.20758940521,19242.046061976085,31664.821094368846
0,300,100,sp_klucb_user,U-coeng~rewired,cal50,87.2,484.4800324966782,2384.760285286058,4736.076437446667,9542.20758940521,19241.473572501185,31549.02834899808
0,300,100,sp_klucb_user,U-coeng~rewired,none,87.2,484.4800324966782,2386.077571441827,4724.5849773776135,9489.213577333605,23487.92649429498,46433.77951723937
1,300,100,ts_ind,-,-,2.7,482.58056497736834,2386.0686513812107,4782.085806597315,9403.410232551769,20969.356638313315,33281.05990064504
1,300,100,ts_one,-,-,5.7,465.3568363657105,2227.911338521808,4342.627706976084,8271.142425882688,19452.30167437112,37790.01616834226
1,300,100,klucb_ind,-,-,43.5,487.05072710849345,2500.3969171775025,4999.892658090823,9706.368298501991,19626.779360117405,32724.36698300745
1,300,100,sp_klucb_user,U-coeng,oracle,88.2,493.5362417745637,2184.747987283743,4368.506058762747,9072.979861434747,19327.95783252469,31034.99653225115
1,300,100,sp_klucb_user,U-coeng,cal90,87.8,493.5362417745637,2373.143177226535,4774.412425674813,9530.654340345982,19626.779360117405,32717.488142253642
1,300,100,sp_klucb_user,U-coeng,cal50,89.6,493.5362417745637,2373.143177226535,4774.412425674813,9530.654340345982,19611.399888582542,32237.77993646126
1,300,100,sp_klucb_user,U-coeng,none,88.3,493.5362417745637,2367.1733515402884,4762.890729340172,9477.773964793509,23478.22053974509,46564.49083877737
1,300,100,sp_klucb_user,U-mf,oracle,89.0,500.9656022065319,2202.2487794824992,4378.078024632472,9060.76414025618,19330.89241636119,31148.702287802786
1,300,100,sp_klucb_user,U-mf,cal90,89.3,500.9656022065319,2371.3722832709027,4771.978067172837,9523.462302625989,19626.779360117405,32718.965199152866
1,300,100,sp_klucb_user,U-mf,cal50,89.9,500.9656022065319,2371.3722832709027,4771.978067172837,9523.462302625989,19615.14348348837,32373.319460038234
1,300,100,sp_klucb_user,U-mf,none,92.0,500.9656022065319,2367.1210939203156,4755.939266911615,9465.549171324634,23485.519010839624,46546.09817074881
1,300,100,sp_klucb_user,U-coauthor,oracle,91.4,499.2169649214484,2204.434035852144,4365.879929870309,9061.097464764805,19241.356207850753,30910.771709241017
1,300,100,sp_klucb_user,U-coauthor,cal90,91.0,499.2169649214484,2383.212867674767,4787.87072059686,9547.05193158355,19625.356837636806,32670.343524792508
1,300,100,sp_klucb_user,U-coauthor,cal50,91.5,499.2169649214484,2383.212867674767,4787.87072059686,9547.05193158355,19602.002308113515,32262.148757136005
1,300,100,sp_klucb_user,U-coauthor,none,90.4,499.2169649214484,2375.528902375605,4771.047384145553,9475.780128937238,23485.824119847064,46495.542635114274
1,300,100,sp_klucb_user,U-geo,oracle,91.9,494.0103406007984,2203.858644845104,4380.1195364011455,9081.116737018596,19183.6659633085,31194.70119079807
1,300,100,sp_klucb_user,U-geo,cal90,92.0,495.63944499526406,2383.2060889495424,4759.120320482843,9514.817666064622,19626.779360117405,32723.720219490395
1,300,100,sp_klucb_user,U-geo,cal50,92.5,495.63944499526406,2383.2060889495424,4759.120320482843,9514.817666064622,19614.497713291566,32335.55068911858
1,300,100,sp_klucb_user,U-geo,none,90.3,495.5933280545869,2386.4640734129007,4776.12756141518,9481.534533916083,23445.985802669667,46400.61544662889
1,300,100,sp_klucb_user,U-coeng~rewired,oracle,93.3,498.63996388274245,2198.9364781145123,4372.0701194120575,9067.230941953772,19353.151068610772,31469.0134465738
1,300,100,sp_klucb_user,U-coeng~rewired,cal90,92.5,498.63996388274245,2382.99143630662,4778.337045526947,9546.943412692513,19626.779360117405,32724.36698300745
1,300,100,sp_klucb_user,U-coeng~rewired,cal50,92.4,498.63996388274245,2382.99143630662,4778.337045526947,9546.943412692513,19626.056732490673,32512.72740637036
1,300,100,sp_klucb_user,U-coeng~rewired,none,91.9,498.63996388274245,2376.947357250261,4768.772194038844,9481.739199126721,23487.31488818364,46542.76064529092
2,300,100,ts_ind,-,-,2.7,498.97973788529634,2471.390100168297,4881.698482757074,9637.55833523774,21396.228170916856,33886.989950973235
2,300,100,ts_one,-,-,6.2,475.6590007063933,2199.4905328493915,3980.9215079187234,7184.319771310762,16226.45475877875,31300.373848255967
2,300,100,klucb_ind,-,-,45.7,516.4684000858106,2573.9476341080663,4930.93401053979,9802.276784408481,19865.204970377075,32994.823213575066
2,300,100,sp_klucb_user,U-coeng,oracle,90.6,493.2849821669515,2268.6904094936326,4464.278386050013,9294.060109573857,19558.43964078964,31806.827654112334
2,300,100,sp_klucb_user,U-coeng,cal90,89.4,493.2849821669515,2428.170846566849,4847.111800127033,9735.93417030028,19865.204970377075,32994.22779612651
2,300,100,sp_klucb_user,U-coeng,cal50,89.0,493.2849821669515,2428.170846566849,4847.111800127033,9735.93417030028,19856.605687011495,32755.39930683019
2,300,100,sp_klucb_user,U-coeng,none,87.6,493.2849821669515,2427.5599388252595,4846.077297719359,9683.588474055403,24017.310350867814,47528.24988889108
2,300,100,sp_klucb_user,U-mf,oracle,87.8,487.5866304724477,2263.4624727710616,4452.989855244294,9297.658960773777,19565.360003350717,31733.44787806222
2,300,100,sp_klucb_user,U-mf,cal90,87.8,487.5866304724477,2442.4322232255836,4875.959709561012,9762.17961265038,19865.204970377075,32992.88837410545
2,300,100,sp_klucb_user,U-mf,cal50,87.9,487.5866304724477,2442.4322232255836,4875.959709561012,9762.17961265038,19855.61155056236,32782.4156963667
2,300,100,sp_klucb_user,U-mf,none,88.0,487.5866304724477,2436.221253900916,4865.066887536272,9702.000260931898,24063.24287326488,47587.65275208216
2,300,100,sp_klucb_user,U-coauthor,oracle,89.0,496.6195733539462,2284.047599856269,4464.930420822333,9307.823148786996,19538.079369219296,31642.704475964707
2,300,100,sp_klucb_user,U-coauthor,cal90,88.2,496.6195733539462,2437.1320986588544,4855.890653183073,9757.750158996634,19865.204970377075,32991.739726918175
2,300,100,sp_klucb_user,U-coauthor,cal50,88.4,496.6195733539462,2437.1320986588544,4855.890653183073,9757.750158996634,19849.60242326015,32542.444020056813
2,300,100,sp_klucb_user,U-coauthor,none,88.0,496.6195733539462,2423.995270713436,4851.447030492971,9696.383356197508,24000.624072653354,47567.99763880379
2,300,100,sp_klucb_user,U-geo,oracle,88.2,496.58134475228144,2291.3383191426983,4466.021384434611,9318.363310154065,19358.023148629414,31708.908702489553
2,300,100,sp_klucb_user,U-geo,cal90,87.9,503.11164579185424,2434.855708383082,4834.531151409621,9735.430629916056,19865.204970377075,32994.823213575066
2,300,100,sp_klucb_user,U-geo,cal50,87.8,503.11164579185424,2434.855708383082,4834.531151409621,9735.430629916056,19852.51371851917,32687.94026251621
2,300,100,sp_klucb_user,U-geo,none,86.8,503.12960079702316,2416.320500203874,4838.871444924549,9668.69349085823,23970.01991648363,47339.30133161385
2,300,100,sp_klucb_user,U-coeng~rewired,oracle,87.6,496.2012092212681,2263.73608043724,4456.013862243486,9295.06006211781,19589.53162865714,32068.823983606086
2,300,100,sp_klucb_user,U-coeng~rewired,cal90,87.1,496.2012092212681,2437.623532173562,4876.327673562511,9758.689560491795,19865.204970377075,32994.823213575066
2,300,100,sp_klucb_user,U-coeng~rewired,cal50,87.8,496.2012092212681,2437.623532173562,4876.327673562511,9758.689560491795,19864.50501862685,32882.94535588986
2,300,100,sp_klucb_user,U-coeng~rewired,none,86.8,496.2012092212681,2420.052464579465,4845.788422318583,9722.10127351564,24093.346760034565,47582.53217216386
3,300,100,ts_ind,-,-,2.6,505.74106399924494,2548.9742170716636,5078.698403709452,9989.501179228188,22520.127230364124,36679.90153501223
3,300,100,ts_one,-,-,6.0,475.20737406634726,1895.6901440466754,3256.7862659418024,5572.50782820821,12329.650005279167,23643.68093037122
3,300,100,klucb_ind,-,-,44.0,473.51054020784795,2527.7517256532446,5107.645284913888,10268.846893612703,21015.589387952692,36145.9396877188
3,300,100,sp_klucb_user,U-coeng,oracle,91.0,505.9695158059476,2323.8861698145556,4660.529791214321,9709.589285716582,20825.650161447753,34739.77377080549
3,300,100,sp_klucb_user,U-coeng,cal90,91.3,505.9695158059476,2519.5998921940336,5039.890200337628,10087.458550514006,21015.589387952692,36144.19541630724
3,300,100,sp_klucb_user,U-coeng,cal50,90.5,505.9695158059476,2519.5998921940336,5039.890200337628,10087.458550514006,21010.27923959132,35440.66480594808
3,300,100,sp_klucb_user,U-coeng,none,90.9,505.9695158059476,2506.469582691614,5008.9435924295685,9969.989087819122,24690.9854870751,48331.438027759985
3,300,100,sp_klucb_user,U-mf,oracle,91.0,506.1830480287317,2315.239658615843,4650.894201108487,9708.879320828586,20814.29882860445,34797.37659647367
3,300,100,sp_klucb_user,U-mf,cal90,90.7,506.1830480287317,2503.616547685866,5015.39209438656,10075.560364847937,21015.589387952692,36142.98258134366
3,300,100,sp_klucb_user,U-mf,cal50,91.1,506.1830480287317,2503.616547685866,5015.39209438656,10075.560364847937,21005.30864058283,35440.17573905799
3,300,100,sp_klucb_user,U-mf,none,85.1,506.1830480287317,2506.998757307061,5021.274239213082,10010.200956818931,24732.947732443332,48374.65466880536
3,300,100,sp_klucb_user,U-coauthor,oracle,85.4,507.9290820225142,2316.6202045307728,4659.495760372898,9721.26843465108,20788.11600878933,34443.0620258859
3,300,100,sp_klucb_user,U-coauthor,cal90,83.5,507.9290820225142,2511.43995868013,5041.2658601030125,10075.851914741623,21015.589387952692,36127.73682800312
3,300,100,sp_klucb_user,U-coauthor,cal50,83.6,507.9290820225142,2511.43995868013,5041.2658601030125,10075.851914741623,20946.577853312243,35232.41534860349
3,300,100,sp_klucb_user,U-coauthor,none,83.2,507.9290820225142,2496.3554933344712,5006.853369162767,9985.52965096786,24720.54125235579,48337.39820700796
3,300,100,sp_klucb_user,U-geo,oracle,83.5,502.6300426145317,2335.321774087497,4671.063221604854,9729.92818349949,20732.64707467646,35042.19566048372
3,300,100,sp_klucb_user,U-geo,cal90,83.4,500.33842553023715,2513.002026741742,5024.890341203078,10088.649865784158,21015.589387952692,36145.9396877188
3,300,100,sp_klucb_user,U-geo,cal50,83.1,500.33842553023715,2513.002026741742,5024.890341203078,10088.649865784158,20995.59255988872,35340.06805197503
3,300,100,sp_klucb_user,U-geo,none,84.2,500.33842553023715,2488.6852365813684,4987.164110119622,9940.774973531887,24530.952352611806,47367.71066968299
3,300,100,sp_klucb_user,U-coeng~rewired,oracle,85.7,500.2119114137022,2307.0720690255403,4633.309711119218,9708.581232528668,20841.43437370896,35089.02983242295
3,300,100,sp_klucb_user,U-coeng~rewired,cal90,85.9,500.2119114137022,2503.9562658566283,5032.136798187159,10097.81179785973,21015.589387952692,36145.9396877188
3,300,100,sp_klucb_user,U-coeng~rewired,cal50,88.3,500.2119114137022,2503.9562658566283,5032.136798187159,10097.81179785973,21013.892603218897,35758.43585460131
3,300,100,sp_klucb_user,U-coeng~rewired,none,87.5,500.2119114137022,2501.072953142575,5013.639782486309,9987.558184123482,24731.638930028705,48426.22820908283
4,300,100,ts_ind,-,-,2.6,447.6009756838903,2283.939807216637,4557.841728797881,8881.057147001105,19862.258387658425,31459.983172205466
4,300,100,ts_one,-,-,5.5,430.5895387381315,2067.618690543459,3912.4165821677307,7379.536481152754,16964.70940755983,32573.334068598226
4,300,100,klucb_ind,-,-,42.1,480.7582300971262,2354.3468587964308,4616.343988938781,9107.311387692986,18570.494941330333,30850.142230025864
4,300,100,sp_klucb_user,U-coeng,oracle,113.9,436.8927050179336,2088.746080817189,4181.866689852206,8631.680711000343,18402.064224706635,29464.678123787882
4,300,100,sp_klucb_user,U-coeng,cal90,114.6,436.8927050179336,2254.1602390853222,4544.0874032271095,9033.126474036937,18570.494941330333,30850.033423456734
4,300,100,sp_klucb_user,U-coeng,cal50,113.5,436.8927050179336,2254.1602390853222,4544.0874032271095,9033.126474036937,18559.72728785761,30594.10396030896
4,300,100,sp_klucb_user,U-coeng,none,111.4,436.8927050179336,2256.037133436359,4542.33346019456,8979.892728467246,22157.323528503133,43988.95816254599
4,300,100,sp_klucb_user,U-mf,oracle,112.5,440.9212140131276,2091.9200353790657,4178.439388478233,8633.078455192328,18425.121784709445,29313.947422506106
4,300,100,sp_klucb_user,U-mf,cal90,109.1,440.9212140131276,2262.579365172074,4559.418356228605,9044.701862089909,18570.494941330333,30849.66860330235
4,300,100,sp_klucb_user,U-mf,cal50,109.5,440.9212140131276,2262.579365172074,4559.418356228605,9044.701862089909,18558.612380497907,30379.12226165578
4,300,100,sp_klucb_user,U-mf,none,90.6,440.9212140131276,2254.5901806481706,4534.291783066612,8983.912239292418,22222.824258776745,44063.70761954426
4,300,100,sp_klucb_user,U-coauthor,oracle,93.0,441.944290493615,2086.577277578981,4175.880477407351,8625.931368588921,18362.3580868118,29198.73283078005
4,300,100,sp_klucb_user,U-coauthor,cal90,93.5,441.944290493615,2263.3494554289937,4557.234889136496,9031.61741701224,18570.494941330333,30847.81523991879
4,300,100,sp_klucb_user,U-coauthor,cal50,93.2,441.944290493615,2263.3494554289937,4557.234889136496,9031.61741701224,18552.087326065455,30499.559018838147
4,300,100,sp_klucb_user,U-coauthor,none,93.2,441.944290493615,2251.099820009069,4542.166291151996,8993.122188028283,22222.0487883748,44094.834336141925
4,300,100,sp_klucb_user,U-geo,oracle,93.7,444.1679195621982,2103.738721411675,4178.640759197297,8635.844827748137,18269.085686133527,29443.911358292033
4,300,100,sp_klucb_user,U-geo,cal90,93.4,443.4797495761886,2268.414305793587,4556.366682870255,9034.68725817086,18570.494941330333,30850.142230025864
4,300,100,sp_klucb_user,U-geo,cal50,91.1,443.4797495761886,2268.414305793587,4556.366682870255,9034.68725817086,18532.625100348894,30608.88478865337
4,300,100,sp_klucb_user,U-geo,none,89.6,443.95356115791947,2269.583547310671,4547.0167829139245,8988.25798201689,22111.81064666128,43897.78689930091
4,300,100,sp_klucb_user,U-coeng~rewired,oracle,90.5,434.6999965450959,2072.042002671631,4155.51311442256,8632.28933845507,18455.658124181748,29879.175697724044
4,300,100,sp_klucb_user,U-coeng~rewired,cal90,89.6,434.6999965450959,2244.9848102702526,4538.565060451743,9030.9654660558,18570.494941330333,30850.142230025864
4,300,100,sp_klucb_user,U-coeng~rewired,cal50,90.0,434.6999965450959,2244.9848102702526,4538.565060451743,9030.9654660558,18569.647281794627,30732.89621971843
4,300,100,sp_klucb_user,U-coeng~rewired,none,89.1,434.6999965450959,2241.311756625888,4524.795584876381,8970.857911757252,22207.985636264588,43988.973605724525
5,300,100,ts_ind,-,-,2.7,553.1354316349025,2708.6833592044422,5389.852846816058,10544.562505573143,23263.00356416875,36700.21715581211
5,300,100,ts_one,-,-,6.1,506.16911633039126,1982.8057956568955,3396.6691333455674,6014.252001025219,13683.457016758126,26367.99435835608
5,300,100,klucb_ind,-,-,44.8,592.8194542826386,2811.1961996108294,5485.162268173473,10853.61157233658,21678.7386536935,36017.34085068778
5,300,100,sp_klucb_user,U-coeng,oracle,89.2,545.5869909811299,2476.241517783201,4914.718244262389,10307.301252725767,21494.88074916078,34694.76543111227
5,300,100,sp_klucb_user,U-coeng,cal90,89.3,545.5869909811299,2675.0582505610655,5366.85577040154,10705.170455723419,21678.7386536935,36016.48909520948
5,300,100,sp_klucb_user,U-coeng,cal50,89.3,545.5869909811299,2675.0582505610655,5366.85577040154,10705.170455723419,21672.173729300186,35537.8164566149
5,300,100,sp_klucb_user,U-coeng,none,88.3,545.5869909811299,2657.297810041404,5315.133065900911,10577.281186198074,26108.560850498718,50757.257897603595
5,300,100,sp_klucb_user,U-mf,oracle,88.4,544.5335959604708,2462.9646268250654,4934.01460060128,10297.475019649544,21508.00509640846,34732.10108635101
5,300,100,sp_klucb_user,U-mf,cal90,89.1,544.5335959604708,2673.727648461936,5352.2858416634845,10701.207854289838,21678.7386536935,36017.2628920816
5,300,100,sp_klucb_user,U-mf,cal50,88.8,544.5335959604708,2673.727648461936,5352.2858416634845,10701.207854289838,21675.344216316626,35441.12973320044
5,300,100,sp_klucb_user,U-mf,none,90.4,544.5335959604708,2653.758846547571,5328.380366119207,10592.787690218065,26013.973389664352,50308.34944944506
5,300,100,sp_klucb_user,U-coauthor,oracle,93.0,542.4297778264154,2482.8581561587634,4929.56005663838,10293.510055066166,21505.768129994314,34684.23870622686
5,300,100,sp_klucb_user,U-coauthor,cal90,93.0,542.4297778264154,2660.664778648934,5338.6982411485515,10687.751972201222,21678.7386536935,36014.74794783428
5,300,100,sp_klucb_user,U-coauthor,cal50,94.0,542.4297778264154,2660.664778648934,5338.6982411485515,10687.751972201222,21672.249145060465,35353.163639275146
5,300,100,sp_klucb_user,U-coauthor,none,92.3,542.4297778264154,2644.0222991360934,5309.444849148509,10593.167781517113,26041.773211146152,50663.46925378414
5,300,100,sp_klucb_user,U-geo,oracle,93.4,532.9237914958503,2469.9545370805427,4923.854573103825,10312.624797451885,21386.141294340712,34883.32115224882
5,300,100,sp_klucb_user,U-geo,cal90,92.2,545.763341933256,2678.1592593077803,5346.510716593068,10680.630105833407,21678.7386536935,36017.157775907974
5,300,100,sp_klucb_user,U-geo,cal50,87.0,545.763341933256,2678.1592593077803,5346.510716593068,10680.630105833407,21672.472572432052,35459.49081439441
5,300,100,sp_klucb_user,U-geo,none,85.8,546.2124460840132,2678.975686505786,5338.167593496037,10586.141309756662,25822.608860681263,48973.75215130688
5,300,100,sp_klucb_user,U-coeng~rewired,oracle,86.5,544.7418745842297,2471.474300926493,4906.211953227699,10282.899036272604,21550.727714212153,35257.23188496987
5,300,100,sp_klucb_user,U-coeng~rewired,cal90,85.3,544.7418745842297,2668.887568201928,5356.9213083370705,10686.554775831442,21678.7386536935,36017.34085068778
5,300,100,sp_klucb_user,U-coeng~rewired,cal50,84.5,544.7418745842297,2668.887568201928,5356.9213083370705,10686.554775831442,21678.7386536935,35930.494451592815
5,300,100,sp_klucb_user,U-coeng~rewired,none,84.3,544.7418745842297,2662.719011763984,5327.478453953605,10600.138838832296,26093.922071863417,50806.706224959846
6,300,100,ts_ind,-,-,2.8,481.54517305316404,2323.434842517803,4647.497140487976,9053.291182820307,20012.201677315432,31731.964326169138
6,300,100,ts_one,-,-,5.5,459.45196402585134,2206.309818853042,4271.253893947345,7849.068059812882,17398.373622143292,33005.971351910965
6,300,100,klucb_ind,-,-,41.7,459.2781284498051,2296.4547513249563,4686.4539351773565,9338.490080018499,18759.570398155774,31101.40145689386
6,300,100,sp_klucb_user,U-coeng,oracle,83.1,479.34509796928614,2170.369322967541,4286.913502162031,8769.670526809234,18533.33486399302,29851.63971075826
6,300,100,sp_klucb_user,U-coeng,cal90,83.9,478.96070255246013,2331.2847863603383,4647.200839776458,9198.96043802859,18759.570398155774,31100.433569274348
6,300,100,sp_klucb_user,U-coeng,cal50,83.9,478.96070255246013,2331.2847863603383,4647.200839776458,9198.96043802859,18751.124897563655,30809.667545519187
6,300,100,sp_klucb_user,U-coeng,none,83.7,478.96070255246013,2318.2415358396247,4630.227325993765,9151.72235225627,22656.695726544305,44803.96237558231
6,300,100,sp_klucb_user,U-mf,oracle,83.9,478.45149496686645,2176.109661041817,4305.805963622581,8777.783468165144,18560.039557128766,29836.694475419907
6,300,100,sp_klucb_user,U-mf,cal90,83.4,478.45149496686645,2324.4808999885863,4659.088807960012,9196.739551354869,18759.570398155774,31097.437188566633
6,300,100,sp_klucb_user,U-mf,cal50,83.6,478.45149496686645,2324.4808999885863,4659.088807960012,9196.739551354869,18752.707596151333,31017.85736798303
6,300,100,sp_klucb_user,U-mf,none,82.6,478.45149496686645,2321.5879670159193,4630.370723321219,9162.643995281425,22682.442468391033,44841.5592963731
6,300,100,sp_klucb_user,U-coauthor,oracle,82.9,477.7708311271854,2184.7740032435395,4290.3616109201685,8780.668456141546,18532.08860943184,29821.218298237975
6,300,100,sp_klucb_user,U-coauthor,cal90,83.2,477.7708311271854,2324.903465278854,4661.885541409545,9218.677385823801,18759.570398155774,31097.867247316957
6,300,100,sp_klucb_user,U-coauthor,cal50,82.9,477.7708311271854,2324.903465278854,4661.885541409545,9218.677385823801,18748.581388616643,30969.088482693303
6,300,100,sp_klucb_user,U-coauthor,none,82.4,477.7708311271854,2320.3146036097314,4630.873647730623,9154.718746109633,22639.222449699242,44710.14505505591
6,300,100,sp_klucb_user,U-geo,oracle,82.2,473.2838779980084,2178.2242571763927,4305.487427907414,8798.366915629886,18372.518819694465,29899.305539913767
6,300,100,sp_klucb_user,U-geo,cal90,82.8,473.40974448563065,2321.0490629014093,4637.326344063913,9187.648766122584,18759.570398155774,31101.40145689386
6,300,100,sp_klucb_user,U-geo,cal50,82.2,473.40974448563065,2321.0490629014093,4637.326344063913,9187.648766122584,18742.19761134073,30703.94947230158
6,300,100,sp_klucb_user,U-geo,none,81.7,472.6679434174439,2303.3171990130795,4615.289756081824,9126.539854266099,22549.168327534455,44529.789796271594
6,300,100,sp_klucb_user,U-coeng~rewired,oracle,82.7,480.2973919287324,2175.241551521234,4273.23512938834,8780.852464242256,18577.651471494843,30157.913187444647
6,300,100,sp_klucb_user,U-coeng~rewired,cal90,83.0,480.2973919287324,2335.7963671106554,4662.638551798853,9214.459048060613,18759.570398155774,31101.40145689386
6,300,100,sp_klucb_user,U-coeng~rewired,cal50,83.2,480.2973919287324,2335.7963671106554,4662.638551798853,9214.459048060613,18759.930221766408,30918.37252735402
6,300,100,sp_klucb_user,U-coeng~rewired,none,81.6,480.2973919287324,2319.0340475350386,4641.0617111042375,9175.311698612175,22703.86675312242,44791.8770489053
7,300,100,ts_ind,-,-,2.5,539.9969488936476,2741.5442177345394,5477.527952027216,10726.481115056125,23842.97539076781,37285.43583581649
7,300,100,ts_one,-,-,5.5,518.2269520931877,2177.6968029020354,3891.459648330987,6954.2234176013735,15644.604598955826,29970.406373060418
7,300,100,klucb_ind,-,-,41.8,516.4333081857767,2736.0643165342663,5583.88217747043,11104.638786515385,22160.492500679295,36584.86254044494
7,300,100,sp_klucb_user,U-coeng,oracle,81.8,544.9834953438258,2485.168240807985,4976.653856054449,10388.867551528712,21867.775531916723,35048.1096018521
7,300,100,sp_klucb_user,U-coeng,cal90,81.6,544.9834953438258,2714.9728159217557,5446.724989316826,10857.939215520937,22160.492500679295,36584.50165768585
7,300,100,sp_klucb_user,U-coeng,cal50,81.4,544.9834953438258,2714.9728159217557,5446.724989316826,10857.939215520937,22158.754496705445,35902.75674288365
7,300,100,sp_klucb_user,U-coeng,none,81.7,544.9834953438258,2701.2290573103746,5421.364713659623,10756.18406435585,26497.344616979994,51792.1893857683
7,300,100,sp_klucb_user,U-mf,oracle,82.4,551.0680531836115,2475.107140895154,4969.699398877274,10392.59946968486,21919.699244319072,34895.44702672861
7,300,100,sp_klucb_user,U-mf,cal90,82.2,551.0680531836115,2705.9519430727814,5451.354985085196,10867.328814386407,22160.492500679295,36582.078915895545
7,300,100,sp_klucb_user,U-mf,cal50,82.0,551.0680531836115,2705.9519430727814,5451.354985085196,10867.328814386407,22152.486422032776,35758.840775526085
7,300,100,sp_klucb_user,U-mf,none,81.5,551.0680531836115,2694.4917330347234,5412.030951775878,10755.41800759146,26541.064940100936,51823.87819156733
7,300,100,sp_klucb_user,U-coauthor,oracle,82.2,546.72422546905,2474.8400358514973,4982.152386626674,10392.391146534103,21835.366194077043,34839.17144223352
7,300,100,sp_klucb_user,U-coauthor,cal90,82.6,546.72422546905,2705.2904765442127,5453.356903599246,10862.030777929545,22160.492500679295,36580.272691310034
7,300,100,sp_klucb_user,U-coauthor,cal50,82.9,546.72422546905,2705.2904765442127,5453.356903599246,10862.030777929545,22146.353143813747,35917.61047117779
7,300,100,sp_klucb_user,U-coauthor,none,82.4,546.72422546905,2684.5356528214525,5425.26942524868,10742.938409675913,26478.173916155727,51593.492228640156
7,300,100,sp_klucb_user,U-geo,oracle,83.0,544.3916431353427,2486.9875735992446,4969.49888912749,10394.329849779117,21705.586731465144,35136.23325931172
7,300,100,sp_klucb_user,U-geo,cal90,82.6,544.1207246338017,2709.025753653643,5445.94571262357,10856.96047304329,22160.492500679295,36584.86254044494
7,300,100,sp_klucb_user,U-geo,cal50,77.8,544.1207246338017,2709.025753653643,5445.94571262357,10856.96047304329,22157.33292834154,36260.66917895491
7,300,100,sp_klucb_user,U-geo,none,75.6,542.8891085204668,2702.8413164478607,5423.231886419975,10737.980166097563,26362.299174641306,51042.50998983279
7,300,100,sp_klucb_user,U-coeng~rewired,oracle,76.0,555.7622106794734,2479.183744454349,4962.645891062395,10387.85025410911,21926.62361006308,35583.559868069984
7,300,100,sp_klucb_user,U-coeng~rewired,cal90,73.9,555.7622106794734,2697.253724536262,5452.241985407876,10844.418103523572,22160.492500679295,36584.86254044494
7,300,100,sp_klucb_user,U-coeng~rewired,cal50,72.7,555.7622106794734,2697.253724536262,5452.241985407876,10844.418103523572,22160.492500679295,36531.84280115203
7,300,100,sp_klucb_user,U-coeng~rewired,none,69.8,555.7622106794734,2690.090262568323,5422.165518866503,10745.946760702995,26547.118350547316,51796.85178222234
