user,graph,gap1,gap10,energy,energy_to_gap10,quotient,rejectable_oracle,valid_oracle,rejectable_energy,valid_energy,rejectable_none,valid_none
0,I-mf,0.1588076949119568,0.47052666544914246,4.2746785648701815,4.394075260739068,0.8958871375119981,0.7368421052631579,True,0.2631578947368421,True,1.0,False
0,I-coeng,0.1588076949119568,0.47052666544914246,6.041736833883563,5.223921733715961,1.2662272111384187,0.7894736842105263,True,0.10526315789473684,True,1.0,False
0,I-coauthor,0.1588076949119568,0.47052666544914246,3.4077613318215443,3.9232893986753856,0.7141986230214701,1.0,True,0.9473684210526315,True,1.0,False
0,I-tag,0.1588076949119568,0.47052666544914246,5.048114617675229,4.775076821751109,1.0579838661620822,0.7368421052631579,True,0.2631578947368421,True,1.0,False
0,I-cat,0.1588076949119568,0.47052666544914246,4.171069717642173,4.340497234971685,0.8741727952157518,0.7894736842105263,True,0.3157894736842105,True,1.0,False
0,I-mf~rewired,0.1588076949119568,0.47052666544914246,4.592939251628611,4.554713980604719,0.96258821253219,0.631578947368421,True,0.0,True,1.0,False
4,I-mf,0.0,0.3727678060531616,8.78963191999065,7.953292350169128,1.0144520852214833,0.5263157894736842,True,0.2631578947368421,True,0.8947368421052632,False
4,I-coeng,0.0,0.3727678060531616,9.001982292485492,8.048791540391175,1.0389604241526065,0.5263157894736842,True,0.21052631578947367,True,0.8947368421052632,False
4,I-coauthor,0.0,0.3727678060531616,3.974450244004988,5.34810757817058,0.45870969050137217,0.8947368421052632,True,0.631578947368421,True,0.8947368421052632,False
4,I-tag,0.0,0.3727678060531616,8.430254823097012,7.78900447833797,0.9729747118066268,0.5789473684210527,True,0.21052631578947367,True,0.8947368421052632,False
4,I-cat,0.0,0.3727678060531616,9.873991862406076,8.42961975560349,1.139603082979663,0.6842105263157895,True,0.3157894736842105,True,0.8947368421052632,False
4,I-mf~rewired,0.0,0.3727678060531616,9.461439106839237,8.251638655476516,1.0919884607795227,0.42105263157894735,True,0.0,True,0.8947368421052632,False
6,I-mf,0.02865135669708252,0.1504945158958435,4.815596227318219,14.58157239827374,0.8832191248570106,0.3157894736842105,True,0.10526315789473684,True,1.0,False
6,I-coeng,0.02865135669708252,0.1504945158958435,5.210131161989571,15.167138549135325,0.9555800088009715,0.47368421052631576,True,0.05263157894736842,True,1.0,False
6,I-coauthor,0.02865135669708252,0.1504945158958435,3.741056883534612,12.8521705957117,0.6861399566623992,0.8947368421052632,True,0.8947368421052632,True,1.0,False
6,I-tag,0.02865135669708252,0.1504945158958435,5.927705392968826,16.17791805378207,1.0871889009066094,0.3157894736842105,True,0.21052631578947367,True,1.0,False
6,I-cat,0.02865135669708252,0.1504945158958435,5.007451893187881,14.869203955786782,0.9184069988625163,0.3684210526315789,True,0.10526315789473684,True,1.0,False
6,I-mf~rewired,0.02865135669708252,0.1504945158958435,4.896076657950255,14.702914447405158,0.8979798838898599,0.2631578947368421,True,0.0,True,1.0,False
9,I-mf,0.20262157917022705,0.3365963101387024,5.461832376137612,6.943202519221548,0.9003983578183866,0.5263157894736842,True,0.05263157894736842,True,1.0,False
9,I-coeng,0.20262157917022705,0.3365963101387024,6.6320146338010915,7.650915176724929,1.09330617896494,0.6842105263157895,True,0.10526315789473684,True,1.0,False
9,I-coauthor,0.20262157917022705,0.3365963101387024,2.9149043609048326,5.072275149717548,0.4805301442832559,0.9473684210526315,True,0.9473684210526315,True,1.0,False
9,I-tag,0.20262157917022705,0.3365963101387024,5.348229633883015,6.8706159334237435,0.8816706277224224,0.5263157894736842,True,0.05263157894736842,True,1.0,False
9,I-cat,0.20262157917022705,0.3365963101387024,5.849814310884095,7.185577693017324,0.9643582659318559,0.3684210526315789,True,0.21052631578947367,True,1.0,False
9,I-mf~rewired,0.20262157917022705,0.3365963101387024,5.9877594305162,7.26980598910047,0.9870989050859345,0.3684210526315789,True,0.0,True,1.0,False
10,I-mf,0.21139395236968994,0.45812374353408813,4.990901538039426,4.876482838344848,0.7875478851511803,0.5789473684210527,True,0.2631578947368421,True,1.0,False
10,I-coeng,0.21139395236968994,0.45812374353408813,7.904614513382648,6.137020116172618,1.2473222313648964,0.8421052631578947,True,0.10526315789473684,True,1.0,False
10,I-coauthor,0.21139395236968994,0.45812374353408813,2.9299875463128444,3.7363718062132647,0.4623424201080178,0.8947368421052632,True,0.8421052631578947,True,1.0,False
10,I-tag,0.21139395236968994,0.45812374353408813,6.154551384381456,5.415211209820388,0.9711680124084218,0.6842105263157895,True,0.2631578947368421,True,1.0,False
10,I-cat,0.21139395236968994,0.45812374353408813,4.792927636559975,4.778786577208479,0.756308253145433,0.7368421052631579,True,0.3684210526315789,True,1.0,False
10,I-mf~rewired,0.21139395236968994,0.45812374353408813,6.331654763600426,5.492572681178541,0.9991143444876993,0.5263157894736842,True,0.0,True,1.0,False
11,I-mf,0.0,0.2987092137336731,12.024811312821551,11.608885200112477,1.103272829981149,0.47368421052631576,True,0.21052631578947367,True,0.8947368421052632,False
11,I-coeng,0.0,0.2987092137336731,12.183971468300456,11.685460130010787,1.1178757264913186,0.5263157894736842,True,0.05263157894736842,True,0.8421052631578947,False
11,I-coauthor,0.0,0.2987092137336731,13.328843692988977,12.222150264413374,1.2229174095946636,0.8421052631578947,True,0.6842105263157895,True,0.9473684210526315,False
11,I-tag,0.0,0.2987092137336731,13.303157470399633,12.210367836940716,1.2205607063790833,0.5789473684210527,True,0.2631578947368421,True,0.8947368421052632,False
11,I-cat,0.0,0.2987092137336731,10.659782809605417,10.93013583925178,0.9780318743794245,0.631578947368421,True,0.3157894736842105,True,0.8421052631578947,False
11,I-mf~rewired,0.0,0.2987092137336731,11.959192477934687,11.577167297402445,1.0972523215688044,0.42105263157894735,True,0.0,True,0.8421052631578947,False
13,I-mf,0.27291780710220337,0.454652339220047,2.1692480534602026,3.2394790696381364,0.6908775540957088,0.8947368421052632,True,0.2631578947368421,True,1.0,False
13,I-coeng,0.27291780710220337,0.454652339220047,2.7757801627795553,3.664486313309187,0.8840502157001063,0.8421052631578947,True,0.3157894736842105,True,1.0,False
13,I-coauthor,0.27291780710220337,0.454652339220047,2.5952115369454116,3.543292065250459,0.8265414350128426,0.9473684210526315,True,0.9473684210526315,True,1.0,False
13,I-tag,0.27291780710220337,0.454652339220047,3.348739464691669,4.024957048516481,1.0665303707335556,0.7368421052631579,True,0.3684210526315789,True,1.0,False
13,I-cat,0.27291780710220337,0.454652339220047,2.9597746627446706,3.7839892516638836,0.9426500931554275,0.7894736842105263,True,0.42105263157894735,True,1.0,False
13,I-mf~rewired,0.27291780710220337,0.454652339220047,2.7827675846550965,3.66909568736419,0.886275619533987,0.7894736842105263,True,0.10526315789473684,True,1.0,False
14,I-mf,0.12179219722747803,0.1784229576587677,1.1931065843802946,6.121937436324081,0.7044680441308655,0.3684210526315789,True,0.0,True,1.0,False
14,I-coeng,0.12179219722747803,0.1784229576587677,1.1219848359163986,5.9366679605375365,0.6624743113902555,0.6842105263157895,True,0.05263157894736842,True,1.0,False
14,I-coauthor,0.12179219722747803,0.1784229576587677,1.4324628693221269,6.707967541844193,0.8457956137804656,0.42105263157894735,True,0.10526315789473684,True,1.0,False
14,I-tag,0.12179219722747803,0.1784229576587677,1.5847203861948427,7.055464128571349,0.9356958427455552,0.42105263157894735,True,0.05263157894736842,True,1.0,False
14,I-cat,0.12179219722747803,0.1784229576587677,1.4043236799798051,6.64175536568108,0.8291808704382271,0.5789473684210527,True,0.15789473684210525,True,1.0,False
14,I-mf~rewired,0.12179219722747803,0.1784229576587677,1.6155582437253437,7.1237812581494655,0.9539040107869562,0.10526315789473684,True,0.0,True,1.0,False
15,I-mf,0.04492223262786865,0.21819958090782166,2.5727327074710074,7.350949204903184,0.8399769207013945,0.2631578947368421,True,0.05263157894736842,True,1.0,False
15,I-coeng,0.04492223262786865,0.21819958090782166,3.934035446893868,9.09002802665251,1.284431519456354,0.5789473684210527,True,0.0,True,1.0,False
15,I-coauthor,0.04492223262786865,0.21819958090782166,1.9120959217533355,6.337251246426737,0.6242842250094732,0.8947368421052632,True,0.6842105263157895,True,1.0,False
15,I-tag,0.04492223262786865,0.21819958090782166,2.914101238398217,7.823451698837737,0.9514310514006009,0.3684210526315789,True,0.0,True,1.0,False
15,I-cat,0.04492223262786865,0.21819958090782166,2.6617281433994404,7.47700956423536,0.8690332280319476,0.42105263157894735,True,0.15789473684210525,True,1.0,False
15,I-mf~rewired,0.04492223262786865,0.21819958090782166,2.899145739250443,7.803350453022322,0.9465481989825397,0.2631578947368421,True,0.0,True,1.0,False
16,I-mf,0.0023040771484375,0.13376426696777344,1.270890514062728,8.42779484388697,0.8208618787217042,0.3157894736842105,True,0.05263157894736842,True,1.0,False
16,I-coeng,0.0023040771484375,0.13376426696777344,1.2476365809939867,8.35033571282652,0.8058422787048191,0.5789473684210527,True,0.10526315789473684,True,1.0,False
16,I-coauthor,0.0023040771484375,0.13376426696777344,0.7824452258771422,6.612822392651913,0.5053774900381685,1.0,True,0.8947368421052632,True,1.0,False
16,I-tag,0.0023040771484375,0.13376426696777344,1.3674958224744445,8.742243326104965,0.8832587682097134,0.15789473684210525,True,0.10526315789473684,True,1.0,False
16,I-cat,0.0023040771484375,0.13376426696777344,1.0651076792146912,7.715367974225112,0.6879477664886655,0.21052631578947367,True,0.05263157894736842,True,1.0,False
16,I-mf~rewired,0.0023040771484375,0.13376426696777344,1.4704145585711816,9.065249949092108,0.9497334693214262,0.10526315789473684,True,0.0,True,1.0,False
17,I-mf,0.1723114252090454,0.2514987885951996,1.6156673202487863,5.054056269367249,0.8079517350713199,0.5789473684210527,True,0.15789473684210525,True,1.0,False
17,I-coeng,0.1723114252090454,0.2514987885951996,1.6685257992257678,5.136065641547101,0.8343848375222049,0.7368421052631579,True,0.10526315789473684,True,1.0,False
17,I-coauthor,0.1723114252090454,0.2514987885951996,1.8768481045260696,5.447267032845015,0.9385612146216182,0.631578947368421,True,0.2631578947368421,True,1.0,False
17,I-tag,0.1723114252090454,0.2514987885951996,2.1502612426242793,5.830552577775265,1.0752877650377815,0.6842105263157895,True,0.2631578947368421,True,1.0,False
17,I-cat,0.1723114252090454,0.2514987885951996,1.5554046577188567,4.958905133137744,0.7778159997371568,0.631578947368421,True,0.2631578947368421,True,1.0,False
17,I-mf~rewired,0.1723114252090454,0.2514987885951996,2.0222380193835416,5.654318109496146,1.011266797323432,0.42105263157894735,True,0.05263157894736842,True,1.0,False
23,I-mf,0.15345865488052368,0.3166567385196686,1.6613995912240143,4.070505213289133,0.719968432716397,0.7894736842105263,True,0.3157894736842105,True,1.0,False
23,I-coeng,0.15345865488052368,0.3166567385196686,2.5810898230374866,5.073560282364264,1.118516703873426,0.8421052631578947,True,0.2631578947368421,True,1.0,False
23,I-coauthor,0.15345865488052368,0.3166567385196686,0.8301948802519719,2.8774069685988675,0.359765411007373,1.0,True,0.9473684210526315,True,1.0,False
23,I-tag,0.15345865488052368,0.3166567385196686,2.0745234468882954,4.548523465263117,0.8989958843008983,0.7368421052631579,True,0.2631578947368421,True,1.0,False
23,I-cat,0.15345865488052368,0.3166567385196686,1.8076615488540915,4.2459006291264085,0.7833511330355764,0.8947368421052632,True,0.42105263157894735,True,1.0,False
23,I-mf~rewired,0.15345865488052368,0.3166567385196686,2.0989806124780035,4.575256843065248,0.9095944105502847,0.6842105263157895,True,0.0,True,1.0,False
28,I-mf,0.4681416153907776,0.6534333229064941,2.260599968910872,2.3009680078744936,0.8062438526070165,0.9473684210526315,True,0.5789473684210527,True,1.0,False
28,I-coeng,0.4681416153907776,0.6534333229064941,3.732576483520526,2.956671530220985,1.3312248454439346,1.0,True,0.42105263157894735,True,1.0,False
28,I-coauthor,0.4681416153907776,0.6534333229064941,2.5010310216271914,2.420239033888572,0.8919936804820291,0.9473684210526315,True,0.8947368421052632,True,1.0,False
28,I-tag,0.4681416153907776,0.6534333229064941,1.8764842902878018,2.096385697980502,0.6692488473699653,0.9473684210526315,True,0.5263157894736842,True,1.0,False
28,I-cat,0.4681416153907776,0.6534333229064941,1.9360572394861288,2.1294027876127872,0.6904955627257837,1.0,True,0.6842105263157895,True,1.0,False
28,I-mf~rewired,0.4681416153907776,0.6534333229064941,2.452604009782144,2.3966931725891865,0.8747221679910299,0.9473684210526315,True,0.15789473684210525,True,1.0,False
29,I-mf,0.1216924786567688,0.5804234147071838,4.0876743210618205,3.4833187661158025,0.8991156363423833,0.8421052631578947,True,0.3157894736842105,True,1.0,False
29,I-coeng,0.1216924786567688,0.5804234147071838,9.90422582621292,5.42207278512346,2.178511203872257,0.8947368421052632,True,0.21052631578947367,True,1.0,False
29,I-coauthor,0.1216924786567688,0.5804234147071838,0.986853424271049,1.7115177295055253,0.21706605635588871,0.9473684210526315,True,0.8947368421052632,True,1.0,False
29,I-tag,0.1216924786567688,0.5804234147071838,4.774107041657606,3.7644466982433205,1.0501018314031467,0.8421052631578947,True,0.5263157894736842,True,1.0,False
29,I-cat,0.1216924786567688,0.5804234147071838,5.143524127194171,3.90737835870304,1.13135798144097,0.8421052631578947,True,0.3157894736842105,True,1.0,False
29,I-mf~rewired,0.1216924786567688,0.5804234147071838,4.711518255512137,3.7396892438230833,1.0363349429812572,0.8421052631578947,True,0.0,True,1.0,False
30,I-mf,0.08343273401260376,0.21696919202804565,2.6023912507157494,7.435124127708836,0.8909372801617852,0.3157894736842105,True,0.0,True,1.0,False
30,I-coeng,0.08343273401260376,0.21696919202804565,2.710742810738042,7.588327841212708,0.9280317962769148,0.5789473684210527,True,0.05263157894736842,True,1.0,False
30,I-coauthor,0.08343273401260376,0.21696919202804565,2.688907651937298,7.557703881184498,0.9205564572061717,0.47368421052631576,True,0.2631578947368421,True,1.0,False
30,I-tag,0.08343273401260376,0.21696919202804565,2.8316172740600756,7.755667911015699,0.9694135698912894,0.47368421052631576,True,0.15789473684210525,True,1.0,False
30,I-cat,0.08343273401260376,0.21696919202804565,3.0081144173935344,7.993723164446011,1.0298379525795527,0.47368421052631576,True,0.21052631578947367,True,1.0,False
30,I-mf~rewired,0.08343273401260376,0.21696919202804565,2.786952042582648,7.694256782431698,0.954122279682966,0.2631578947368421,True,0.0,True,1.0,False
32,I-mf,0.09258431196212769,0.27858975529670715,1.5118175158393932,4.413514365376617,0.7009192363351004,0.6842105263157895,True,0.21052631578947367,True,1.0,False
32,I-coeng,0.09258431196212769,0.27858975529670715,2.2372881165996796,5.369029819799511,1.037266906699363,0.7894736842105263,True,0.15789473684210525,True,1.0,False
32,I-coauthor,0.09258431196212769,0.27858975529670715,1.07122101365742,3.7151332902623766,0.49664685517417695,0.6842105263157895,True,0.3157894736842105,True,1.0,False
32,I-tag,0.09258431196212769,0.27858975529670715,1.8552862239508363,4.8892283127998555,0.8601605614766538,0.7368421052631579,True,0.2631578947368421,True,1.0,False
32,I-cat,0.09258431196212769,0.27858975529670715,1.4024556757608992,4.250885726631113,0.6502161477487379,0.7368421052631579,True,0.2631578947368421,True,1.0,False
32,I-mf~rewired,0.09258431196212769,0.27858975529670715,2.0172131627521845,5.098128229945223,0.9352342427229682,0.5789473684210527,True,0.0,True,1.0,False
33,I-mf,0.3205026388168335,0.5729585587978363,5.124925382283631,3.951123112512155,1.0479597633137243,0.8947368421052632,True,0.15789473684210525,True,1.0,False
33,I-coeng,0.3205026388168335,0.5729585587978363,7.017605862378833,4.62350439867945,1.4349806153256732,0.8421052631578947,True,0.10526315789473684,True,1.0,False
33,I-coauthor,0.3205026388168335,0.5729585587978363,9.701360481762558,5.436171006051111,1.9837626259758006,0.8421052631578947,True,0.8421052631578947,True,1.0,False
33,I-tag,0.3205026388168335,0.5729585587978363,5.011637153553002,3.9072086060084383,1.0247942542553505,0.9473684210526315,True,0.3157894736842105,True,1.0,False
33,I-cat,0.3205026388168335,0.5729585587978363,4.9684569315935345,3.890339954747677,1.0159646359079486,0.9473684210526315,True,0.3684210526315789,True,1.0,False
33,I-mf~rewired,0.3205026388168335,0.5729585587978363,5.507615889834808,4.095987389212254,1.126213439962776,0.8421052631578947,True,0.0,True,1.0,False
35,I-mf,0.18326008319854736,0.4457826018333435,1.8872798988645383,3.081733238160162,0.730510803050211,0.8947368421052632,True,0.3157894736842105,True,1.0,False
35,I-coeng,0.18326008319854736,0.4457826018333435,3.0211542450940376,3.899090672295878,1.169400370898884,0.8947368421052632,True,0.3684210526315789,True,1.0,False
35,I-coauthor,0.18326008319854736,0.4457826018333435,1.7650125444387197,2.9802368716236294,0.683184689248985,0.8947368421052632,True,0.5789473684210527,True,1.0,False
35,I-tag,0.18326008319854736,0.4457826018333435,2.391667262359192,3.4691834409604887,0.9257443866731482,0.8947368421052632,True,0.3684210526315789,True,1.0,False
35,I-cat,0.18326008319854736,0.4457826018333435,1.6802946225980209,2.9078339587563957,0.6503928616277467,0.8947368421052632,True,0.5263157894736842,True,1.0,False
35,I-mf~rewired,0.18326008319854736,0.4457826018333435,2.2939391416409576,3.3975654469716443,0.8879166919102159,0.8421052631578947,True,0.05263157894736842,True,1.0,False
36,I-mf,0.0,0.4110959768295288,11.024310901176204,8.076672993631853,0.9312633603787682,0.47368421052631576,True,0.05263157894736842,True,0.9473684210526315,False
36,I-coeng,0.0,0.4110959768295288,19.1635567122126,10.648656832837002,1.61881485206664,0.631578947368421,True,0.10526315789473684,True,1.0,False
36,I-coauthor,0.0,0.4110959768295288,10.639475860141479,7.934451140910777,0.8987549544821908,0.7894736842105263,True,0.6842105263157895,True,0.9473684210526315,False
36,I-tag,0.0,0.4110959768295288,12.689223948390758,8.665114473655441,1.0719045789534418,0.6842105263157895,True,0.21052631578947367,True,0.9473684210526315,False
36,I-cat,0.0,0.4110959768295288,11.74113829536702,8.33512035400055,0.9918163594650395,0.5789473684210527,True,0.15789473684210525,True,0.9473684210526315,False
36,I-mf~rewired,0.0,0.4110959768295288,11.654390386485453,8.304271779183106,0.9844884502782386,0.47368421052631576,True,0.05263157894736842,True,0.9473684210526315,False
37,I-mf,0.12236392498016357,0.27481961250305176,2.1424789351768108,5.326115221088796,0.8095375180092156,0.5263157894736842,True,0.10526315789473684,True,1.0,False
37,I-coeng,0.12236392498016357,0.27481961250305176,3.2576883133685537,6.567605259888264,1.2309203457509683,0.631578947368421,True,0.2631578947368421,True,1.0,False
37,I-coauthor,0.12236392498016357,0.27481961250305176,1.694451324192858,4.736601256524962,0.6402498978414982,0.8947368421052632,True,0.7894736842105263,True,1.0,False
37,I-tag,0.12236392498016357,0.27481961250305176,2.5779735469243734,5.842402929663038,0.9740895335796343,0.6842105263157895,True,0.47368421052631576,True,1.0,False
37,I-cat,0.12236392498016357,0.27481961250305176,2.1859430478895203,5.379868972009048,0.8259604705760821,0.6842105263157895,True,0.3684210526315789,True,1.0,False
37,I-mf~rewired,0.12236392498016357,0.27481961250305176,2.4010468799696936,5.638357344985432,0.9072376395028721,0.47368421052631576,True,0.0,True,1.0,False
38,I-mf,0.24764347076416016,0.4241795539855957,2.0704288275919955,3.3921919707033674,0.8087167379059664,0.7368421052631579,True,0.42105263157894735,True,1.0,False
38,I-coeng,0.24764347076416016,0.4241795539855957,3.733391134731876,4.555142994231204,1.4582756284933258,0.7894736842105263,True,0.3684210526315789,True,1.0,False
38,I-coauthor,0.24764347076416016,0.4241795539855957,2.092288516988517,3.410052416455223,0.8172552090018085,0.8947368421052632,True,0.8947368421052632,True,1.0,False
38,I-tag,0.24764347076416016,0.4241795539855957,2.7531764376427055,3.911715770291053,1.075400341155193,0.7368421052631579,True,0.3684210526315789,True,1.0,False
38,I-cat,0.24764347076416016,0.4241795539855957,2.067225086780913,3.389566449100241,0.8074653455454534,0.7368421052631579,True,0.5263157894736842,True,1.0,False
38,I-mf~rewired,0.24764347076416016,0.4241795539855957,2.4698808765948055,3.7050005148121046,0.9647441046593174,0.631578947368421,True,0.0,True,1.0,False
42,I-mf,0.0,0.6014761924743652,4.231007089819437,3.419821471238702,0.8830606905665669,0.7894736842105263,True,0.631578947368421,True,0.9473684210526315,False
42,I-coeng,0.0,0.6014761924743652,3.954333411957256,3.306116859768184,0.8253156563825197,0.7894736842105263,True,0.3684210526315789,True,0.8947368421052632,False
42,I-coauthor,0.0,0.6014761924743652,2.1171572638981297,2.4191239304347194,0.44187549578785795,0.9473684210526315,True,0.9473684210526315,True,1.0,False
42,I-tag,0.0,0.6014761924743652,4.690174698556331,3.600609872246184,0.9788943436541832,0.7368421052631579,True,0.42105263157894735,True,0.8947368421052632,False
42,I-cat,0.0,0.6014761924743652,4.150497064533899,3.3871280364465433,0.866257306167319,0.7894736842105263,True,0.47368421052631576,True,0.8947368421052632,False
42,I-mf~rewired,0.0,0.6014761924743652,4.650449812010755,3.585329207385246,0.9706032949745383,0.7894736842105263,True,0.10526315789473684,True,0.9473684210526315,False
43,I-mf,0.22522848844528198,0.30082499980926514,7.165966601198676,8.898636460916766,0.7510285124580557,0.631578947368421,True,0.2631578947368421,True,1.0,False
43,I-coeng,0.22522848844528198,0.30082499980926514,9.735935973242952,10.372296656951441,1.0203739311523485,0.631578947368421,True,0.10526315789473684,True,1.0,False
43,I-coauthor,0.22522848844528198,0.30082499980926514,6.314298487104098,8.353118237164221,0.6617695091116801,0.8421052631578947,True,0.3684210526315789,True,1.0,False
43,I-tag,0.22522848844528198,0.30082499980926514,10.413051893040642,10.72692122321121,1.0913390068090314,0.5263157894736842,True,0.21052631578947367,True,1.0,False
43,I-cat,0.22522848844528198,0.30082499980926514,12.153336593779393,11.58867645549969,1.2737293949850956,0.42105263157894735,True,0.15789473684210525,True,1.0,False
43,I-mf~rewired,0.22522848844528198,0.30082499980926514,9.083293599852466,10.0186164606499,0.9519738034190485,0.3157894736842105,True,0.0,True,1.0,False
44,I-mf,0.32851797342300415,0.5405469536781311,3.0842457007378905,3.248935277909931,0.7770255394273522,0.8947368421052632,True,0.3157894736842105,True,1.0,False
44,I-coeng,0.32851797342300415,0.5405469536781311,3.8077074026231554,3.6099265037709882,0.9592899482025471,0.8947368421052632,True,0.3157894736842105,True,1.0,False
44,I-coauthor,0.32851797342300415,0.5405469536781311,2.365529280718489,2.845317532243113,0.595956627236841,0.9473684210526315,True,0.7894736842105263,True,1.0,False
44,I-tag,0.32851797342300415,0.5405469536781311,3.633636394182613,3.5264465787103907,0.915435588869302,0.8947368421052632,True,0.3684210526315789,True,1.0,False
44,I-cat,0.32851797342300415,0.5405469536781311,3.406224171285742,3.414311879093132,0.8581427781420183,0.8947368421052632,True,0.42105263157894735,True,1.0,False
44,I-mf~rewired,0.32851797342300415,0.5405469536781311,3.8427999059950517,3.6265232117782173,0.9681309336518841,0.8947368421052632,True,0.0,True,1.0,False
45,I-mf,0.02976912260055542,0.09659010171890259,1.1194689925731103,10.954017010293501,0.7423471072487972,0.10526315789473684,True,0.05263157894736842,True,1.0,False
45,I-coeng,0.02976912260055542,0.09659010171890259,1.4651172521922045,12.531514695766901,0.9715548721410063,0.42105263157894735,True,0.10526315789473684,True,1.0,False
45,I-coauthor,0.02976912260055542,0.09659010171890259,0.7080158553654192,8.711418306839713,0.4695025280769232,0.42105263157894735,True,0.3157894736842105,True,1.0,False
45,I-tag,0.02976912260055542,0.09659010171890259,1.3987053515589372,12.24420225484498,0.9275155261215311,0.21052631578947367,True,0.05263157894736842,True,1.0,False
45,I-cat,0.02976912260055542,0.09659010171890259,1.4797045420832076,12.593744554517858,0.9812280587366401,0.2631578947368421,True,0.10526315789473684,True,1.0,False
45,I-mf~rewired,0.02976912260055542,0.09659010171890259,1.5489211014823556,12.884928850395982,1.0271272421750026,0.05263157894736842,True,0.0,True,1.0,False
50,I-mf,0.21859830617904663,0.5435838103294373,4.341640728243551,3.8331907171893556,0.9123504950737711,0.7368421052631579,True,0.21052631578947367,True,1.0,False
50,I-coeng,0.21859830617904663,0.5435838103294373,4.891584923269987,4.068724511708638,1.0279155291244582,0.7368421052631579,True,0.3157894736842105,True,1.0,False
50,I-coauthor,0.21859830617904663,0.5435838103294373,3.708402374205221,3.5426391003239335,0.7792820626610555,0.7894736842105263,True,0.42105263157894735,True,1.0,False
50,I-tag,0.21859830617904663,0.5435838103294373,4.0492757260783,3.7018785073489204,0.850913040626539,0.7368421052631579,True,0.42105263157894735,True,1.0,False
50,I-cat,0.21859830617904663,0.5435838103294373,4.085205369125351,3.7182658118347036,0.8584632801957772,0.7368421052631579,True,0.3684210526315789,True,1.0,False
50,I-mf~rewired,0.21859830617904663,0.5435838103294373,4.39182222095649,3.8552794405264685,0.9228956121357056,0.6842105263157895,True,0.05263157894736842,True,1.0,False
51,I-mf,0.11036008596420288,0.3099827170372009,1.0370022518752753,3.2851285544213837,0.753763019552522,0.8421052631578947,True,0.21052631578947367,True,1.0,False
51,I-coeng,0.11036008596420288,0.3099827170372009,0.9676540544038961,3.173383649207335,0.7033560829889567,0.8421052631578947,True,0.3157894736842105,True,1.0,False
51,I-coauthor,0.11036008596420288,0.3099827170372009,1.073651093216065,3.3426746263986753,0.7804018636458495,0.9473684210526315,True,0.8421052631578947,True,1.0,False
51,I-tag,0.11036008596420288,0.3099827170372009,1.267854024770912,3.6324291000003255,0.9215616227785031,0.7894736842105263,True,0.3157894736842105,True,1.0,False
51,I-cat,0.11036008596420288,0.3099827170372009,1.2120333493269946,3.551565300971618,0.8809873995306936,0.8421052631578947,True,0.3157894736842105,True,1.0,False
51,I-mf~rewired,0.11036008596420288,0.3099827170372009,1.3089129234384118,3.6907777794822128,0.9514059933024333,0.7368421052631579,True,0.0,True,1.0,False
53,I-mf,0.4779204726219177,0.6556181609630585,2.7780473290254903,2.542253447694271,0.918313116305005,1.0,True,0.42105263157894735,True,1.0,False
53,I-coeng,0.4779204726219177,0.6556181609630585,6.766794205775713,3.967715363589359,2.2368358557376933,1.0,True,0.3157894736842105,True,1.0,False
53,I-coauthor,0.4779204726219177,0.6556181609630585,1.1756034013892345,1.6537864973477672,0.3886082183658167,0.9473684210526315,True,0.47368421052631576,True,1.0,False
53,I-tag,0.4779204726219177,0.6556181609630585,3.5956361809459256,2.8922570987393086,1.1885758143586986,0.9473684210526315,True,0.631578947368421,True,1.0,False
53,I-cat,0.4779204726219177,0.6556181609630585,5.304304993105134,3.5128796283342156,1.7533944786172069,0.9473684210526315,True,0.6842105263157895,True,1.0,False
53,I-mf~rewired,0.4779204726219177,0.6556181609630585,2.8928021120774594,2.5942294649641493,0.956246531381963,0.9473684210526315,True,0.21052631578947367,True,1.0,False
54,I-mf,0.04545700550079346,0.23909440636634827,2.0125664780532073,5.933428337838122,0.7866172418584443,0.3684210526315789,True,0.05263157894736842,True,1.0,False
54,I-coeng,0.04545700550079346,0.23909440636634827,1.8767920223218277,5.729789384626428,0.7335494157533602,0.631578947368421,True,0.0,True,1.0,False
54,I-coauthor,0.04545700550079346,0.23909440636634827,1.8020381374488759,5.614519222714302,0.7043316505872396,0.8947368421052632,True,0.8947368421052632,True,1.0,False
54,I-tag,0.04545700550079346,0.23909440636634827,2.3684063536098976,6.436632190177183,0.9256982533460338,0.47368421052631576,True,0.21052631578947367,True,1.0,False
54,I-cat,0.04545700550079346,0.23909440636634827,2.652406524639903,6.811623386732739,1.0367005152137003,0.42105263157894735,True,0.10526315789473684,True,1.0,False
54,I-mf~rewired,0.04545700550079346,0.23909440636634827,2.3008065888975633,6.344109061508031,0.8992766960716956,0.42105263157894735,True,0.0,True,1.0,False
55,I-mf,0.0,0.5708521008491516,6.334760469050191,4.409014176918141,0.9320692409916896,0.7894736842105263,True,0.21052631578947367,True,0.9473684210526315,False
55,I-coeng,0.0,0.5708521008491516,6.059490662941186,4.312155928241852,0.8915672329834186,0.6842105263157895,True,0.10526315789473684,True,0.9473684210526315,False
55,I-coauthor,0.0,0.5708521008491516,7.852208910830202,4.9087658788864985,1.1553400377777883,0.9473684210526315,True,0.7894736842105263,True,0.9473684210526315,False
55,I-tag,0.0,0.5708521008491516,6.80369106009828,4.569289647273958,1.0010656588059705,0.7368421052631579,True,0.3684210526315789,True,0.9473684210526315,False
55,I-cat,0.0,0.5708521008491516,6.141888856252043,4.341375718598784,0.9036909465592615,0.7894736842105263,True,0.47368421052631576,True,1.0,False
55,I-mf~rewired,0.0,0.5708521008491516,6.8959531763162145,4.600166471675223,1.014640707311069,0.6842105263157895,True,0.05263157894736842,True,0.9473684210526315,False
56,I-mf,0.012273609638214111,0.2529871463775635,1.9994562690912314,5.589301004600944,0.7854144480346307,0.47368421052631576,True,0.21052631578947367,True,1.0,False
56,I-coeng,0.012273609638214111,0.2529871463775635,2.4267531753247606,6.157640739910578,0.9532626620437562,0.6842105263157895,True,0.15789473684210525,True,1.0,False
56,I-coauthor,0.012273609638214111,0.2529871463775635,1.17887311085431,4.291756510156386,0.46307788171097963,0.9473684210526315,True,0.9473684210526315,True,1.0,False
56,I-tag,0.012273609638214111,0.2529871463775635,2.530236610735762,6.287559550133631,0.9939124059568852,0.5789473684210527,True,0.2631578947368421,True,1.0,False
56,I-cat,0.012273609638214111,0.2529871463775635,2.528376392867742,6.285247833293478,0.9931816863044374,0.5263157894736842,True,0.15789473684210525,True,1.0,False
56,I-mf~rewired,0.012273609638214111,0.2529871463775635,2.267392874834771,5.952027545474075,0.8906637023251393,0.5789473684210527,True,0.0,True,1.0,False
59,I-mf,0.0,0.5219182372093201,6.467551533514877,4.872675346044805,1.0284521568664424,0.7368421052631579,True,0.2631578947368421,True,0.8421052631578947,False
59,I-coeng,0.0,0.5219182372093201,11.344972478895372,6.453558494595458,1.8040461456005399,0.8421052631578947,True,0.3157894736842105,True,0.8947368421052632,False
59,I-coauthor,0.0,0.5219182372093201,10.746119205671176,6.280921338695752,1.7088181544044283,0.8947368421052632,True,0.8947368421052632,True,0.9473684210526315,False
59,I-tag,0.0,0.5219182372093201,5.367453007738295,4.438964306586191,0.8535175319565972,0.7894736842105263,True,0.5263157894736842,True,0.8421052631578947,False
59,I-cat,0.0,0.5219182372093201,7.807654884994511,5.353746847156022,1.2415516853527906,0.7894736842105263,True,0.631578947368421,True,0.8421052631578947,False
59,I-mf~rewired,0.0,0.5219182372093201,7.063048606970341,5.092061320935464,1.123146454457928,0.631578947368421,True,0.0,True,0.8421052631578947,False
60,I-mf,0.29929119348526,0.5801666676998138,3.822596044457847,3.36997306217661,0.8526938398925971,0.7894736842105263,True,0.2631578947368421,True,1.0,False
60,I-coeng,0.29929119348526,0.5801666676998138,8.56611093986468,5.044743316730182,1.9108139979502208,0.8947368421052632,True,0.21052631578947367,True,1.0,False
60,I-coauthor,0.29929119348526,0.5801666676998138,2.5633609817184,2.7596379651181686,0.5718004448053897,0.8947368421052632,True,0.7368421052631579,True,1.0,False
60,I-tag,0.29929119348526,0.5801666676998138,5.040951939821417,3.8699335223873286,1.1244684544976538,0.7894736842105263,True,0.5263157894736842,True,1.0,False
60,I-cat,0.29929119348526,0.5801666676998138,5.117575938061815,3.899234677299109,1.1415607160203582,0.7894736842105263,True,0.5789473684210527,True,1.0,False
60,I-mf~rewired,0.29929119348526,0.5801666676998138,4.47450475677823,3.646025597651756,0.9981129573465171,0.7894736842105263,True,0.05263157894736842,True,1.0,False
62,I-mf,0.14391934871673584,0.32694846391677856,1.9786965011971205,4.30239511361565,0.7802548793712188,0.8421052631578947,True,0.2631578947368421,True,1.0,False
62,I-coeng,0.14391934871673584,0.32694846391677856,2.7580317886364476,5.079492605758876,1.0875683861787637,0.8421052631578947,True,0.15789473684210525,True,1.0,False
62,I-coauthor,0.14391934871673584,0.32694846391677856,3.2375633549169485,5.50338424987395,1.2766609752526905,0.8947368421052632,True,0.631578947368421,True,1.0,False
62,I-tag,0.14391934871673584,0.32694846391677856,2.459522294926379,4.79673891456438,0.969857818203837,0.7368421052631579,True,0.2631578947368421,True,1.0,False
62,I-cat,0.14391934871673584,0.32694846391677856,2.383355264633315,4.721881571425113,0.9398230468291349,0.7368421052631579,True,0.3684210526315789,True,1.0,False
62,I-mf~rewired,0.14391934871673584,0.32694846391677856,2.5580398192850415,4.891863711679105,1.0087060089384512,0.6842105263157895,True,0.0,True,1.0,False
63,I-mf,0.09606251120567322,0.27550116181373596,1.8548960131688956,4.943520611382245,0.8739801805345787,0.631578947368421,True,0.15789473684210525,True,1.0,False
63,I-coeng,0.09606251120567322,0.27550116181373596,2.2999870814809835,5.504771085938571,1.0836958570339636,0.6842105263157895,True,0.15789473684210525,True,1.0,False
63,I-coauthor,0.09606251120567322,0.27550116181373596,3.9978913829528073,7.257583826810891,1.883705505766582,0.7894736842105263,True,0.631578947368421,True,1.0,False
63,I-tag,0.09606251120567322,0.27550116181373596,2.1334967056126217,5.301790390539037,1.0052497944376495,0.7894736842105263,True,0.3157894736842105,True,1.0,False
63,I-cat,0.09606251120567322,0.27550116181373596,1.5096188756765092,4.459747020960347,0.7112943087565031,0.7894736842105263,True,0.3157894736842105,True,1.0,False
63,I-mf~rewired,0.09606251120567322,0.27550116181373596,2.1138565518391506,5.277330842921123,0.995995849731962,0.631578947368421,True,0.0,True,1.0,False
66,I-mf,0.49800002574920654,0.6518854796886444,2.7361229931719135,2.5374441983534703,0.96019845158975,1.0,True,0.5263157894736842,True,1.0,False
66,I-coeng,0.49800002574920654,0.6518854796886444,2.6325037855402904,2.488932935446061,0.923834953687377,1.0,True,0.47368421052631576,True,1.0,False
66,I-coauthor,0.49800002574920654,0.6518854796886444,0.9990611562435692,1.533291504466372,0.35060447854957477,1.0,True,0.9473684210526315,True,1.0,False
66,I-tag,0.49800002574920654,0.6518854796886444,2.197503566745149,2.2740158467376497,0.7711786083510569,1.0,True,0.631578947368421,True,1.0,False
66,I-cat,0.49800002574920654,0.6518854796886444,1.7213482337211563,2.0126259202558967,0.6040795361869743,1.0,True,0.5789473684210527,True,1.0,False
66,I-mf~rewired,0.49800002574920654,0.6518854796886444,2.924629639336068,2.6233976849856186,1.026351833660987,1.0,True,0.05263157894736842,True,1.0,False
67,I-mf,0.31075000762939453,0.5609920620918274,4.139161208431067,3.6265983071614425,0.9378490384663464,0.7894736842105263,True,0.21052631578947367,True,1.0,False
67,I-coeng,0.31075000762939453,0.5609920620918274,5.506420424917948,4.182904676240885,1.2476419353713006,0.8421052631578947,True,0.2631578947368421,True,1.0,False
67,I-coauthor,0.31075000762939453,0.5609920620918274,1.5514489349792628,2.2203018800617507,0.3515265095102349,1.0,True,1.0,True,1.0,False
67,I-tag,0.31075000762939453,0.5609920620918274,4.048699132156693,3.5867494150902126,0.9173521872978583,0.7894736842105263,True,0.3157894736842105,True,1.0,False
67,I-cat,0.31075000762939453,0.5609920620918274,4.785551719939881,3.8995032890562955,1.0843078713471501,0.7894736842105263,True,0.42105263157894735,True,1.0,False
67,I-mf~rewired,0.31075000762939453,0.5609920620918274,4.236725067571601,3.6690905090801187,0.9599550079795991,0.8421052631578947,True,0.0,True,1.0,False
68,I-mf,0.13598036766052246,0.39047756791114807,3.6591514193342056,4.898849540160548,0.8939988385248476,0.6842105263157895,True,0.21052631578947367,True,1.0,False
68,I-coeng,0.13598036766052246,0.39047756791114807,3.908218599881343,5.062829873185395,0.9548505892742917,0.8421052631578947,True,0.05263157894736842,True,1.0,False
68,I-coauthor,0.13598036766052246,0.39047756791114807,3.2114225588603187,4.589365401433556,0.7846103395622825,0.7894736842105263,True,0.7368421052631579,True,1.0,False
68,I-tag,0.13598036766052246,0.39047756791114807,4.396537107595227,5.369814482544764,1.0741558949852623,0.7894736842105263,True,0.3157894736842105,True,1.0,False
68,I-cat,0.13598036766052246,0.39047756791114807,4.4230600160015605,5.38598731827573,1.0806359354624824,0.7894736842105263,True,0.2631578947368421,True,1.0,False
68,I-mf~rewired,0.13598036766052246,0.39047756791114807,4.20360001794272,5.250668535128563,1.0270177707889452,0.631578947368421,True,0.0,True,1.0,False
69,I-mf,0.37012404203414917,0.5629937648773193,4.6801538633660345,3.8426115201126225,0.9871926741466049,0.8421052631578947,True,0.21052631578947367,True,1.0,False
69,I-coeng,0.37012404203414917,0.5629937648773193,7.612223178971732,4.900632899329968,1.605658953880027,0.8421052631578947,True,0.3157894736842105,True,1.0,False
69,I-coauthor,0.37012404203414917,0.5629937648773193,4.844011584566244,3.9093000175671024,1.0217554570579481,0.9473684210526315,True,0.8947368421052632,True,1.0,False
69,I-tag,0.37012404203414917,0.5629937648773193,5.186377136861065,4.045092544601727,1.09397119503852,0.8947368421052632,True,0.3157894736842105,True,1.0,False
69,I-cat,0.37012404203414917,0.5629937648773193,4.4501219762360265,3.746988605415759,0.9386716638498325,0.9473684210526315,True,0.3157894736842105,True,1.0,False
69,I-mf~rewired,0.37012404203414917,0.5629937648773193,5.310545963939089,4.093228609560673,1.1201623331992303,0.8421052631578947,True,0.05263157894736842,True,1.0,False
70,I-mf,0.0,0.04880177974700928,13.221755734230072,74.50902908671293,0.9481459680933363,0.2631578947368421,True,0.15789473684210525,True,0.6842105263157895,False
70,I-coeng,0.0,0.04880177974700928,16.51303812921634,83.26794205526068,1.184167279891117,0.3684210526315789,True,0.10526315789473684,True,0.7368421052631579,False
70,I-coauthor,0.0,0.04880177974700928,18.12754323536474,87.24364748421671,1.2999451340302328,0.5789473684210527,True,0.5789473684210527,True,0.7894736842105263,False
70,I-tag,0.0,0.04880177974700928,13.393388155130097,74.99107290549964,0.9604539089705947,0.47368421052631576,True,0.3684210526315789,True,0.7894736842105263,False
70,I-cat,0.0,0.04880177974700928,16.3868100878545,82.94907545081938,1.1751153346817753,0.3684210526315789,True,0.21052631578947367,True,0.7894736842105263,False
70,I-mf~rewired,0.0,0.04880177974700928,14.311535852286946,77.51887492059566,1.0262952431074592,0.2631578947368421,True,0.0,True,0.6842105263157895,False
71,I-mf,0.03723442554473877,0.10494795441627502,4.990170834452108,21.285493752292705,0.9143787424610688,0.0,True,0.0,True,1.0,False
71,I-coeng,0.03723442554473877,0.10494795441627502,5.078184782812391,21.472384328737288,0.9305060627654337,0.21052631578947367,True,0.05263157894736842,True,1.0,False
71,I-coauthor,0.03723442554473877,0.10494795441627502,4.619401456178869,20.479477657008655,0.8464404595654332,0.21052631578947367,True,0.15789473684210525,True,1.0,False
71,I-tag,0.03723442554473877,0.10494795441627502,5.480225575942614,22.306181909902694,1.00417439337697,0.10526315789473684,True,0.05263157894736842,True,1.0,False
71,I-cat,0.03723442554473877,0.10494795441627502,5.354651304983527,22.049138193523135,0.9811646713104824,0.10526315789473684,True,0.05263157894736842,True,1.0,False
71,I-mf~rewired,0.03723442554473877,0.10494795441627502,5.321468703382766,21.980713122329707,0.9750844254572114,0.0,True,0.0,True,1.0,False
72,I-mf,0.0,0.0,16.510553204036956,inf,0.9419482763489158,0.21052631578947367,True,0.05263157894736842,True,0.5789473684210527,False
72,I-coeng,0.0,0.0,20.55325950707701,inf,1.1725898658143967,0.3157894736842105,True,0.10526315789473684,True,0.7368421052631579,False
72,I-coauthor,0.0,0.0,20.948542482067403,inf,1.1951412674761677,0.631578947368421,True,0.5263157894736842,True,0.7894736842105263,False
72,I-tag,0.0,0.0,19.263840514607622,inf,1.0990268553907896,0.42105263157894735,True,0.21052631578947367,True,0.6842105263157895,False
72,I-cat,0.0,0.0,17.88065044950835,inf,1.0201140847778318,0.3157894736842105,True,0.15789473684210525,True,0.6842105263157895,False
72,I-mf~rewired,0.0,0.0,18.248410086113044,inf,1.0410952446172121,0.05263157894736842,True,0.0,True,0.5789473684210527,False
74,I-mf,0.0,0.05820035934448242,10.793049218450127,56.4477210121994,0.8620625358064895,0.3157894736842105,True,0.15789473684210525,True,0.7368421052631579,False
74,I-coeng,0.0,0.05820035934448242,17.01782924810632,70.88044162269327,1.3592482289866774,0.2631578947368421,True,0.10526315789473684,True,0.6842105263157895,False
74,I-coauthor,0.0,0.05820035934448242,19.19983442340948,75.28753457188051,1.5335293683100502,0.5789473684210527,True,0.5789473684210527,True,0.7894736842105263,False
74,I-tag,0.0,0.05820035934448242,12.905752609054243,61.725696882590455,1.030808402284868,0.47368421052631576,True,0.21052631578947367,True,0.7368421052631579,False
74,I-cat,0.0,0.05820035934448242,13.448271733995073,63.00972320365984,1.0741404952925164,0.42105263157894735,True,0.2631578947368421,True,0.7368421052631579,False
74,I-mf~rewired,0.0,0.05820035934448242,11.240757174941201,57.60658322188524,0.8978218702134588,0.21052631578947367,True,0.0,True,0.7368421052631579,False
76,I-mf,0.20175844430923462,0.35779911279678345,1.7597038475910738,3.707494645357132,0.708490800902212,0.8947368421052632,True,0.15789473684210525,True,1.0,False
76,I-coeng,0.20175844430923462,0.35779911279678345,1.7518838644075085,3.6992475679505024,0.705342324437635,0.8947368421052632,True,0.05263157894736842,True,1.0,False
76,I-coauthor,0.20175844430923462,0.35779911279678345,2.1246793018601418,4.073872513580676,0.8554369772481483,0.8947368421052632,True,0.5263157894736842,True,1.0,False
76,I-tag,0.20175844430923462,0.35779911279678345,2.3489837621273084,4.28351949675568,0.9457462908966761,0.8421052631578947,True,0.2631578947368421,True,1.0,False
76,I-cat,0.20175844430923462,0.35779911279678345,3.1357539770008107,4.949162704251432,1.2625151951783857,0.7894736842105263,True,0.15789473684210525,True,1.0,False
76,I-mf~rewired,0.20175844430923462,0.35779911279678345,2.2280575301655547,4.171804429417039,0.897059051251236,0.7894736842105263,True,0.05263157894736842,True,1.0,False
78,I-mf,0.004982978105545044,0.0759272575378418,2.037137508067345,18.798035219653986,0.7817563389901122,0.10526315789473684,True,0.0,True,1.0,False
78,I-coeng,0.004982978105545044,0.0759272575378418,1.9701031146302805,18.486162451576746,0.7560317318920381,0.15789473684210525,True,0.0,True,1.0,False
78,I-coauthor,0.004982978105545044,0.0759272575378418,1.5817636476740704,16.56429977187143,0.6070055425597948,0.8421052631578947,True,0.8421052631578947,True,1.0,False
78,I-tag,0.004982978105545044,0.0759272575378418,2.647240827041535,21.42885728290639,1.0158849312712828,0.2631578947368421,True,0.10526315789473684,True,1.0,False
78,I-cat,0.004982978105545044,0.0759272575378418,2.149326535469603,19.30872008178919,0.8248091437171023,0.21052631578947367,True,0.0,True,1.0,False
78,I-mf~rewired,0.004982978105545044,0.0759272575378418,2.4040337034162165,20.420791088518385,0.922553622104028,0.0,True,0.0,True,1.0,False
79,I-mf,0.050458312034606934,0.2096967101097107,1.0876476302604872,4.973389716391302,0.652393430690631,0.6842105263157895,True,0.05263157894736842,True,1.0,False
79,I-coeng,0.050458312034606934,0.2096967101097107,1.4421328620451412,5.726786858321877,0.8650209674580006,0.6842105263157895,True,0.05263157894736842,True,1.0,False
79,I-coauthor,0.050458312034606934,0.2096967101097107,0.4614562146425487,3.2394675403252293,0.2767909335784275,0.5789473684210527,True,0.3157894736842105,True,1.0,False
79,I-tag,0.050458312034606934,0.2096967101097107,1.403737198018584,5.650036940881609,0.8419904580531014,0.6842105263157895,True,0.10526315789473684,True,1.0,False
79,I-cat,0.050458312034606934,0.2096967101097107,1.139260623985997,5.0900251317390275,0.6833519664406102,0.6842105263157895,True,0.10526315789473684,True,1.0,False
79,I-mf~rewired,0.050458312034606934,0.2096967101097107,1.5340417254787697,5.906455948637689,0.9201497950838937,0.631578947368421,True,0.0,True,1.0,False
81,I-mf,0.04255115985870361,0.23805490136146545,1.3419258737571775,4.866168416385282,0.7516371597263174,0.7368421052631579,True,0.10526315789473684,True,1.0,False
81,I-coeng,0.04255115985870361,0.23805490136146545,1.3343013734365445,4.852324524208686,0.7473665380195553,0.8947368421052632,True,0.10526315789473684,True,1.0,False
81,I-coauthor,0.04255115985870361,0.23805490136146545,0.9330773909839496,4.057716542369554,0.5226336667914383,1.0,True,0.7368421052631579,True,1.0,False
81,I-tag,0.04255115985870361,0.23805490136146545,1.6304867210113732,5.363910285440195,0.9132653538612866,0.6842105263157895,True,0.15789473684210525,True,1.0,False
81,I-cat,0.04255115985870361,0.23805490136146545,1.8815203635761342,5.7620541301212755,1.0538738761225328,0.7368421052631579,True,0.15789473684210525,True,1.0,False
81,I-mf~rewired,0.04255115985870361,0.23805490136146545,1.6494552028445524,5.395020942684547,0.9238899465368065,0.5789473684210527,True,0.0,True,1.0,False
82,I-mf,0.07947677373886108,0.35718247294425964,4.2674005209012345,5.78351096328525,0.8270740017127244,0.7368421052631579,True,0.21052631578947367,True,1.0,False
82,I-coeng,0.07947677373886108,0.35718247294425964,4.4791689793195655,5.92527598601953,0.8681172985588319,0.7368421052631579,True,0.15789473684210525,True,1.0,False
82,I-coauthor,0.07947677373886108,0.35718247294425964,5.704169544603473,6.68661122414942,1.1055372723033492,0.8947368421052632,True,0.8947368421052632,True,1.0,False
82,I-tag,0.07947677373886108,0.35718247294425964,5.277637925124331,6.431757419701254,1.0228702689012126,0.6842105263157895,True,0.2631578947368421,True,1.0,False
82,I-cat,0.07947677373886108,0.35718247294425964,4.545386199046732,5.968913080388308,0.8809509992236273,0.6842105263157895,True,0.21052631578947367,True,1.0,False
82,I-mf~rewired,0.07947677373886108,0.35718247294425964,4.9370696883068685,6.220774933908821,0.9568640121410951,0.47368421052631576,True,0.0,True,1.0,False
83,I-mf,0.0,0.4230152368545532,7.21986059501396,6.351969370610886,0.898554405157884,0.5789473684210527,True,0.15789473684210525,True,0.8421052631578947,False
83,I-coeng,0.0,0.4230152368545532,6.910423051606402,6.214358546850924,0.860043070473373,0.631578947368421,True,0.10526315789473684,True,0.8947368421052632,False
83,I-coauthor,0.0,0.4230152368545532,6.1299787847398415,5.852931952647693,0.762912159876919,0.8421052631578947,True,0.7894736842105263,True,0.8947368421052632,False
83,I-tag,0.0,0.4230152368545532,8.302448664718433,6.811567876915558,1.0332889012333508,0.47368421052631576,True,0.3157894736842105,True,0.8421052631578947,False
83,I-cat,0.0,0.4230152368545532,10.396862657145117,7.622459801318059,1.2939511251575884,0.5789473684210527,True,0.2631578947368421,True,0.8421052631578947,False
83,I-mf~rewired,0.0,0.4230152368545532,7.987555972894711,6.681145756481533,0.9940986410244994,0.2631578947368421,True,0.05263157894736842,True,0.8421052631578947,False
84,I-mf,0.4551123380661011,0.6761034429073334,2.58995813237241,2.38030837312588,0.8686970759787362,0.9473684210526315,True,0.5789473684210527,True,1.0,False
84,I-coeng,0.4551123380661011,0.6761034429073334,4.12135069492148,3.0026633155964615,1.3823409934745712,0.9473684210526315,True,0.3157894736842105,True,1.0,False
84,I-coauthor,0.4551123380661011,0.6761034429073334,1.3658073225661023,1.7285485052716798,0.45810502209806253,0.9473684210526315,True,0.15789473684210525,True,1.0,False
84,I-tag,0.4551123380661011,0.6761034429073334,3.192021395981679,2.6425289226240527,1.0706349336276193,0.9473684210526315,True,0.5263157894736842,True,1.0,False
84,I-cat,0.4551123380661011,0.6761034429073334,3.381526052365225,2.7198391534158817,1.1341966332655773,0.9473684210526315,True,0.6842105263157895,True,1.0,False
84,I-mf~rewired,0.4551123380661011,0.6761034429073334,2.813108879706396,2.4807335678453257,0.9435440008338248,0.9473684210526315,True,0.10526315789473684,True,1.0,False
86,I-mf,0.0233309268951416,0.09347200393676758,0.9340287155629776,10.339476740205821,0.7395483347391185,0.0,True,0.0,True,1.0,False
86,I-coeng,0.0233309268951416,0.09347200393676758,1.0555585575905237,10.991567009789195,0.8357736335923847,0.5789473684210527,True,0.05263157894736842,True,1.0,False
86,I-coauthor,0.0233309268951416,0.09347200393676758,0.6852652035402851,8.85620755746373,0.5425815413259748,0.8421052631578947,True,0.7894736842105263,True,1.0,False
86,I-tag,0.0233309268951416,0.09347200393676758,1.023797515705356,10.82493960769822,0.8106257711719049,0.3684210526315789,True,0.10526315789473684,True,1.0,False
86,I-cat,0.0233309268951416,0.09347200393676758,0.8743965003675924,10.003976244712625,0.6923325428584904,0.3684210526315789,True,0.15789473684210525,True,1.0,False
86,I-mf~rewired,0.0233309268951416,0.09347200393676758,1.235723387378518,11.892662096122502,0.9784251363012262,0.10526315789473684,True,0.0,True,1.0,False
89,I-mf,0.025727808475494385,0.4136047661304474,2.127238109963859,3.5263264751895522,0.8215733762409891,0.7894736842105263,True,0.21052631578947367,True,1.0,False
89,I-coeng,0.025727808475494385,0.4136047661304474,1.9687248562414634,3.3923993990748964,0.7603530227555649,0.8421052631578947,True,0.21052631578947367,True,1.0,False
89,I-coauthor,0.025727808475494385,0.4136047661304474,4.756191394766366,5.272834336491156,1.8369171762877687,0.7368421052631579,True,0.15789473684210525,True,1.0,False
89,I-tag,0.025727808475494385,0.4136047661304474,2.6895025116486537,3.965066198379097,1.0387288797403809,0.8421052631578947,True,0.47368421052631576,True,1.0,False
89,I-cat,0.025727808475494385,0.4136047661304474,2.9555245276743376,4.1565379426154845,1.1414708364761827,0.8421052631578947,True,0.5263157894736842,True,1.0,False
89,I-mf~rewired,0.025727808475494385,0.4136047661304474,2.426276385762722,3.7660371607163903,0.9370667404876131,0.7894736842105263,True,0.0,True,1.0,False
91,I-mf,0.0,0.18813246488571167,12.13752503041033,18.51830887746981,0.9477849005215583,0.10526315789473684,True,0.05263157894736842,True,0.6842105263157895,False
91,I-coeng,0.0,0.18813246488571167,13.29751545080234,19.383022781817832,1.0383652620402881,0.3157894736842105,True,0.10526315789473684,True,0.7368421052631579,False
91,I-coauthor,0.0,0.18813246488571167,22.391675211918372,25.152406743668873,1.74850240144235,0.7368421052631579,True,0.7368421052631579,True,0.8947368421052632,False
91,I-tag,0.0,0.18813246488571167,12.616477215957403,18.880144256786856,0.9851849181030642,0.47368421052631576,True,0.21052631578947367,True,0.7894736842105263,False
91,I-cat,0.0,0.18813246488571167,12.397446896161068,18.715540879262292,0.9680814617279586,0.47368421052631576,True,0.21052631578947367,True,0.7894736842105263,False
91,I-mf~rewired,0.0,0.18813246488571167,12.803556941713893,19.019608494262616,0.999793443220126,0.2631578947368421,True,0.0,True,0.7368421052631579,False
96,I-mf,0.07395046949386597,0.21827811002731323,2.0902450003814472,6.623513287566082,0.7206092837643077,0.42105263157894735,True,0.10526315789473684,True,1.0,False
96,I-coeng,0.07395046949386597,0.21827811002731323,2.9779748901576344,7.905882055443898,1.026653025015236,0.6842105263157895,True,0.10526315789473684,True,1.0,False
96,I-coauthor,0.07395046949386597,0.21827811002731323,2.0322062557435214,6.53091012391904,0.7006005009678016,0.8421052631578947,True,0.7368421052631579,True,1.0,False
96,I-tag,0.07395046949386597,0.21827811002731323,2.545526942925541,7.309348421755018,0.8775671496927758,0.47368421052631576,True,0.10526315789473684,True,1.0,False
96,I-cat,0.07395046949386597,0.21827811002731323,2.4490828733243473,7.1695443545017685,0.8443181803585836,0.47368421052631576,True,0.2631578947368421,True,1.0,False
96,I-mf~rewired,0.07395046949386597,0.21827811002731323,2.7032522791856612,7.532395307589673,0.9319427571326445,0.42105263157894735,True,0.0,True,1.0,False
97,I-mf,0.2627653479576111,0.6164892613887787,2.7291607235030693,2.679717671512601,0.8276250019230671,0.8947368421052632,True,0.3684210526315789,True,1.0,False
97,I-coeng,0.2627653479576111,0.6164892613887787,3.0528203257699067,2.8341648418389593,0.9257756079469887,0.9473684210526315,True,0.42105263157894735,True,1.0,False
97,I-coauthor,0.2627653479576111,0.6164892613887787,2.494305521661796,2.561824106650154,0.7564045585092267,0.9473684210526315,True,0.7368421052631579,True,1.0,False
97,I-tag,0.2627653479576111,0.6164892613887787,2.821203463115749,2.724530588411995,0.8555371992124852,0.8947368421052632,True,0.5263157894736842,True,1.0,False
97,I-cat,0.2627653479576111,0.6164892613887787,3.4677886558219493,3.020652697750556,1.0516158202876187,0.9473684210526315,True,0.6842105263157895,True,1.0,False
97,I-mf~rewired,0.2627653479576111,0.6164892613887787,3.302791612780834,2.9479157707696975,1.0015800430289878,0.8947368421052632,True,0.05263157894736842,True,1.0,False
99,I-mf,0.0,0.3708738088607788,8.782085814071438,7.990476411058525,0.9420770982988782,0.3684210526315789,True,0.2631578947368421,True,0.8421052631578947,False
99,I-coeng,0.0,0.3708738088607788,9.7918336003906,8.437345780601538,1.0503953594373743,0.5789473684210527,True,0.10526315789473684,True,0.9473684210526315,False
99,I-coauthor,0.0,0.3708738088607788,9.539250282070618,8.327812859926338,1.0233000924769533,0.7368421052631579,True,0.42105263157894735,True,0.8947368421052632,False
99,I-tag,0.0,0.3708738088607788,11.014166198402016,8.948487756978647,1.1815181441004023,0.47368421052631576,True,0.21052631578947367,True,0.8421052631578947,False
99,I-cat,0.0,0.3708738088607788,11.049544080215007,8.96284766079387,1.1853132211410915,0.5789473684210527,True,0.42105263157894735,True,0.8947368421052632,False
99,I-mf~rewired,0.0,0.3708738088607788,9.446798389933694,8.28735912411604,1.0133825384788997,0.47368421052631576,True,0.05263157894736842,True,0.8421052631578947,False
101,I-mf,0.07135266065597534,0.22204779088497162,0.9376098655302465,4.360784520064223,0.820028692026213,0.8421052631578947,True,0.05263157894736842,True,1.0,False
101,I-coeng,0.07135266065597534,0.22204779088497162,2.270525338354252,6.78604475593761,1.9857896038349103,0.8421052631578947,True,0.05263157894736842,True,1.0,False
101,I-coauthor,0.07135266065597534,0.22204779088497162,0.3827303683574889,2.7861211999545548,0.3347339814789713,0.9473684210526315,True,0.8421052631578947,True,1.0,False
101,I-tag,0.07135266065597534,0.22204779088497162,1.0959260344103678,4.7145925455821605,0.9584911865733962,0.7894736842105263,True,0.3684210526315789,True,1.0,False
101,I-cat,0.07135266065597534,0.22204779088497162,0.9050514940786103,4.284401749876962,0.7915533103802553,0.8421052631578947,True,0.3684210526315789,True,1.0,False
101,I-mf~rewired,0.07135266065597534,0.22204779088497162,1.0769066158039644,4.673503429120709,0.941856902383044,0.7368421052631579,True,0.0,True,1.0,False
103,I-mf,0.0,0.5316480994224548,5.733774473436728,4.503975689889653,0.9321220332193686,0.7368421052631579,True,0.2631578947368421,True,0.9473684210526315,False
103,I-coeng,0.0,0.5316480994224548,12.933643120390553,6.764507318091089,2.1025824748014785,0.7894736842105263,True,0.2631578947368421,True,0.9473684210526315,False
103,I-coauthor,0.0,0.5316480994224548,3.6942046828172863,3.615232325565179,0.6005554623797779,1.0,True,0.7368421052631579,True,1.0,False
103,I-tag,0.0,0.5316480994224548,5.640208951928297,4.467075894556994,0.916911374943269,0.6842105263157895,True,0.15789473684210525,True,0.9473684210526315,False
103,I-cat,0.0,0.5316480994224548,5.497651809073048,4.410261586609273,0.8937362998746933,0.7368421052631579,True,0.5263157894736842,True,1.0,False
103,I-mf~rewired,0.0,0.5316480994224548,6.521481414172149,4.803401228259927,1.0601771212910867,0.6842105263157895,True,0.0,True,0.9473684210526315,False
104,I-mf,0.0,0.4107343554496765,4.907553303023393,5.393509924319883,0.8103750563597866,0.7368421052631579,True,0.42105263157894735,True,0.8947368421052632,False
104,I-coeng,0.0,0.4107343554496765,7.241749652491871,6.5518013788785945,1.1958165139370247,0.631578947368421,True,0.21052631578947367,True,0.8947368421052632,False
104,I-coauthor,0.0,0.4107343554496765,5.166542304559152,5.5339975740802645,0.8531414235812707,0.631578947368421,True,0.15789473684210525,True,0.9473684210526315,False
104,I-tag,0.0,0.4107343554496765,6.122739384298084,6.024373042655409,1.0110364508053502,0.5789473684210527,True,0.3157894736842105,True,0.8947368421052632,False
104,I-cat,0.0,0.4107343554496765,5.800748352449277,5.86382474952926,0.9578666766897905,0.631578947368421,True,0.47368421052631576,True,0.8947368421052632,False
104,I-mf~rewired,0.0,0.4107343554496765,5.698174589778796,5.811748943997657,0.9409288639809776,0.5263157894736842,True,0.10526315789473684,True,0.8947368421052632,False
105,I-mf,0.37817925214767456,0.48035764694213867,2.8238975315185724,3.498321813959748,0.9800201140252577,0.8421052631578947,True,0.3157894736842105,True,1.0,False
105,I-coeng,0.37817925214767456,0.48035764694213867,2.867253275118621,3.525074662841832,0.9950665172011267,0.8947368421052632,True,0.2631578947368421,True,1.0,False
105,I-coauthor,0.37817925214767456,0.48035764694213867,0.9734713207202856,2.053983128387799,0.3378385596801667,0.9473684210526315,True,0.9473684210526315,True,1.0,False
105,I-tag,0.37817925214767456,0.48035764694213867,2.4786241299969474,3.277484359948757,0.8601946336201143,0.7894736842105263,True,0.47368421052631576,True,1.0,False
105,I-cat,0.37817925214767456,0.48035764694213867,4.252901439592057,4.293168659518041,1.475949076497069,0.7894736842105263,True,0.5263157894736842,True,1.0,False
105,I-mf~rewired,0.37817925214767456,0.48035764694213867,2.921155861432748,3.558054992672728,1.0137731516296853,0.8421052631578947,True,0.2631578947368421,True,1.0,False
