policy,graph,param,instances,regret,ratio_ts,ratio_ts_min,ratio_ts_max,ratio_kl
graph_ts,complete,1.0,8,37506.888407975406,1.0964063257116365,1.0740144625985375,1.103119314019097,1.1198234765476676
graph_ts,complete,10.0,8,24699.130462613917,0.7264668987438699,0.6259343955535193,0.8019182085662508,0.7421462413839454
graph_ts,U-coeng,1.0,8,38573.139913112194,1.1276951483457651,1.1036410847387992,1.1403442129235946,1.1517827194304762
graph_ts,U-coeng,10.0,8,25797.51840066486,0.758643762558737,0.650073336634421,0.8343671874560927,0.7750505912172224
graph_ts,U-mf,1.0,8,37977.481857198676,1.110221231848505,1.0893396679021676,1.1250404406873677,1.1339221029997164
graph_ts,U-mf,10.0,8,25200.645073195352,0.7405717502083001,0.6446041645240214,0.7993898061714474,0.7565653339872307
graph_ts,U-coauthor,1.0,8,38276.40049408582,1.1189564884336212,1.0966900094967655,1.129847371777063,1.1428706341967017
graph_ts,U-coauthor,10.0,8,25360.55917844698,0.7459786035574355,0.6342223181085799,0.8374174732202923,0.7621037558749096
graph_ts,U-geo,1.0,8,38058.547078005955,1.1124145888969703,1.0852938536968568,1.1260128973369097,1.1361864714115342
graph_ts,U-geo,10.0,8,30465.97403605384,0.8929038699519045,0.8364519600963328,0.9500866239536107,0.912011704139838
graph_ts,U-coeng~rewired,1.0,8,38186.31129297622,1.116326260897505,1.0941888873737593,1.1289699239679587,1.1401678987729011
graph_ts,U-coeng~rewired,10.0,8,25309.95921636288,0.7448392338989,0.6285030091770444,0.838638436022897,0.7609226728820813
ts_ind,-,-,8,34219.77948148211,1.0,1.0,1.0,1.0213373371623213
ts_one,-,-,8,31442.007308322853,0.9285496302528582,0.6445949945586008,1.1354811499741277,0.9488478298119452
klucb_ind,-,-,8,33510.46225709032,0.9791389569647685,0.9673762505493705,0.985442658650985,1.0
sp_klucb_user,U-coeng,oracle,8,32118.66354867852,0.9383555525394599,0.9259404938406687,0.947106516565896,0.9583520047870427
sp_klucb_user,U-coeng,cal90,8,33508.989384184526,0.9790955735992207,0.9673678454577922,0.9853951047771041,0.9999558304720788
sp_klucb_user,U-coeng,cal50,8,33078.64470973117,0.9667396508655689,0.9577879084713642,0.972476806260294,0.9873516332597716
sp_klucb_user,U-coeng,none,8,47526.358061413834,1.3900662715693393,1.3176545193728495,1.4188973305561445,1.4198324970908232
sp_klucb_user,U-mf,oracle,8,32092.851473145718,0.9375763857985409,0.925224923038563,0.948676935876133,0.9575522452306225
sp_klucb_user,U-mf,cal90,8,33507.2686538816,0.9790439771745584,0.967133202415274,0.985362039394897,0.9999027711024585
sp_klucb_user,U-mf,cal50,8,33071.201087161164,0.9665992868343719,0.9585754619820223,0.9774956586095369,0.9872101783362776
sp_klucb_user,U-mf,none,8,47493.951550204765,1.3892385325951873,1.3188327297615585,1.4177179081372797,1.4189886310828028
sp_klucb_user,U-coauthor,oracle,8,31981.23972946476,0.9343653099131851,0.9259863434996981,0.9450690321251686,0.9542853000198115
sp_klucb_user,U-coauthor,cal90,8,33498.48565033769,0.9787867720784836,0.9671483713517208,0.9849463961487998,0.9996412516794347
sp_klucb_user,U-coauthor,cal50,8,33051.56556334643,0.9660980170142838,0.960322650879831,0.9759587576856472,0.9867108880163448
sp_klucb_user,U-coauthor,none,8,47486.10547366123,1.3889696829138374,1.317817011064445,1.4183366224988927,1.418715414571879
sp_klucb_user,U-geo,oracle,8,32231.352866729845,0.9415602728126963,0.9330810175364743,0.9553514102821333,0.9616224973331251
sp_klucb_user,U-geo,cal90,8,33510.358527303215,0.979135904244131,0.9673762505493705,0.985442658650985,0.9999968941330637
sp_klucb_user,U-geo,cal50,8,33091.419672562566,0.9670288897592955,0.9572940656594237,0.9729466357660347,0.9876438815769962
sp_klucb_user,U-geo,none,8,46966.5418315576,1.374433309171804,1.2913805295924494,1.4108488140715654,1.4038954154864423
sp_klucb_user,U-coeng~rewired,oracle,8,32525.99849971205,0.9502139559143049,0.9379994662254292,0.9606818328971735,0.97046040169868
sp_klucb_user,U-coeng~rewired,cal90,8,33510.46225709032,0.9791389569647685,0.9673762505493705,0.985442658650985,1.0
sp_klucb_user,U-coeng~rewired,cal50,8,33352.09287070961,0.9745082288970828,0.9638387237929819,0.9797885416176212,0.9952773317112283
sp_klucb_user,U-coeng~rewired,none,8,47546.21365069862,1.3906041804719529,1.3202387733472603,1.4185753772097387,1.420380375049031
