phi,rho,level_spread,policy,reference,difference,ci_low,ci_high,worlds
0.0,0.0,0.25,st_ucb,ar_ucb,0.0,0.0,0.0,20
0.0,0.0,0.25,st_greedy,ar_greedy,0.0,0.0,0.0,20
0.0,0.0,0.25,st_ucb,corrupt_ucb,0.0,0.0,0.0,20
0.0,0.0,0.25,st_ucb,discounted_ts,-0.06443809036914046,-0.09013432399537659,-0.038741856742904326,20
0.0,0.0,1.0,st_ucb,ar_ucb,0.0,0.0,0.0,20
0.0,0.0,1.0,st_greedy,ar_greedy,0.0,0.0,0.0,20
0.0,0.0,1.0,st_ucb,corrupt_ucb,0.0,0.0,0.0,20
0.0,0.0,1.0,st_ucb,discounted_ts,-0.2551513895201567,-0.287991192623016,-0.2223115864172974,20
0.0,0.4,0.25,st_ucb,ar_ucb,0.004537905253167019,-0.00794847102709159,0.017024281533425625,20
0.0,0.4,0.25,st_greedy,ar_greedy,-0.0019772925466590373,-0.013874858563692903,0.009920273470374828,20
0.0,0.4,0.25,st_ucb,corrupt_ucb,-0.008451461528060766,-0.022780330083957613,0.0058774070278360836,20
0.0,0.4,0.25,st_ucb,discounted_ts,-0.054854668146018304,-0.08647816870653485,-0.023231167585501762,20
0.0,0.4,1.0,st_ucb,ar_ucb,-0.013363576184825676,-0.03190475415975057,0.005177601790099214,20
0.0,0.4,1.0,st_greedy,ar_greedy,-0.003524958858534355,-0.013887067797346057,0.0068371500802773474,20
0.0,0.4,1.0,st_ucb,corrupt_ucb,-0.009731036386093106,-0.026812083282262783,0.0073500105100765736,20
0.0,0.4,1.0,st_ucb,discounted_ts,-0.2675695875179286,-0.29163485458599786,-0.24350432044985934,20
0.0,0.8,0.25,st_ucb,ar_ucb,-0.006913134295421719,-0.03046730186632975,0.01664103327548631,20
0.0,0.8,0.25,st_greedy,ar_greedy,-0.007984367147567806,-0.02341714223244671,0.007448407937311099,20
0.0,0.8,0.25,st_ucb,corrupt_ucb,0.004464864499725852,-0.018006669202986936,0.026936398202438636,20
0.0,0.8,0.25,st_ucb,discounted_ts,-0.05184890881064471,-0.08721714820609125,-0.01648066941519817,20
0.0,0.8,1.0,st_ucb,ar_ucb,0.0016643935899599116,-0.02208296200106499,0.02541174918098481,20
0.0,0.8,1.0,st_greedy,ar_greedy,-0.0018901773113611075,-0.013802016759234089,0.010021662136511875,20
0.0,0.8,1.0,st_ucb,corrupt_ucb,0.003010521242349107,-0.005474531129762459,0.011495573614460672,20
0.0,0.8,1.0,st_ucb,discounted_ts,-0.2507451323709628,-0.27963676976713825,-0.22185349497478735,20
0.5,0.0,0.25,st_ucb,ar_ucb,0.0,0.0,0.0,20
0.5,0.0,0.25,st_greedy,ar_greedy,0.0,0.0,0.0,20
0.5,0.0,0.25,st_ucb,corrupt_ucb,0.0,0.0,0.0,20
0.5,0.0,0.25,st_ucb,discounted_ts,-0.18453835500849797,-0.20981051761037461,-0.15926619240662132,20
0.5,0.0,1.0,st_ucb,ar_ucb,0.0,0.0,0.0,20
0.5,0.0,1.0,st_greedy,ar_greedy,0.0,0.0,0.0,20
0.5,0.0,1.0,st_ucb,corrupt_ucb,0.0,0.0,0.0,20
0.5,0.0,1.0,st_ucb,discounted_ts,-0.3257127510128421,-0.35695824993054254,-0.29446725209514163,20
0.5,0.4,0.25,st_ucb,ar_ucb,-0.017223602688835826,-0.04104504720066099,0.00659784182298934,20
0.5,0.4,0.25,st_greedy,ar_greedy,0.0005216493523748311,-0.026043257910826113,0.027086556615575772,20
0.5,0.4,0.25,st_ucb,corrupt_ucb,-0.03423978713664293,-0.05645531282851152,-0.012024261444774337,20
0.5,0.4,0.25,st_ucb,discounted_ts,-0.16827337850660135,-0.19380086165851415,-0.14274589535468854,20
0.5,0.4,1.0,st_ucb,ar_ucb,0.00043585495447923117,-0.02434258951898294,0.025214299427941404,20
0.5,0.4,1.0,st_greedy,ar_greedy,0.02015796905272218,-0.0034820726258274967,0.043798010731271854,20
0.5,0.4,1.0,st_ucb,corrupt_ucb,-0.009067484946400528,-0.03370275925915653,0.015567789366355476,20
0.5,0.4,1.0,st_ucb,discounted_ts,-0.32294595119636693,-0.3585118488662418,-0.28738005352649204,20
0.5,0.8,0.25,st_ucb,ar_ucb,-0.024739909187904086,-0.053274434991409325,0.0037946166156011575,20
0.5,0.8,0.25,st_greedy,ar_greedy,-0.03186961191283091,-0.05564782525843757,-0.008091398567224246,20
0.5,0.8,0.25,st_ucb,corrupt_ucb,-0.03340177240477508,-0.05911115186085424,-0.007692392948695913,20
0.5,0.8,0.25,st_ucb,discounted_ts,-0.15820670382338764,-0.18196396237230575,-0.13444944527446953,20
0.5,0.8,1.0,st_ucb,ar_ucb,0.014717942087978664,-0.004527734151299163,0.03396361832725649,20
0.5,0.8,1.0,st_greedy,ar_greedy,0.008833785599303211,-0.008095915715811097,0.02576348691441752,20
0.5,0.8,1.0,st_ucb,corrupt_ucb,0.006429610713130507,-0.013396340067701127,0.02625556149396214,20
0.5,0.8,1.0,st_ucb,discounted_ts,-0.27663146626076196,-0.2974492185414592,-0.2558137139800647,20
0.9,0.0,0.25,st_ucb,ar_ucb,0.0,0.0,0.0,20
0.9,0.0,0.25,st_greedy,ar_greedy,0.0,0.0,0.0,20
0.9,0.0,0.25,st_ucb,corrupt_ucb,0.0,0.0,0.0,20
0.9,0.0,0.25,st_ucb,discounted_ts,-0.43236304131480124,-0.47244949417394017,-0.3922765884556623,20
0.9,0.0,1.0,st_ucb,ar_ucb,0.0,0.0,0.0,20
0.9,0.0,1.0,st_greedy,ar_greedy,0.0,0.0,0.0,20
0.9,0.0,1.0,st_ucb,corrupt_ucb,0.0,0.0,0.0,20
0.9,0.0,1.0,st_ucb,discounted_ts,-0.48346981884462614,-0.5339856591343769,-0.4329539785548754,20
0.9,0.4,0.25,st_ucb,ar_ucb,-0.05418586551403505,-0.09648928008934085,-0.011882450938729243,20
0.9,0.4,0.25,st_greedy,ar_greedy,0.03863183742927557,-0.0013649171954226436,0.07862859205397378,20
0.9,0.4,0.25,st_ucb,corrupt_ucb,-0.06548757597448036,-0.10599663907457682,-0.024978512874383914,20
0.9,0.4,0.25,st_ucb,discounted_ts,-0.4200985564631713,-0.4789773444715298,-0.3612197684548128,20
0.9,0.4,1.0,st_ucb,ar_ucb,0.006022519495426743,-0.0227964201521525,0.03484145914300599,20
0.9,0.4,1.0,st_greedy,ar_greedy,-0.0009004293512294203,-0.024994966094229694,0.02319410739177085,20
0.9,0.4,1.0,st_ucb,corrupt_ucb,0.005777603403937614,-0.033117179455123366,0.04467238626299859,20
0.9,0.4,1.0,st_ucb,discounted_ts,-0.4407970682950806,-0.5027257957840318,-0.3788683408061294,20
0.9,0.8,0.25,st_ucb,ar_ucb,-0.05318626567637336,-0.08451272398816168,-0.02185980736458503,20
0.9,0.8,0.25,st_greedy,ar_greedy,-0.010452749824568675,-0.04673563078076655,0.0258301311316292,20
0.9,0.8,0.25,st_ucb,corrupt_ucb,-0.03038409382078988,-0.07516676745877943,0.014398579817199664,20
0.9,0.8,0.25,st_ucb,discounted_ts,-0.40554607140234983,-0.4642757218507604,-0.3468164209539393,20
0.9,0.8,1.0,st_ucb,ar_ucb,-0.05424393097373972,-0.08506718810091132,-0.023420673846568103,20
0.9,0.8,1.0,st_greedy,ar_greedy,0.007568740572510379,-0.03197224915242867,0.04710973029744942,20
0.9,0.8,1.0,st_ucb,corrupt_ucb,-0.050067280056231414,-0.08502610450044662,-0.015108455612016208,20
0.9,0.8,1.0,st_ucb,discounted_ts,-0.4367866614327867,-0.4839581157595787,-0.38961520710599473,20
