phi,rho,level_spread,policy,oracle_loss_per_round,mean_pseudo_regret_per_round
0.0,0.0,0.25,ar_greedy,1.6905613732290985,0.028421666666666772
0.0,0.0,0.25,ar_ucb,1.7018275633524809,0.0369783333333333
0.0,0.0,0.25,corrupt_ucb,1.7018275633524809,0.0369783333333333
0.0,0.0,0.25,discounted_ts,1.766265653721621,0.10433333333333335
0.0,0.0,0.25,iid_ts,1.7146617889979106,0.05177166666666677
0.0,0.0,0.25,st_greedy,1.6905613732290985,0.028421666666666772
0.0,0.0,0.25,st_ucb,1.7018275633524809,0.0369783333333333
0.0,0.0,1.0,ar_greedy,1.3901317784230067,0.018946666666666646
0.0,0.0,1.0,ar_ucb,1.3955054793314607,0.020226666666666622
0.0,0.0,1.0,corrupt_ucb,1.3955054793314607,0.020226666666666622
0.0,0.0,1.0,discounted_ts,1.6506568688516174,0.28358666666666676
0.0,0.0,1.0,iid_ts,1.405115173230118,0.03725999999999998
0.0,0.0,1.0,st_greedy,1.3901317784230067,0.018946666666666646
0.0,0.0,1.0,st_ucb,1.3955054793314607,0.020226666666666622
0.0,0.4,0.25,ar_greedy,1.632217215917062,0.034780000000000026
0.0,0.4,0.25,ar_ucb,1.6384321914968027,0.035351666666666684
0.0,0.4,0.25,corrupt_ucb,1.6514215582780303,0.039154999999999954
0.0,0.4,0.25,discounted_ts,1.6978247648959879,0.10330166666666667
0.0,0.4,0.25,iid_ts,1.644621713567685,0.051710000000000075
0.0,0.4,0.25,st_greedy,1.630239923370403,0.03282000000000008
0.0,0.4,0.25,st_ucb,1.6429700967499694,0.03319333333333334
0.0,0.4,1.0,ar_greedy,1.3159399170727986,0.01827333333333338
0.0,0.4,1.0,ar_ucb,1.3251194952525769,0.018179999999999988
0.0,0.4,1.0,corrupt_ucb,1.3214869554538444,0.017440000000000004
0.0,0.4,1.0,discounted_ts,1.5793255065856797,0.2842866666666667
0.0,0.4,1.0,iid_ts,1.3420440846771624,0.039266666666666665
0.0,0.4,1.0,st_greedy,1.3124149582142643,0.014866666666666719
0.0,0.4,1.0,st_ucb,1.311755919067751,0.017120000000000003
0.0,0.8,0.25,ar_greedy,1.5474725990977163,0.0340000000000001
0.0,0.8,0.25,ar_ucb,1.559003459984626,0.039153333333333276
0.0,0.8,0.25,corrupt_ucb,1.5476254611894786,0.03248333333333331
0.0,0.8,0.25,discounted_ts,1.6039392344998493,0.10463833333333335
0.0,0.8,0.25,iid_ts,1.5656463587899334,0.05415333333333337
0.0,0.8,0.25,st_greedy,1.5394882319501484,0.027841666666666647
0.0,0.8,0.25,st_ucb,1.5520903256892045,0.0349116666666666
0.0,0.8,1.0,ar_greedy,1.2282040636559677,0.01842000000000001
0.0,0.8,1.0,ar_ucb,1.228393502920296,0.019673333333333303
0.0,0.8,1.0,corrupt_ucb,1.2270473752679067,0.01885999999999996
0.0,0.8,1.0,discounted_ts,1.4808030288812186,0.28303333333333347
0.0,0.8,1.0,iid_ts,1.2458751087787865,0.03912
0.0,0.8,1.0,st_greedy,1.2263138863446064,0.01701999999999996
0.0,0.8,1.0,st_ucb,1.230057896510256,0.01873333333333334
0.5,0.0,0.25,ar_greedy,1.4719405331681636,0.05636666666666679
0.5,0.0,0.25,ar_ucb,1.5280005182422163,0.06693666666666671
0.5,0.0,0.25,corrupt_ucb,1.5280005182422163,0.06693666666666671
0.5,0.0,0.25,discounted_ts,1.7125388732507143,0.10600833333333333
0.5,0.0,0.25,iid_ts,1.7291272636290085,0.06204666666666671
0.5,0.0,0.25,st_greedy,1.4719405331681636,0.05636666666666679
0.5,0.0,0.25,st_ucb,1.5280005182422163,0.06693666666666671
0.5,0.0,1.0,ar_greedy,1.2015646167103804,0.0706133333333333
0.5,0.0,1.0,ar_ucb,1.2737284735749053,0.07817333333333337
0.5,0.0,1.0,corrupt_ucb,1.2737284735749053,0.07817333333333337
0.5,0.0,1.0,discounted_ts,1.5994412245877472,0.28453333333333336
0.5,0.0,1.0,iid_ts,1.4184940153266639,0.05735333333333339
0.5,0.0,1.0,st_greedy,1.2015646167103804,0.0706133333333333
0.5,0.0,1.0,st_ucb,1.2737284735749053,0.07817333333333337
0.5,0.4,0.25,ar_greedy,1.4231528657791628,0.06511000000000004
0.5,0.4,0.25,ar_ucb,1.4954870098039368,0.07237833333333342
0.5,0.4,0.25,corrupt_ucb,1.512503194251744,0.06773000000000004
0.5,0.4,0.25,discounted_ts,1.6465367856217026,0.10575499999999997
0.5,0.4,0.25,iid_ts,1.6507027958279181,0.06278833333333338
0.5,0.4,0.25,st_greedy,1.4236745151315378,0.06988000000000005
0.5,0.4,0.25,st_ucb,1.478263407115101,0.07168166666666669
0.5,0.4,1.0,ar_greedy,1.1682996235920937,0.07566666666666667
0.5,0.4,1.0,ar_ucb,1.2220737846340586,0.08469333333333337
0.5,0.4,1.0,corrupt_ucb,1.2315771245349383,0.08402666666666668
0.5,0.4,1.0,discounted_ts,1.5454555907849046,0.29026
0.5,0.4,1.0,iid_ts,1.3586700163960521,0.05621333333333334
0.5,0.4,1.0,st_greedy,1.188457592644816,0.0862733333333334
0.5,0.4,1.0,st_ucb,1.2225096395885378,0.08990666666666679
0.5,0.8,0.25,ar_greedy,1.3949879487668089,0.06985000000000001
0.5,0.8,0.25,ar_ucb,1.4378993156256379,0.06902166666666669
0.5,0.8,0.25,corrupt_ucb,1.4465611788425088,0.06850666666666669
0.5,0.8,0.25,discounted_ts,1.5713661102611214,0.10701666666666665
0.5,0.8,0.25,iid_ts,1.583321159189527,0.06738166666666669
0.5,0.8,0.25,st_greedy,1.3631183368539779,0.0766333333333333
0.5,0.8,0.25,st_ucb,1.4131594064377337,0.07585333333333333
0.5,0.8,1.0,ar_greedy,1.125164204672393,0.07622000000000004
0.5,0.8,1.0,ar_ucb,1.1724382817297392,0.08761333333333345
0.5,0.8,1.0,corrupt_ucb,1.1807266131045875,0.0810066666666667
0.5,0.8,1.0,discounted_ts,1.46378769007848,0.2923
0.5,0.8,1.0,iid_ts,1.276096292727239,0.0616866666666667
0.5,0.8,1.0,st_greedy,1.1339979902716961,0.09201999999999995
0.5,0.8,1.0,st_ucb,1.187156223817718,0.10818666666666679
0.9,0.0,0.25,ar_greedy,0.966666790847879,0.10230166666666667
0.9,0.0,0.25,ar_ucb,0.9683797153890763,0.10022999999999997
0.9,0.0,0.25,corrupt_ucb,0.9683797153890763,0.10022999999999997
0.9,0.0,0.25,discounted_ts,1.4007427567038775,0.109235
0.9,0.0,0.25,iid_ts,1.6567601858825936,0.08455166666666666
0.9,0.0,0.25,st_greedy,0.966666790847879,0.10230166666666667
0.9,0.0,0.25,st_ucb,0.9683797153890763,0.10022999999999997
0.9,0.0,1.0,ar_greedy,0.8654683678928047,0.1837400000000004
0.9,0.0,1.0,ar_ucb,0.8354206736548321,0.20280000000000037
0.9,0.0,1.0,corrupt_ucb,0.8354206736548321,0.20280000000000037
0.9,0.0,1.0,discounted_ts,1.3188904924994582,0.2924800000000002
0.9,0.0,1.0,iid_ts,1.4219218956333781,0.11963333333333355
0.9,0.0,1.0,st_greedy,0.8654683678928047,0.1837400000000004
0.9,0.0,1.0,st_ucb,0.8354206736548321,0.20280000000000037
0.9,0.4,0.25,ar_greedy,0.9715940841624663,0.10122999999999993
0.9,0.4,0.25,ar_ucb,0.9923129007182082,0.10324666666666667
0.9,0.4,0.25,corrupt_ucb,1.0036146111786535,0.1023316666666666
0.9,0.4,0.25,discounted_ts,1.3582255916673445,0.10912
0.9,0.4,0.25,iid_ts,1.5938293774829473,0.0848483333333334
0.9,0.4,0.25,st_greedy,1.0102259215917417,0.10045500000000007
0.9,0.4,0.25,st_ucb,0.9381270352041732,0.100135
0.9,0.4,1.0,ar_greedy,0.8765841856683749,0.19258000000000025
0.9,0.4,1.0,ar_ucb,0.8419002946713,0.21864666666666704
0.9,0.4,1.0,corrupt_ucb,0.8421452107627893,0.20432666666666713
0.9,0.4,1.0,discounted_ts,1.2887198824618074,0.2987066666666667
0.9,0.4,1.0,iid_ts,1.3692212545868547,0.1318600000000004
0.9,0.4,1.0,st_greedy,0.8756837563171456,0.20731333333333352
0.9,0.4,1.0,st_ucb,0.8479228141667268,0.21242000000000036
0.9,0.8,0.25,ar_greedy,0.9588488724864099,0.09328999999999996
0.9,0.8,0.25,ar_ucb,0.9554323860512076,0.10668999999999998
0.9,0.8,0.25,corrupt_ucb,0.9326302141956242,0.10327333333333337
0.9,0.8,0.25,discounted_ts,1.307792191777184,0.1093183333333333
0.9,0.8,0.25,iid_ts,1.5198648630609533,0.08894000000000016
0.9,0.8,0.25,st_greedy,0.9483961226618414,0.09100833333333334
0.9,0.8,0.25,st_ucb,0.9022461203748342,0.10138333333333335
0.9,0.8,1.0,ar_greedy,0.8513257514955985,0.21088000000000034
0.9,0.8,1.0,ar_ucb,0.8580630810167579,0.23186666666666694
0.9,0.8,1.0,corrupt_ucb,0.8538864300992495,0.21954666666666683
0.9,0.8,1.0,discounted_ts,1.2406058114758047,0.3043266666666668
0.9,0.8,1.0,iid_ts,1.3216280071491486,0.13379333333333346
0.9,0.8,1.0,st_greedy,0.8588944920681089,0.2217400000000002
0.9,0.8,1.0,st_ucb,0.8038191500430181,0.23740000000000033
