graph,null,axis,nodes,edges,isolated,quotient_median,quotient_mean,edge_corr,random_pair_corr,quotient_dc_median,edge_corr_dc,random_pair_corr_dc,top1_kept@0.1,top10_overlap@0.1,choice_regret@0.1,top1_kept@1,top10_overlap@1,choice_regret@1,top1_kept@10,top10_overlap@10,choice_regret@10
I-cat,er,I2I,3327,29529,0,1.0094130210666135,1.009808939467169,0.07435712066232116,0.07459627357209822,0.9998071853710399,0.0021500308389486647,0.0019116536259433988,0.35010630758327427,0.7708008504606662,0.0005931676805447997,0.28348688873139616,0.648830616583983,0.01574238002493889,0.20623671155209072,0.5024096385542168,0.07309518462484971
I-cat,real,I2I,3327,29529,0,0.9057675361994848,0.9060620606184644,0.07696559942983305,0.07371162213649227,0.9923973116801995,0.010200618655542466,0.0020940727038421705,0.3238837703756201,0.7364280652019844,0.0025985989135783928,0.21757618710134657,0.5333805811481219,0.03910307293420078,0.14386959603118354,0.31672572643515234,0.09990254358402378
I-cat,rewired,I2I,3327,29529,0,0.9932817539836787,0.9944951986257657,0.07440770932948561,0.07410471968314211,1.0029977515467325,0.0011489419232332473,0.0015233525663545648,0.33947554925584694,0.7768958185683913,0.0006882920992352127,0.26293408929837,0.6546420978029767,0.016622041794146156,0.18072289156626506,0.49440113394755486,0.08197525050476033
I-mf,er,I2I,3327,25492,0,0.9987428375114978,0.9993623011343196,0.07403655426756117,0.07371675055258911,1.0002183841991787,0.0020233627616433377,0.001719671131517899,0.34727143869596033,0.780722891566265,0.0004657674959523049,0.2856130403968816,0.6713678242381289,0.013786637960061758,0.20269312544294826,0.5284195605953224,0.1079087548585518
I-mf,real,I2I,3327,25492,0,0.7563284945865398,0.7561430923265906,0.10111205182365934,0.07359633944013631,0.9559528971320279,0.04553201168165585,0.0024097440897256463,0.3387668320340184,0.7763288447909285,0.00040887355902795156,0.2721474131821403,0.6640680368532955,0.01449188914720403,0.15308291991495393,0.42771084337349397,0.1167682788638821
I-mf,rewired,I2I,3327,25492,0,0.9626504839670752,0.9652175559205035,0.0745647654049861,0.07419378765041125,0.9874695782970866,0.0014191660837702133,0.00197965044871491,0.34443656980864634,0.778029766123317,0.0003441661571675433,0.29128277817150955,0.686463501063076,0.007443546252019767,0.2437987243090007,0.6047484053862509,0.02084545021500206
I-tag,er,I2I,3327,30052,0,1.0067233720123092,1.00698839298444,0.07350995044196322,0.07428086250718523,1.0013967119782725,0.0015211171793830369,0.00214895260355765,0.33947554925584694,0.7835577604535792,0.0004870987390715808,0.2721474131821403,0.6797306874557052,0.013816184179341655,0.20552799433026223,0.5564847625797307,0.059983854490156384
I-tag,real,I2I,3327,30052,0,0.9457651220895792,0.945307592732743,0.07681599045915621,0.07360259790227941,1.0092158468868069,0.010158766268396438,0.0017817036269963276,0.3635719347980156,0.777958894401134,0.0006381429817074416,0.258681785967399,0.6452161587526577,0.030408329715472204,0.18426647767540752,0.42523033309709424,0.09874531407464769
I-tag,rewired,I2I,3327,30052,0,1.006064349919331,1.0062904659158896,0.07416775212777947,0.07418052728643536,1.0096578684405648,0.0016285192867788016,0.001295939560753424,0.36569808646350105,0.7834868887313962,0.0004892642517467702,0.29411764705882354,0.6710843373493975,0.01388688354345812,0.21828490432317504,0.5537916371367825,0.05063657968693104
U-demo,er,U2U,1411,10953,0,1.0065973309597682,1.0063685029764269,0.3818930731221715,0.38334781008409247,1.0063073045955935,0.0007497248946213872,0.0007588335280296296,0.35223245924875973,0.7825655563430192,0.0003328771019404107,0.24592487597448617,0.605669737774628,0.03856213895843606,0.05598866052445074,0.18688873139617296,0.30378781754336825
U-demo,real,U2U,1411,10953,0,0.98371876748154,0.9856149969352852,0.38626301756360626,0.38382423011522626,0.9873324961378765,0.001279452754910298,0.0008536565211999747,0.3486888731396173,0.7809355067328136,0.0003657911353097529,0.2289156626506024,0.6003543586109141,0.04536944156505023,0.04961020552799433,0.18454996456413889,0.3276615598840059
U-demo,rewired,U2U,1411,10953,0,0.9913451697927838,0.9923394016469484,0.3849428539779483,0.3855638039972583,0.9920874026407958,0.0005608913678812095,0.00099658387242431,0.35364989369241673,0.7824946846208363,0.00033093179238426136,0.24238128986534374,0.6021261516654854,0.04034519041262782,0.05527994330262225,0.18483345145287036,0.3019694436754275
U-feat,er,U2U,1411,10764,0,1.0040472287615014,1.0051386510899585,0.38270794491733123,0.3834179695433294,1.003704351871194,0.0005259578375484406,0.00024843063809971673,0.34727143869596033,0.7819985825655564,0.00034766247045587314,0.23954642097802978,0.6060240963855421,0.04091247283981237,0.058114812189936214,0.1856839121190645,0.3039978797746578
U-feat,real,U2U,1411,10764,0,0.9740817653851814,0.9788960439398097,0.39112519465313417,0.38384955654393976,0.978292836591339,0.005675374132048388,0.0008860745060040359,0.35364989369241673,0.7805811481218994,0.0002689599468913537,0.23600283486888732,0.602834868887314,0.047079926201871895,0.05669737774627923,0.18766832034018424,0.3051236195239585
U-feat,rewired,U2U,1411,10764,0,0.9937352287566783,0.9982949829307587,0.38582960713302195,0.38237271476939083,0.9933790076017419,0.000863170611422336,0.000974019554961877,0.3614457831325301,0.7813607370659107,0.0002320533691912788,0.2430900070871722,0.6048192771084338,0.04281166707329456,0.060240963855421686,0.1856839121190645,0.3020034823381291
U-geo,er,U2U,1411,10264,0,1.008126387408516,1.008798350990172,0.38331144340289536,0.38209243301681317,1.0074195910693804,0.0007452591228140407,0.0004965175928342108,0.3493975903614458,0.7803685329553508,0.00033170090145868226,0.2310418143160879,0.6058823529411765,0.042363646914555866,0.05457122608079376,0.18766832034018427,0.3037060103290354
U-geo,real,U2U,1411,10264,0,0.9418895156943924,0.9433803798372653,0.38894694486648257,0.3839707665346613,0.9519352312799745,0.0070346187933689516,0.0002754982816229428,0.35364989369241673,0.7800850460666194,0.00026623290231481936,0.22608079376328843,0.6034018426647767,0.055842264279784365,0.050318922749822824,0.2001417434443657,0.3497477410786292
U-geo,rewired,U2U,1411,10264,0,0.9939096511950594,0.9957995253312019,0.3840039979245805,0.38225649678445234,0.9935153104331976,0.0009101026848695041,0.0005411271812360669,0.35223245924875973,0.782140326009922,0.0002598616834663878,0.24167257264351524,0.606094968107725,0.0400718101503167,0.06307583274273565,0.18603827072997875,0.3025084924792198
U-mf,er,U2U,1411,10971,0,1.0123755351553083,1.012717515181212,0.38237181255734837,0.38339648092801953,1.0122298209759872,0.0004847800517636309,0.0008107215092168347,0.35931963146704465,0.7832742735648478,0.0003804906211479207,0.2515946137491141,0.6047484053862509,0.036268090640021976,0.057406094968107724,0.18547129695251593,0.3056743948786203
U-mf,real,U2U,1411,10971,0,0.849621350855954,0.8557454893211303,0.41835641680973085,0.3825242330874964,0.8695418916112362,0.01635803794158191,0.00015517602381642207,0.35790219702338766,0.7781006378454998,0.0003914239040606675,0.2296243798724309,0.5991495393338059,0.050203882107056653,0.06520198440822111,0.18795180722891566,0.30020684665570985
U-mf,rewired,U2U,1411,10971,0,0.9076846924233095,0.911752590398501,0.4045885753521257,0.3833183723087123,0.905243856898368,0.0006818319062508762,0.00036327486457753393,0.3550673281360737,0.7807937632884477,0.0003322959581558877,0.23671155209071582,0.6048901488306165,0.04799036698815868,0.05598866052445074,0.18660524450744154,0.29872037141379054
U-soc,er,U2U,1411,47,1322,0.7569196836536867,0.8570229628679085,0.40159146575898946,0.38180928301589884,0.7501394757272252,-0.002763865973191016,0.00044817653804022907,0.9447200566973778,0.9746279234585401,0.004853625997465101,0.9411764705882353,0.9608788093550674,0.01269334238386875,0.9404677533664068,0.9588944011339475,0.015501728274503213
U-soc,real,U2U,1411,47,1331,0.7871014791160649,0.9477993940444552,0.39797231148100454,0.3838503412583681,0.8302816672029315,0.035108721762188516,0.0010380339745113725,0.9567682494684621,0.9742735648476258,0.003927138673551781,0.9496810772501771,0.9630758327427357,0.010127644474370007,0.9489723600283487,0.9617292700212615,0.0142504291134051
U-soc,rewired,U2U,1411,47,1331,0.8577885858867508,1.0077104738414135,0.3578251266688919,0.384260022228144,0.8670452560036105,0.0013775295681941631,0.000735645161859506,0.9546420978029766,0.9732813607370658,0.005272334969816998,0.9468462083628633,0.960099220411056,0.015733816195260597,0.9468462083628633,0.9583274273564848,0.017350383667891097
U-soc+mf,er,U2U,1411,11003,0,1.0004072213584114,1.0013542419932888,0.38427598856498507,0.38221417340906993,1.0016695793968018,0.0009540289165996784,0.00036007557742112915,0.35294117647058826,0.7815733522324594,0.0003607578451927299,0.23812898653437278,0.6038979447200568,0.03678615483596853,0.05457122608079376,0.18504606661941886,0.30244546645405135
U-soc+mf,real,U2U,1411,11003,0,0.8498652286046138,0.856072746050559,0.418288860898345,0.38425555134503714,0.8698286088110854,0.01641582219686453,0.000761415224125851,0.35931963146704465,0.7782423812898654,0.0003870809002642951,0.2310418143160879,0.599078667611623,0.049684759404992916,0.06449326718639263,0.18781006378454995,0.30053279475410993
U-soc+mf,rewired,U2U,1411,11003,0,0.9074430158341719,0.9114661740033239,0.40423068761032793,0.38349492635898524,0.90560218692133,0.0011921629721223328,0.0009160386096853889,0.35152374202693126,0.7809355067328136,0.000345178931206905,0.22466335931963147,0.6046775336640681,0.047044555917559815,0.05386250885896527,0.18731396172926998,0.30262923176725826
