campaign,seed,policy,graph,width,T,regret,best_share_last_10pct,seconds,regret@10000,regret@100000,regret@250000,regret@500000,regret@1000000,regret@2000000
all,0,klucb,-,-,2000000,2617.1096521535974,0.828,8.9,56.255624052893936,487.7028452859962,1080.2366680806072,1653.6724889087081,2124.2973875082307,2617.1096521535974
all,0,klucb_ell,-,-,2000000,4002.7241005606315,0.965,8.5,56.255624052893936,531.0412505615662,1225.900592562544,2143.6079923749057,3224.3997207507214,4002.7241005606315
all,0,ts,-,-,2000000,1807.5427824767044,0.9775,3.1,57.29458115534928,451.0141162465009,858.2936132286136,1335.0879685099117,1688.5293966881006,1807.5427824767044
all,0,eb_ts,-,-,2000000,988.8815586209781,0.989,0.3,51.779015615106516,411.1322574978841,643.2621497828968,845.4871280656558,930.1251880777194,988.8815586209781
all,0,comp_ts,attr,-,2000000,1154.6170266984675,0.964,0.3,52.887689176866935,353.350161371593,616.3461403306375,858.3074626366208,1042.6588906657532,1154.6170266984675
all,0,sp_klucb,attr,oracle,2000000,3194.8331451718664,0.642,11.6,52.9483406225496,388.18963711568034,818.6119399576762,1361.0733272090065,2343.9144947372006,3194.8331451718664
all,0,sp_klucb,attr,prefix,2000000,3416.8938567266587,0.7745,11.6,54.39251728906056,435.8391345051039,841.4326880668326,1633.097383199148,2575.639093047061,3416.8938567266587
all,0,sp_klucb,attr,none,2000000,2886.6779344730458,0.0,11.5,53.952624189282105,444.4600663149898,931.0693906502269,1325.081963713225,1884.6161413517423,2886.6779344730458
all,0,comp_ts,audience,-,2000000,1185.935840621588,0.983,0.3,57.947754952764605,367.36933171882583,802.5404773743587,961.8132292368311,1063.3419128366072,1185.935840621588
all,0,sp_klucb,audience,oracle,2000000,2647.7424842094993,0.736,11.9,58.73152795597565,436.30724298090246,895.9693603756336,1476.1465378235825,2069.7542081301285,2647.7424842094993
all,0,sp_klucb,audience,prefix,2000000,3129.3752615762482,0.7625,11.7,58.33668953318219,467.118409089841,993.8189226812324,1798.6283925663854,2444.8217707308713,3129.3752615762482
all,0,sp_klucb,audience,none,2000000,2297.7999034004156,0.0,11.7,57.74801744084169,408.00782035012844,661.5516322961647,930.5219039053203,1392.5916157518343,2297.7999034004156
all,0,comp_ts,attr~rw,-,2000000,725.0549595417116,0.705,0.3,54.93062829415863,299.3242543204164,375.1744445702645,452.02448022950244,556.4792942053596,725.0549595417116
all,0,sp_klucb,attr~rw,oracle,2000000,3456.690571057575,0.6305,11.9,55.29348073476206,482.0471250768336,1011.5858173861021,1716.0507789933124,2547.9916367704154,3456.690571057575
all,0,sp_klucb,attr~rw,prefix,2000000,3034.0264249835795,0.829,11.9,53.67976922801965,505.4710901971199,1049.9041503953822,1719.3425371050482,2399.3627907724845,3034.0264249835795
all,0,sp_klucb,attr~rw,none,2000000,2802.1411163215794,0.0,11.2,54.71772350117855,483.9513036998975,952.59898083134,1264.8769313929815,1798.259443475421,2802.1411163215794
all,1,klucb,-,-,2000000,2642.9314411899,0.9205,6.1,55.75971287934311,502.0843117411812,1109.807600322556,1725.0783938897848,2340.889053113202,2642.9314411899
all,1,klucb_ell,-,-,2000000,3800.271968829794,0.8065,5.3,55.75971287934311,522.3116959106095,1210.9604542810039,2169.6424208655003,3128.3740204894602,3800.271968829794
all,1,ts,-,-,2000000,1643.148681562093,0.989,0.3,55.64650264485165,496.48042984710247,889.2924346777666,1235.3433187407047,1552.0258198885135,1643.148681562093
all,1,eb_ts,-,-,2000000,706.3956012646055,0.9905,0.3,53.54563264974879,391.38814240966786,506.43796114830843,587.3839920737736,645.5062463457555,706.3956012646055
all,1,comp_ts,attr,-,2000000,773.2249317970693,0.98,0.3,56.87989758432021,346.5925172212489,432.33956849728594,567.3484925847821,665.0771788794846,773.2249317970693
all,1,sp_klucb,attr,oracle,2000000,2999.8671345301177,0.696,11.3,54.46386957000936,425.9349724293178,965.9753430812216,1646.3777083930543,2431.8838899827147,2999.8671345301177
all,1,sp_klucb,attr,prefix,2000000,3274.3006684768197,0.9,11.5,53.81291406254738,457.6880722947589,1017.9028715506745,1651.3935836485994,2815.6888207873403,3274.3006684768197
all,1,sp_klucb,attr,none,2000000,2992.240360218265,0.0,11.6,54.150505603170046,490.57606370460456,1069.004101260436,1430.211009311693,2000.9074166047926,2992.240360218265
all,1,comp_ts,audience,-,2000000,893.1497266139082,0.9615,0.3,52.96865058214379,275.5905553132857,492.0880165131331,644.3288604218918,777.3965038300084,893.1497266139082
all,1,sp_klucb,audience,oracle,2000000,2743.8720123956023,0.683,11.6,57.6954057447062,451.7435930822391,929.244477178593,1544.2480450189648,2258.0271569112774,2743.8720123956023
all,1,sp_klucb,audience,prefix,2000000,3043.180247844698,0.7775,11.6,58.13132212968527,477.3203864478926,1071.9540068376375,1939.8142714071978,2543.380408602635,3043.180247844698
all,1,sp_klucb,audience,none,2000000,2348.302287892425,0.0,11.7,58.968487465416764,460.1702441308975,704.6247755622009,956.7765881383576,1443.5859428973447,2348.302287892425
all,1,comp_ts,attr~rw,-,2000000,659.0298081027554,0.9565,0.4,55.250810935254236,232.84720915276728,274.8169807309014,326.99094326383516,450.09866609378764,659.0298081027554
all,1,sp_klucb,attr~rw,oracle,2000000,3539.6023111516997,0.8475,11.8,55.560187108112196,452.92548682269154,984.705075412696,1730.4222229820512,2752.314389343889,3539.6023111516997
all,1,sp_klucb,attr~rw,prefix,2000000,3671.558776132215,0.6905,11.9,54.036396878648006,506.39614408076426,1093.1909636412004,1763.8505498232755,2636.5400609314506,3671.558776132215
all,1,sp_klucb,attr~rw,none,2000000,2651.329642477963,0.924,11.8,54.766174673702054,483.3593287961314,1008.4302792238528,1306.366292298802,1823.9745742697417,2651.329642477963
all,2,klucb,-,-,2000000,2534.6933231494063,0.8775,5.9,55.15123306863121,498.9248463343841,1087.9778448114703,1606.977843016386,2124.723484136184,2534.6933231494063
all,2,klucb_ell,-,-,2000000,3983.678932024579,0.752,5.4,55.15123306863121,535.8148396705013,1235.0094785523327,2218.2213009687225,3188.5780478984807,3983.678932024579
all,2,ts,-,-,2000000,1379.2379250961417,0.985,0.3,57.21338205752374,495.5435663754718,982.4084664719372,1145.104007806881,1273.1449870851022,1379.2379250961417
all,2,eb_ts,-,-,2000000,2453.9572319139033,0.0,0.3,44.538409407036546,329.6280206493732,621.2093596356382,940.8942618972014,1454.8961015385405,2453.9572319139033
all,2,comp_ts,attr,-,2000000,776.2172710540004,0.968,0.3,49.65700235895491,244.96298249029587,330.4314350760724,461.7362751603994,614.4555761263848,776.2172710540004
all,2,sp_klucb,attr,oracle,2000000,3070.9404873469716,0.7615,11.7,53.111947650271006,399.07787191128455,843.0660377892679,1492.7752100604152,2286.930208489886,3070.9404873469716
all,2,sp_klucb,attr,prefix,2000000,3592.9640238038996,0.533,11.9,53.76839599886016,431.38995548948054,963.557953193811,1558.7473911540771,2679.0178350210185,3592.9640238038996
all,2,sp_klucb,attr,none,2000000,3026.6755278787887,0.0,11.8,53.91432486957625,478.5662493819547,1032.5754842172448,1479.0706051083644,2022.783245783538,3026.6755278787887
all,2,comp_ts,audience,-,2000000,887.4076059547327,0.9075,0.3,54.172254293353,225.05480165236136,353.5296917153132,507.1093115758099,707.0059611697541,887.4076059547327
all,2,sp_klucb,audience,oracle,2000000,2888.5559516915137,0.8115,11.9,58.14579834990215,433.77867603928917,875.9465181636607,1541.1586249971008,2441.294181613095,2888.5559516915137
all,2,sp_klucb,audience,prefix,2000000,3084.0736887330127,0.742,11.6,57.09442127607709,442.3972070128772,1008.1488092835891,1817.5297089001883,2381.8473670272742,3084.0736887330127
all,2,sp_klucb,audience,none,2000000,2332.480924667953,0.0005,11.8,56.64342752814284,401.82608454659766,654.2537588300903,946.771189390621,1419.6220959495445,2332.480924667953
all,2,comp_ts,attr~rw,-,2000000,1127.1236307845074,0.988,0.3,52.140171591069006,401.1882791573528,637.4929115127034,952.9190122648694,1057.3475726158358,1127.1236307845074
all,2,sp_klucb,attr~rw,oracle,2000000,3352.597459285252,0.6155,11.2,56.511197814088106,480.08037097774303,1022.7014557653607,1749.071312106179,2587.251912976961,3352.597459285252
all,2,sp_klucb,attr~rw,prefix,2000000,3460.8247506301163,0.76,11.7,55.94157263821453,493.03477029936295,1037.4409796861623,1711.3601377393486,2461.96108491339,3460.8247506301163
all,2,sp_klucb,attr~rw,none,2000000,716.1600136625188,1.0,12.1,54.888093211677976,468.93444745686696,693.6616721631186,704.9697242045892,709.8951163347275,716.1600136625188
all,3,klucb,-,-,2000000,2604.825246959987,0.8685,6.2,54.857343191512726,500.6953649685785,1051.5954137564866,1615.896212990058,2219.9559451533937,2604.825246959987
all,3,klucb_ell,-,-,2000000,3795.172195516468,0.8755,5.7,54.857343191512726,526.3065773581649,1192.3102824342457,2102.227878224704,3169.1919045940863,3795.172195516468
all,3,ts,-,-,2000000,1420.0867518216025,0.961,0.2,55.09497631489767,468.8464003737134,887.7104430424798,1041.892503735443,1216.3036262966923,1420.0867518216025
all,3,eb_ts,-,-,2000000,696.1276917653986,0.981,0.2,56.71398895757909,387.58377765399877,510.5335281265122,545.786744016857,615.9610917394073,696.1276917653986
all,3,comp_ts,attr,-,2000000,772.1605800373238,0.9635,0.3,55.36569948700567,243.65967309053923,405.95164948038934,523.1698511787775,635.5365788637289,772.1605800373238
all,3,sp_klucb,attr,oracle,2000000,3170.3134367746657,0.8435,11.6,55.235436163631725,415.91104546506637,935.9852736229415,1657.3826554107925,2546.462188225246,3170.3134367746657
all,3,sp_klucb,attr,prefix,2000000,3344.2388010255327,0.6835,11.6,55.666011543101256,478.48269021482514,946.9360396406638,1825.8407151960225,2681.83565594517,3344.2388010255327
all,3,sp_klucb,attr,none,2000000,3122.0119480073736,0.0,11.5,55.80974243220107,484.5822091695573,1055.6231051224154,1548.4569447032734,2134.301014115652,3122.0119480073736
all,3,comp_ts,audience,-,2000000,827.7801426287236,0.9625,0.4,45.36929600537913,272.95304501853764,485.0466159269677,583.3114636572437,695.2852110179501,827.7801426287236
all,3,sp_klucb,audience,oracle,2000000,2764.1577180417057,0.7645,11.7,57.54708405611932,448.51593131724286,907.1539666105402,1506.8702674269334,2303.721504325417,2764.1577180417057
all,3,sp_klucb,audience,prefix,2000000,2843.648296730278,0.846,11.5,56.985437848119496,451.26764789092744,1028.4271422364336,1839.6505130973878,2561.1624586280063,2843.648296730278
all,3,sp_klucb,audience,none,2000000,2308.328398999092,0.0,11.7,57.62161474934453,431.1366250862755,653.5884314350822,936.7356830160983,1418.11139069541,2308.328398999092
all,3,comp_ts,attr~rw,-,2000000,853.6906323330861,0.9415,0.3,48.91115901431464,423.20198744295607,518.1583698977656,564.7832995700127,670.5515063036414,853.6906323330861
all,3,sp_klucb,attr~rw,oracle,2000000,3641.8791226928147,0.6885,11.6,55.35937042822845,498.50680144160486,1063.3941373712883,1798.596325655492,2980.4535132260316,3641.8791226928147
all,3,sp_klucb,attr~rw,prefix,2000000,3256.719181965736,0.837,11.6,55.072786492554535,516.0416527652625,1084.338056427901,1652.445428670054,2613.950558541176,3256.719181965736
all,3,sp_klucb,attr~rw,none,2000000,765.2374339600702,0.997,11.5,54.495146087809104,464.28621457545313,700.2826571873344,732.0435421094556,744.3806734481791,765.2374339600702
all,4,klucb,-,-,2000000,2572.5270069086387,0.9785,6.2,55.458591257963946,502.8152130491895,1061.7229492851943,1692.6120352796163,2212.3856875004785,2572.5270069086387
all,4,klucb_ell,-,-,2000000,3951.533461708526,0.5205,5.6,55.458591257963946,519.6050427808877,1219.3497331591443,2093.930495484571,3140.6091836637934,3951.533461708526
all,4,ts,-,-,2000000,1173.4274370925134,0.9755,0.2,57.21886475886808,490.8555086966199,735.5192048124363,887.8820900652228,1041.5206639015414,1173.4274370925134
all,4,eb_ts,-,-,2000000,654.7256776855563,0.9695,0.3,53.63374408144357,211.08548621297567,295.3088789568651,434.3158194759008,552.7348846902119,654.7256776855563
all,4,comp_ts,attr,-,2000000,996.5021193571511,0.9505,0.3,44.65836566567168,338.3255118836647,593.6182112179778,723.8586149648929,857.3648414041053,996.5021193571511
all,4,sp_klucb,attr,oracle,2000000,3294.436863617171,0.8495,11.7,55.92296687297636,458.72854501317653,892.7833588401734,1602.10051598546,2325.7057299715148,3294.436863617171
all,4,sp_klucb,attr,prefix,2000000,3203.6069270547023,0.9275,11.7,53.90130892729485,441.61624246707635,934.4534273121492,1425.347355568217,2596.1301243822054,3203.6069270547023
all,4,sp_klucb,attr,none,2000000,2866.126536085534,0.0,11.4,54.47977670380353,468.46516194105834,999.7849280048758,1361.4314707998449,1877.7255943850653,2866.126536085534
all,4,comp_ts,audience,-,2000000,1737.5122488858453,0.9755,0.3,51.33414514407335,336.86667204696073,601.4118405113808,961.6271721568504,1550.3908628408901,1737.5122488858453
all,4,sp_klucb,audience,oracle,2000000,2522.4236328233906,0.9695,11.7,58.20382657264385,471.06436181137065,917.5231066607352,1541.595408235378,2100.568396049579,2522.4236328233906
all,4,sp_klucb,audience,prefix,2000000,2876.3025112491173,0.547,11.7,59.845310911016426,449.096922940658,972.5249370405937,1583.3159052207652,2327.0156759719152,2876.3025112491173
all,4,sp_klucb,audience,none,2000000,2294.1763096442796,0.0,11.9,59.56221683934513,396.6808463336728,648.2059693758828,898.0378640361513,1401.4860434120085,2294.1763096442796
all,4,comp_ts,attr~rw,-,2000000,2808.4960831771123,0.0,0.3,52.55347935893288,448.3370383816733,893.9811139592532,1163.6401263640103,1797.3163829353102,2808.4960831771123
all,4,sp_klucb,attr~rw,oracle,2000000,3629.8100714611946,0.91,11.9,55.52332509476618,466.62424118354187,997.0290326639242,1820.259724111701,2876.482300119741,3629.8100714611946
all,4,sp_klucb,attr~rw,prefix,2000000,3095.682124785765,0.9475,11.7,54.38835435969116,472.8235440259674,978.1620677134223,1652.0305161127565,2316.277618301039,3095.682124785765
all,4,sp_klucb,attr~rw,none,2000000,1412.529691530005,1.0,12.1,55.83411939333499,483.7862679582599,898.643661640927,1164.3757163571522,1385.7769577113368,1412.529691530005
all,5,klucb,-,-,2000000,2749.489693091329,0.826,6.3,54.85473591572905,486.2224995148211,1108.1533805381048,1738.9118215520866,2267.048671525574,2749.489693091329
all,5,klucb_ell,-,-,2000000,4050.7834541168295,0.7435,5.6,54.85473591572905,535.481077794072,1207.812383987042,2158.7619295531576,3218.1440168917907,4050.7834541168295
all,5,ts,-,-,2000000,1344.3121189109427,0.9695,0.2,56.395185439283296,455.84974873970276,821.3407534989205,1042.2023179995927,1213.683517246566,1344.3121189109427
all,5,eb_ts,-,-,2000000,543.9561470395691,0.978,0.3,56.82003200610811,198.23543197570507,251.90504324436662,303.88177225091886,415.405824255773,543.9561470395691
all,5,comp_ts,attr,-,2000000,1225.202738275363,0.9805,0.3,55.524883455718935,426.508343395078,730.3594055844793,1028.7423220828482,1163.782061903897,1225.202738275363
all,5,sp_klucb,attr,oracle,2000000,3055.6667008325994,0.838,12.3,54.527430392301525,456.5781462004542,959.2753150910602,1544.9530269240975,2367.2108996442794,3055.6667008325994
all,5,sp_klucb,attr,prefix,2000000,3417.244460688412,0.9355,12.9,54.60201751861912,439.7272312422678,940.4510555361849,1712.9472411276402,2744.322089453265,3417.244460688412
all,5,sp_klucb,attr,none,2000000,3107.836035458057,0.0,13.5,53.89518671652254,473.15361728095235,1011.2359349094037,1535.0339261508377,2078.887676626039,3107.836035458057
all,5,comp_ts,audience,-,2000000,994.6794188095236,0.9775,0.5,51.200170520339725,424.11739272322023,637.9850980910586,762.9278246993584,874.8419519343871,994.6794188095236
all,5,sp_klucb,audience,oracle,2000000,2837.288524830563,0.9225,15.1,58.69419312619579,454.90330728660956,961.4973814354099,1667.1708926096667,2230.302640004513,2837.288524830563
all,5,sp_klucb,audience,prefix,2000000,3170.108634595294,0.8155,15.2,57.73867660098624,471.4639555071616,1023.7320540194842,1937.207219961897,2519.2090945756468,3170.108634595294
all,5,sp_klucb,audience,none,2000000,2365.962941305523,0.0,15.0,59.256840619299844,414.12286334788286,662.5813291491777,959.092993441599,1436.7920837436093,2365.962941305523
all,5,comp_ts,attr~rw,-,2000000,726.9613040882946,0.9875,0.4,53.995240200466796,463.8453887450187,567.4148970937537,604.1430500802182,662.8776372822354,726.9613040882946
all,5,sp_klucb,attr~rw,oracle,2000000,3322.325417138889,0.939,14.8,55.4354352891886,479.5763967014717,988.8006335922258,1630.5326059800389,2551.6521540485946,3322.325417138889
all,5,sp_klucb,attr~rw,prefix,2000000,3667.0612774745905,0.6565,14.8,56.48878984239439,493.4323389156534,993.5748765205581,1822.3147609711827,2610.5330193115083,3667.0612774745905
all,5,sp_klucb,attr~rw,none,2000000,968.4079433360437,0.999,14.6,55.00057916083215,485.2424202395778,911.7283991053058,956.4028674406709,961.3282595708092,968.4079433360437
all,6,klucb,-,-,2000000,2563.5692153882537,0.8825,7.3,56.05179138698105,501.5665481559832,1042.521807920581,1728.6730385404817,2391.0087601704226,2563.5692153882537
all,6,klucb_ell,-,-,2000000,3720.057210062873,0.985,6.7,56.05179138698105,527.6457429785687,1190.6761578955652,2047.3490131349115,3133.820203795688,3720.057210062873
all,6,ts,-,-,2000000,1376.1293711964606,0.9805,0.3,54.81074504324356,484.9754704333277,863.6538630350742,1076.173805485714,1273.2547477141613,1376.1293711964606
all,6,eb_ts,-,-,2000000,562.2901897275761,0.9925,0.2,55.03790889417057,197.70872582938605,286.48306947141776,381.15790461741284,486.4072799546097,562.2901897275761
all,6,comp_ts,attr,-,2000000,870.6503934384099,0.97,0.4,53.212682169018024,447.81078097604546,609.0499445609793,684.1623178049515,764.6362986190502,870.6503934384099
all,6,sp_klucb,attr,oracle,2000000,3305.7536728863784,0.876,14.3,54.696018476891034,452.49819707753886,928.4919237221214,1571.008245517793,2914.159549328774,3305.7536728863784
all,6,sp_klucb,attr,prefix,2000000,3154.3609693960393,0.8425,14.1,54.178728218491614,438.4899999438962,912.3815938401289,1603.8977429824401,2952.9945557874603,3154.3609693960393
all,6,sp_klucb,attr,none,2000000,3013.164027241579,0.0,14.3,54.80072723914781,475.9832293020031,903.9543197105404,1403.3548272744044,2035.650253789105,3013.164027241579
all,6,comp_ts,audience,-,2000000,868.0059618016483,0.9615,0.4,61.978197997221784,434.5563537585085,607.7443536902923,693.9873686811551,791.1631023545032,868.0059618016483
all,6,sp_klucb,audience,oracle,2000000,2586.0775926976908,0.9055,14.7,56.86741529208089,458.0775021770925,896.2400307248241,1616.6310956068178,2502.8704269482546,2586.0775926976908
all,6,sp_klucb,audience,prefix,2000000,3032.4538993867877,0.7255,14.9,57.578686434815864,463.4169639794017,1057.5276418508854,1812.505225225828,2582.8011473499914,3032.4538993867877
all,6,sp_klucb,audience,none,2000000,2366.842163979508,0.0,15.1,56.44730649837692,429.3408987320681,704.0066064752394,999.4687963647235,1485.8076691975114,2366.842163979508
all,6,comp_ts,attr~rw,-,2000000,816.9779496786169,0.9515,0.4,55.332832032834915,288.5014610769705,418.17879470491107,511.86245026379095,659.9186545581356,816.9779496786169
all,6,sp_klucb,attr~rw,oracle,2000000,3086.2974838787045,0.9675,15.3,55.70107962037261,496.83016264253195,998.1770895455062,1797.3647335159974,2608.8176496247993,3086.2974838787045
all,6,sp_klucb,attr~rw,prefix,2000000,2988.674492291831,0.965,15.1,56.30281946562785,505.0811027767092,1052.6583269797259,1754.9218725858457,2702.2392345908365,2988.674492291831
all,6,sp_klucb,attr~rw,none,2000000,800.2965308276803,1.0,15.1,56.051775175531944,509.4920914202308,758.308359788506,791.740698063183,800.2965308276803,800.2965308276803
all,7,klucb,-,-,2000000,2447.1506029867646,0.952,7.3,54.89424087818284,493.0757028953381,1069.6165338850224,1681.87678182555,2115.664592330179,2447.1506029867646
all,7,klucb_ell,-,-,2000000,4144.15823430185,0.918,6.8,54.89424087818284,529.4967747753695,1245.3523308431122,2147.848840145809,3160.8314033346537,4144.15823430185
all,7,ts,-,-,2000000,1427.2503209574622,0.934,0.2,55.118611436946715,448.579656773109,798.8332574811537,1043.9920410699046,1249.2683574874904,1427.2503209574622
all,7,eb_ts,-,-,2000000,596.6477817202953,0.984,0.3,56.49540969666669,256.3233058634681,344.4173143074413,424.2705988344931,503.7675438773823,596.6477817202953
all,7,comp_ts,attr,-,2000000,687.977314131212,0.9685,0.4,46.58221362757769,238.1953368944507,321.2619842385499,409.18804209929056,543.6778368640474,687.977314131212
all,7,sp_klucb,attr,oracle,2000000,3563.4396122485696,0.8675,13.5,53.93533776221838,422.2710237032958,828.882196640711,1411.432558553335,2234.6391301187386,3563.4396122485696
all,7,sp_klucb,attr,prefix,2000000,3556.745366686416,0.852,13.0,54.13726588825611,457.26450563444513,862.4125292234262,1539.1884203795041,2546.2755671928553,3556.745366686416
all,7,sp_klucb,attr,none,2000000,1548.7282938572932,0.995,12.5,53.43942413626989,462.9640870500638,987.497275457561,1289.9442777084746,1481.6953809902795,1548.7282938572932
all,7,comp_ts,audience,-,2000000,873.1849637413886,0.968,0.4,43.95069028580222,309.2298921853515,478.58002341801455,645.7976208788295,747.631211920635,873.1849637413886
all,7,sp_klucb,audience,oracle,2000000,2415.976315592274,0.9185,11.6,59.00941317670371,453.34464621604536,918.4281691590016,1480.366366155081,1990.4032992030295,2415.976315592274
all,7,sp_klucb,audience,prefix,2000000,2968.895768026911,0.9345,11.6,58.9539543697186,483.64457445697985,1002.1222784306915,1809.1369388889893,2385.8060774714327,2968.895768026911
all,7,sp_klucb,audience,none,2000000,2325.576312529725,0.0,11.8,62.15858406348594,450.0201947450392,660.7351337133373,966.3700925221912,1426.5283372863103,2325.576312529725
all,7,comp_ts,attr~rw,-,2000000,2622.198437931107,0.0,0.3,53.42393036969243,428.3172148026333,736.2884460985158,1071.1372165356804,1630.3706702736797,2622.198437931107
all,7,sp_klucb,attr~rw,oracle,2000000,3223.420034027832,0.9225,12.3,54.20049999679958,444.81601587012807,1027.4151007507373,1782.4738088657452,2523.570223210562,3223.420034027832
all,7,sp_klucb,attr~rw,prefix,2000000,2897.899263298016,0.8145,12.1,54.823371281428635,533.7115079945995,1063.8065921927855,1739.802589887217,2272.1346533994765,2897.899263298016
all,7,sp_klucb,attr~rw,none,2000000,2743.7054633689263,0.0,16.4,54.43781397489769,481.08740619424583,913.21567546334,1222.183083502378,1735.300565520695,2743.7054633689263
all,8,klucb,-,-,2000000,2906.5490829455125,0.908,9.5,54.014351890293355,501.29687082724666,1098.2993254361977,1782.4467487288719,2383.2219503674933,2906.5490829455125
all,8,klucb_ell,-,-,2000000,4062.233298561448,0.848,9.1,54.014351890293355,536.0415262891412,1253.3194371911259,2186.2764490739296,3222.84010168579,4062.233298561448
all,8,ts,-,-,2000000,1362.7345809875437,0.976,0.2,54.522731775026905,475.20516436791115,908.5590691876106,1096.0088957844011,1230.9086435525057,1362.7345809875437
all,8,eb_ts,-,-,2000000,573.3626118715991,0.9545,0.2,49.099491203601374,199.93150419935745,258.5413309752292,327.93696988378065,453.7096962000573,573.3626118715991
all,8,comp_ts,attr,-,2000000,1002.1986640457344,0.982,0.3,48.19295151361648,322.3351161003167,640.0724936155949,798.5781533793036,883.5505150064776,1002.1986640457344
all,8,sp_klucb,attr,oracle,2000000,3935.3193675242765,0.6295,1016.7,53.124410656269646,452.80656868885706,908.0346008550055,1613.7030407129812,2913.4047083449314,3935.3193675242765
all,8,sp_klucb,attr,prefix,2000000,3512.2438405396992,0.5795,1016.5,55.02036484921234,463.82765605707584,829.4627112387805,1407.6668512748654,2475.73846161627,3512.2438405396992
all,8,sp_klucb,attr,none,2000000,3368.995852065785,0.0,1016.5,55.38666560566188,468.64447340471486,1045.2984590150465,1770.9615344485535,2303.3014054755,3368.995852065785
all,8,comp_ts,audience,-,2000000,1004.0125721680604,0.9085,0.2,49.86246400926124,406.29928130834327,611.1472709427792,744.2300515363771,869.5685281226218,1004.0125721680604
all,8,sp_klucb,audience,oracle,2000000,2748.5717337042074,0.636,8.5,58.69287655361488,455.05747892063073,897.6303200805507,1510.468455445788,2004.5893212279711,2748.5717337042074
all,8,sp_klucb,audience,prefix,2000000,3314.600100042115,0.684,8.3,58.629675890420955,487.99673927014425,1050.5589213953422,1793.4652508638414,2632.425170075093,3314.600100042115
all,8,sp_klucb,audience,none,2000000,2382.2598821995075,0.0,8.4,57.99874370045565,465.04114343529517,689.3981986576738,969.1679215380868,1454.338051772163,2382.2598821995075
all,8,comp_ts,attr~rw,-,2000000,825.5427800004511,0.914,0.2,48.263613211957505,171.8138874592835,328.46601404124186,434.56946345326236,514.3856035257365,825.5427800004511
all,8,sp_klucb,attr~rw,oracle,2000000,3391.387027573213,0.959,9.2,55.24684747344991,449.9740418631961,973.4053377453639,1579.1638937820508,2390.344770199169,3391.387027573213
all,8,sp_klucb,attr~rw,prefix,2000000,3943.4171898993222,0.9465,9.2,55.12550569619551,505.3062725133609,1060.7119628724408,1880.17284137232,2757.9497903407923,3943.4171898993222
all,8,sp_klucb,attr~rw,none,2000000,884.1212835469057,0.999,9.4,54.89525488053422,496.32728333914554,805.9972179898651,839.1969703508785,854.8445507883172,884.1212835469057
all,9,klucb,-,-,2000000,2732.765731323745,0.7455,948.1,55.31478547265524,496.06758809573506,1075.7788620092233,1695.450954877054,2200.886840334575,2732.765731323745
all,9,klucb_ell,-,-,2000000,4045.4672315826715,0.7125,947.5,55.31478547265524,531.2639384421223,1221.7309639087537,2129.119124255909,3278.676745204204,4045.4672315826715
all,9,ts,-,-,2000000,1227.703392592344,0.954,0.2,55.25158116281782,449.4947835336253,797.1254048150228,936.454231248075,1066.1191397552916,1227.703392592344
all,9,eb_ts,-,-,2000000,543.5659030650575,0.9745,0.2,52.63969193549791,141.50747027626142,204.6880255867926,275.6410691002639,378.5090308792386,543.5659030650575
all,9,comp_ts,attr,-,2000000,978.1990217302956,0.981,0.3,50.72842880062976,278.7720724950389,550.9428170784901,776.9495860219803,875.2301528340079,978.1990217302956
all,9,sp_klucb,attr,oracle,2000000,3405.350540884725,0.6525,952.8,54.13939691026632,412.2991932283863,845.5650390986294,1559.3873820297679,2340.6252840874977,3405.350540884725
all,9,sp_klucb,attr,prefix,2000000,3546.9998201040407,0.7575,10.0,54.87818233359751,445.19647782692726,882.3110936876611,1535.4888541525365,2770.947997019759,3546.9998201040407
all,9,sp_klucb,attr,none,2000000,3042.9544498058012,0.0005,9.8,54.94290333257184,478.3903179427241,964.4067654853039,1377.9929755933701,2008.7978752804065,3042.9544498058012
all,9,comp_ts,audience,-,2000000,830.68566964415,0.9565,0.3,54.179501578118995,330.6432474970476,475.24605235105037,578.4377722979277,705.9522073084695,830.68566964415
all,9,sp_klucb,audience,oracle,2000000,2826.7301281056266,0.659,9.8,57.32059048840545,437.59865359019796,911.1059673794138,1534.7834923242817,2079.8498463328533,2826.7301281056266
all,9,sp_klucb,audience,prefix,2000000,3208.8823896019844,0.5895,9.9,57.739992420209006,450.54225024721234,1057.0893022166829,1847.4234531766388,2448.3219918932496,3208.8823896019844
all,9,sp_klucb,audience,none,2000000,2470.366003061848,0.0,9.8,58.518803239073286,430.18898984932565,711.1397938541188,1045.40519531687,1532.8594482289677,2470.366003061848
all,9,comp_ts,attr~rw,-,2000000,1760.4294757411758,0.9905,0.3,55.35679022299364,493.5297367754745,917.2344717383667,1237.8581715692683,1706.2931604572484,1760.4294757411758
all,9,sp_klucb,attr~rw,oracle,2000000,3589.0827556626514,0.7825,1073.1,56.13759377770654,446.06231223312443,998.3107186144138,1616.6081586894718,2513.7992444080737,3589.0827556626514
all,9,sp_klucb,attr~rw,prefix,2000000,3956.3910616791504,0.6565,1073.3,55.1534257821162,499.9949609465844,987.727591311397,1761.4379978467105,2647.3329359232484,3956.3910616791504
all,9,sp_klucb,attr~rw,none,2000000,1213.9806940254175,0.9995,1073.1,55.931180376253174,462.71148329378957,782.4556573181601,1146.5023488633,1207.0546489823598,1213.9806940254175
all,10,klucb,-,-,2000000,2795.467679656325,0.919,5.3,56.50441824986962,496.5094827044685,1100.1120576784087,1819.7300877052487,2414.014439841442,2795.467679656325
all,10,klucb_ell,-,-,2000000,4015.0271001522233,0.801,4.8,56.50441824986962,530.9449362907403,1236.1436768891103,2120.9412058433786,3176.2570071522355,4015.0271001522233
all,10,ts,-,-,2000000,1309.4797914064025,0.9565,0.2,54.584185941963554,467.9070249162329,769.388300058812,987.997326883096,1120.8221799875278,1309.4797914064025
all,10,eb_ts,-,-,2000000,868.4677196290538,0.924,0.2,57.72644126916623,227.381576683081,444.8534856383055,611.1328800402616,757.5727660591235,868.4677196290538
all,10,comp_ts,attr,-,2000000,681.3640718214168,0.972,0.3,51.549117340158524,231.3196174950803,319.5144191294422,401.73449404016054,530.5042300129846,681.3640718214168
all,10,sp_klucb,attr,oracle,2000000,3653.467067423359,0.864,10.5,54.6625296452925,424.1345185980402,953.6893520041575,1707.6803612610195,2793.0352010862966,3653.467067423359
all,10,sp_klucb,attr,prefix,2000000,3182.9844537559297,0.752,10.4,55.11661730623354,463.5899515612573,907.4113906508173,1780.802000827767,2590.31979511053,3182.9844537559297
all,10,sp_klucb,attr,none,2000000,3003.1011335358467,0.0,10.5,55.526861131701715,484.8506458090488,976.3939372319757,1358.6989270069307,1941.5667175620035,3003.1011335358467
all,10,comp_ts,audience,-,2000000,1089.4136418499006,0.9615,0.3,47.79119188764535,290.37246118357484,538.1710617361442,787.9527515443274,941.8323631386404,1089.4136418499006
all,10,sp_klucb,audience,oracle,2000000,2630.2156860817295,0.814,10.0,59.042982719880975,441.68467766319,922.36809618063,1441.8122779539585,2120.688586093023,2630.2156860817295
all,10,sp_klucb,audience,prefix,2000000,3011.5926027788882,0.8305,10.4,59.12206225805038,492.2218176840384,1051.98764353229,1679.1657745434186,2440.6553500653795,3011.5926027788882
all,10,sp_klucb,audience,none,2000000,2416.3382999523305,0.0,10.5,58.601854677232886,438.25757114751895,717.8417129720367,1000.6309886284087,1467.562713312126,2416.3382999523305
all,10,comp_ts,attr~rw,-,2000000,692.6942784387212,0.9825,0.3,51.668820642145405,253.27790513619917,419.4863486686255,524.6183937026273,605.551429075826,692.6942784387212
all,10,sp_klucb,attr~rw,oracle,2000000,3647.2073335483133,0.7475,10.7,56.10801217761882,462.56644773573225,1076.0285744421442,1812.180126936892,2733.322199306092,3647.2073335483133
all,10,sp_klucb,attr~rw,prefix,2000000,3382.482467201666,0.796,10.4,54.94754864310896,515.7064148682008,1153.6215379033308,1761.3489879010776,2692.409353283256,3382.482467201666
all,10,sp_klucb,attr~rw,none,2000000,2874.242336076188,0.0,10.4,54.58124486582223,493.1460351983235,1036.281063919396,1305.3443504022464,1822.2983213383457,2874.242336076188
all,11,klucb,-,-,2000000,2757.7645443115534,0.795,5.4,55.26633466769408,520.6501150087811,1093.434441898607,1674.5745581001331,2259.687287134001,2757.7645443115534
all,11,klucb_ell,-,-,2000000,3930.252888191196,0.684,5.0,55.26633466769408,538.0961176023352,1244.8597138317723,2161.1955364446085,3001.1477107110322,3930.252888191196
all,11,ts,-,-,2000000,1386.5319883752354,0.949,0.2,57.14981714468295,464.4812913247472,831.6097598662054,1000.4882338644203,1204.8378595014183,1386.5319883752354
all,11,eb_ts,-,-,2000000,1185.0894120266873,0.988,0.2,52.99490201052404,289.3284029280074,588.2557137219846,907.7452197877324,1120.1463626758248,1185.0894120266873
