case,baseline,baseline_minus_long_kg,ci95_halfwidth
homogeneous_0,ps,0.0,0.0
homogeneous_0,greedy,0.0,0.0
homogeneous_0,ts,-0.0019987617688162263,0.0023354178744553126
homogeneous_0,two_step,0.0,0.0
homogeneous_0.1,ps,0.02142496751219115,0.0020415786696922583
homogeneous_0.1,greedy,0.00013510349178547654,0.0012455870826355853
homogeneous_0.1,ts,0.03954819120365631,0.002075868066561612
homogeneous_0.1,two_step,0.00010569796825140587,0.0004621056523760506
homogeneous_0.5,ps,0.1271239448464809,0.0024801925119962293
homogeneous_0.5,greedy,-0.0005867032991082905,0.0022762905909630505
homogeneous_0.5,ts,0.1949080019047629,0.0024604567151514513
homogeneous_0.5,two_step,-0.0004932038349746454,0.0017306828293343632
homogeneous_0.9,ps,0.10947987976982619,0.0018115429908294304
homogeneous_0.9,greedy,0.00395567398068295,0.002606987220321073
homogeneous_0.9,ts,0.15848724462380398,0.0018378626908151275
homogeneous_0.9,two_step,-0.02396073657545073,0.0019661789854740408
homogeneous_0.99,ps,-0.016400421778926408,0.0009845583589361056
homogeneous_0.99,greedy,0.10281776001630093,0.006076619633524498
homogeneous_0.99,ts,-0.011034038030595985,0.0008697767460099309
homogeneous_0.99,two_step,0.033862972445266856,0.00532221311854611
homogeneous_0.995,ps,-0.02191200212628645,0.000912882573703785
homogeneous_0.995,greedy,0.13949397585979634,0.009715463185980669
homogeneous_0.995,ts,-0.01910747337572994,0.000945899748557148
homogeneous_0.995,two_step,0.062406532064427374,0.008014798279235144
