case,run,policy,horizon,regret,coefficient,tail_coefficient,reward_rate,oracle_rate,last_arm_fraction,counts
homogeneous_0,0,long_kg,30000,34823.682455679,1.1607894151893001,1.1522378828401822,0.0003584587925270047,1.1611478739818386,0.0,"[30000, 0, 0, 0, 0]"
homogeneous_0,0,past_state_genie,30000,34823.682455679,1.1607894151893001,1.1522378828401822,0.0003584587925270047,1.1611478739818386,0.0,"[30000, 0, 0, 0, 0]"
homogeneous_0,1,long_kg,30000,35211.405099208896,1.1737135033069632,1.1841513768197016,-0.008601378820536307,1.1651121244864282,0.0,"[30000, 0, 0, 0, 0]"
homogeneous_0,1,past_state_genie,30000,35211.405099208896,1.1737135033069632,1.1841513768197016,-0.008601378820536307,1.1651121244864282,0.0,"[30000, 0, 0, 0, 0]"
homogeneous_0,2,long_kg,30000,34796.165630224445,1.1598721876741482,1.1569151469887646,0.0018097157017333424,1.1616819033758823,0.0,"[30000, 0, 0, 0, 0]"
homogeneous_0,2,past_state_genie,30000,34796.165630224445,1.1598721876741482,1.1569151469887646,0.0018097157017333424,1.1616819033758823,0.0,"[30000, 0, 0, 0, 0]"
homogeneous_0,3,long_kg,30000,34935.4410647883,1.1645147021596098,1.1668946705473335,-0.007448446827429071,1.1570662553321969,0.0,"[30000, 0, 0, 0, 0]"
homogeneous_0,3,past_state_genie,30000,34935.4410647883,1.1645147021596098,1.1668946705473335,-0.007448446827429071,1.1570662553321969,0.0,"[30000, 0, 0, 0, 0]"
homogeneous_0,4,long_kg,30000,35066.15317473316,1.1688717724911053,1.1625468515821946,-0.008634749774970469,1.1602370227161356,0.0,"[30000, 0, 0, 0, 0]"
homogeneous_0,4,past_state_genie,30000,35066.15317473316,1.1688717724911053,1.1625468515821946,-0.008634749774970469,1.1602370227161356,0.0,"[30000, 0, 0, 0, 0]"
homogeneous_0,5,long_kg,30000,34713.33470543809,1.1571111568479362,1.1608007605516182,0.001953749158476474,1.159064906006412,0.0,"[30000, 0, 0, 0, 0]"
homogeneous_0,5,past_state_genie,30000,34713.33470543809,1.1571111568479362,1.1608007605516182,0.001953749158476474,1.159064906006412,0.0,"[30000, 0, 0, 0, 0]"
homogeneous_0,6,long_kg,30000,35101.31063449492,1.1700436878164973,1.1432648004483772,-0.011109531698684522,1.158934156117814,0.0,"[30000, 0, 0, 0, 0]"
homogeneous_0,6,past_state_genie,30000,35101.31063449492,1.1700436878164973,1.1432648004483772,-0.011109531698684522,1.158934156117814,0.0,"[30000, 0, 0, 0, 0]"
homogeneous_0,7,long_kg,30000,34709.20248411329,1.1569734161371097,1.1577891363549653,0.0031262391725068754,1.1600996553096077,0.0,"[30000, 0, 0, 0, 0]"
homogeneous_0,7,past_state_genie,30000,34709.20248411329,1.1569734161371097,1.1577891363549653,0.0031262391725068754,1.1600996553096077,0.0,"[30000, 0, 0, 0, 0]"
homogeneous_0,8,long_kg,30000,34947.597615853505,1.1649199205284502,1.1642517907414973,-0.0018024546212364898,1.163117465907213,0.0,"[30000, 0, 0, 0, 0]"
homogeneous_0,8,past_state_genie,30000,34947.597615853505,1.1649199205284502,1.1642517907414973,-0.0018024546212364898,1.163117465907213,0.0,"[30000, 0, 0, 0, 0]"
homogeneous_0,9,long_kg,30000,35000.68952866675,1.1666896509555582,1.1670271878294314,-0.0020573684308161297,1.1646322825247464,0.0,"[30000, 0, 0, 0, 0]"
homogeneous_0,9,past_state_genie,30000,35000.68952866675,1.1666896509555582,1.1670271878294314,-0.0020573684308161297,1.1646322825247464,0.0,"[30000, 0, 0, 0, 0]"
homogeneous_0,10,long_kg,30000,34938.116981673775,1.164603899389126,1.1643327334110989,-0.0005639882662819057,1.164039911122831,0.0,"[30000, 0, 0, 0, 0]"
homogeneous_0,10,past_state_genie,30000,34938.116981673775,1.164603899389126,1.1643327334110989,-0.0005639882662819057,1.164039911122831,0.0,"[30000, 0, 0, 0, 0]"
homogeneous_0,11,long_kg,30000,34878.92823761367,1.162630941253789,1.172200825227798,0.0004463299374252869,1.1630772711912198,0.0,"[30000, 0, 0, 0, 0]"
homogeneous_0,11,past_state_genie,30000,34878.92823761367,1.162630941253789,1.172200825227798,0.0004463299374252869,1.1630772711912198,0.0,"[30000, 0, 0, 0, 0]"
homogeneous_0,12,long_kg,30000,35014.26046975993,1.1671420156586643,1.161570427564197,-0.002007716545293942,1.1651342991133642,0.0,"[30000, 0, 0, 0, 0]"
homogeneous_0,12,past_state_genie,30000,35014.26046975993,1.1671420156586643,1.161570427564197,-0.002007716545293942,1.1651342991133642,0.0,"[30000, 0, 0, 0, 0]"
homogeneous_0,13,long_kg,30000,34789.629717001284,1.1596543239000427,1.164698063916166,-0.0013537051421311519,1.1583006187579148,0.0,"[30000, 0, 0, 0, 0]"
homogeneous_0,13,past_state_genie,30000,34789.629717001284,1.1596543239000427,1.164698063916166,-0.0013537051421311519,1.1583006187579148,0.0,"[30000, 0, 0, 0, 0]"
homogeneous_0,14,long_kg,30000,34950.46150332497,1.1650153834441657,1.1615543736731921,-0.0024316031177371903,1.16258378032644,0.0,"[30000, 0, 0, 0, 0]"
homogeneous_0,14,past_state_genie,30000,34950.46150332497,1.1650153834441657,1.1615543736731921,-0.0024316031177371903,1.16258378032644,0.0,"[30000, 0, 0, 0, 0]"
homogeneous_0,15,long_kg,30000,35013.090816912074,1.1671030272304024,1.1588376820957698,-0.0049944806492000626,1.1621085465811969,0.0,"[30000, 0, 0, 0, 0]"
homogeneous_0,15,past_state_genie,30000,35013.090816912074,1.1671030272304024,1.1588376820957698,-0.0049944806492000626,1.1621085465811969,0.0,"[30000, 0, 0, 0, 0]"
homogeneous_0,16,long_kg,30000,35101.61826421215,1.170053942140405,1.1804452871355988,-0.0037010596871440552,1.1663528824532483,0.0,"[30000, 0, 0, 0, 0]"
homogeneous_0,16,past_state_genie,30000,35101.61826421215,1.170053942140405,1.1804452871355988,-0.0037010596871440552,1.1663528824532483,0.0,"[30000, 0, 0, 0, 0]"
homogeneous_0,17,long_kg,30000,35093.65698357077,1.1697885661190257,1.1721299774404264,-0.004474918671101867,1.1653136474479253,0.0,"[30000, 0, 0, 0, 0]"
homogeneous_0,17,past_state_genie,30000,35093.65698357077,1.1697885661190257,1.1721299774404264,-0.004474918671101867,1.1653136474479253,0.0,"[30000, 0, 0, 0, 0]"
homogeneous_0,18,long_kg,30000,34767.54001049392,1.1589180003497972,1.1561304675098674,-0.0041503149475733804,1.154767685402231,0.0,"[30000, 0, 0, 0, 0]"
homogeneous_0,18,past_state_genie,30000,34767.54001049392,1.1589180003497972,1.1561304675098674,-0.0041503149475733804,1.154767685402231,0.0,"[30000, 0, 0, 0, 0]"
homogeneous_0,19,long_kg,30000,34827.27877398698,1.1609092924662328,1.1570924307648425,0.0014728718792470874,1.1623821643454733,0.0,"[30000, 0, 0, 0, 0]"
homogeneous_0,19,past_state_genie,30000,34827.27877398698,1.1609092924662328,1.1570924307648425,0.0014728718792470874,1.1623821643454733,0.0,"[30000, 0, 0, 0, 0]"
homogeneous_0,20,long_kg,30000,34588.201326409,1.1529400442136333,1.1583108726516025,0.006837373648194563,1.1597774178618272,0.0,"[30000, 0, 0, 0, 0]"
homogeneous_0,20,past_state_genie,30000,34588.201326409,1.1529400442136333,1.1583108726516025,0.006837373648194563,1.1597774178618272,0.0,"[30000, 0, 0, 0, 0]"
homogeneous_0,21,long_kg,30000,34827.46976939048,1.1609156589796827,1.16206820215768,-0.0017100832103692338,1.1592055757693134,0.0,"[30000, 0, 0, 0, 0]"
homogeneous_0,21,past_state_genie,30000,34827.46976939048,1.1609156589796827,1.16206820215768,-0.0017100832103692338,1.1592055757693134,0.0,"[30000, 0, 0, 0, 0]"
homogeneous_0,22,long_kg,30000,35077.22245726925,1.1692407485756418,1.1734088290590168,-0.0037515612711360963,1.1654891873045112,0.0,"[30000, 0, 0, 0, 0]"
homogeneous_0,22,past_state_genie,30000,35077.22245726925,1.1692407485756418,1.1734088290590168,-0.0037515612711360963,1.1654891873045112,0.0,"[30000, 0, 0, 0, 0]"
homogeneous_0,23,long_kg,30000,34773.4545506527,1.1591151516884233,1.177712406514815,0.001453730398448712,1.1605688820868778,0.0,"[30000, 0, 0, 0, 0]"
homogeneous_0,23,past_state_genie,30000,34773.4545506527,1.1591151516884233,1.177712406514815,0.001453730398448712,1.1605688820868778,0.0,"[30000, 0, 0, 0, 0]"
homogeneous_0,24,long_kg,30000,34924.08119708156,1.1641360399027187,1.1659385894911578,0.005540660075321049,1.1696766999780388,0.0,"[30000, 0, 0, 0, 0]"
homogeneous_0,24,past_state_genie,30000,34924.08119708156,1.1641360399027187,1.1659385894911578,0.005540660075321049,1.1696766999780388,0.0,"[30000, 0, 0, 0, 0]"
homogeneous_0,25,long_kg,30000,34801.671564300625,1.160055718810021,1.1666674645751813,0.007011094764810187,1.1670668135748312,0.0,"[30000, 0, 0, 0, 0]"
homogeneous_0,25,past_state_genie,30000,34801.671564300625,1.160055718810021,1.1666674645751813,0.007011094764810187,1.1670668135748312,0.0,"[30000, 0, 0, 0, 0]"
homogeneous_0,26,long_kg,30000,35001.76211838015,1.166725403946005,1.1806704831110595,-0.006640831925603042,1.160084572020398,0.0,"[30000, 0, 0, 0, 0]"
homogeneous_0,26,past_state_genie,30000,35001.76211838015,1.166725403946005,1.1806704831110595,-0.006640831925603042,1.160084572020398,0.0,"[30000, 0, 0, 0, 0]"
homogeneous_0,27,long_kg,30000,34841.632486850765,1.1613877495616922,1.1729213706597332,-0.005983920650105716,1.1554038289115902,0.0,"[30000, 0, 0, 0, 0]"
homogeneous_0,27,past_state_genie,30000,34841.632486850765,1.1613877495616922,1.1729213706597332,-0.005983920650105716,1.1554038289115902,0.0,"[30000, 0, 0, 0, 0]"
homogeneous_0,28,long_kg,30000,35068.8615017888,1.1689620500596267,1.1634650637582757,-0.0033938368629780565,1.1655682131966365,0.0,"[30000, 0, 0, 0, 0]"
homogeneous_0,28,past_state_genie,30000,35068.8615017888,1.1689620500596267,1.1634650637582757,-0.0033938368629780565,1.1655682131966365,0.0,"[30000, 0, 0, 0, 0]"
homogeneous_0,29,long_kg,30000,34941.35338009039,1.1647117793363464,1.1704690755761784,0.0005963209189587119,1.1653081002553054,0.0,"[30000, 0, 0, 0, 0]"
homogeneous_0,29,past_state_genie,30000,34941.35338009039,1.1647117793363464,1.1704690755761784,0.0005963209189587119,1.1653081002553054,0.0,"[30000, 0, 0, 0, 0]"
homogeneous_0,30,long_kg,30000,35210.505771534794,1.1736835257178264,1.1674109328169597,-0.005373769968779919,1.1683097557490496,0.0,"[30000, 0, 0, 0, 0]"
homogeneous_0,30,past_state_genie,30000,35210.505771534794,1.1736835257178264,1.1674109328169597,-0.005373769968779919,1.1683097557490496,0.0,"[30000, 0, 0, 0, 0]"
homogeneous_0,31,long_kg,30000,34523.7545254854,1.15079181751618,1.156354640170361,0.0053563535598897165,1.1561481710760708,0.0,"[30000, 0, 0, 0, 0]"
homogeneous_0,31,past_state_genie,30000,34523.7545254854,1.15079181751618,1.156354640170361,0.0053563535598897165,1.1561481710760708,0.0,"[30000, 0, 0, 0, 0]"
homogeneous_0,32,long_kg,30000,34973.992860220336,1.1657997620073446,1.1742525117472264,0.0024712284640826198,1.1682709904714186,0.0,"[30000, 0, 0, 0, 0]"
homogeneous_0,32,past_state_genie,30000,34973.992860220336,1.1657997620073446,1.1742525117472264,0.0024712284640826198,1.1682709904714186,0.0,"[30000, 0, 0, 0, 0]"
homogeneous_0,33,long_kg,30000,35108.68254333093,1.1702894181110308,1.1648968144206353,-0.005574929913714073,1.1647144881973177,0.0,"[30000, 0, 0, 0, 0]"
homogeneous_0,33,past_state_genie,30000,35108.68254333093,1.1702894181110308,1.1648968144206353,-0.005574929913714073,1.1647144881973177,0.0,"[30000, 0, 0, 0, 0]"
homogeneous_0,34,long_kg,30000,35011.80267163152,1.167060089054384,1.1645530569013067,-0.004685432028488181,1.1623746570259046,0.0,"[30000, 0, 0, 0, 0]"
homogeneous_0,34,past_state_genie,30000,35011.80267163152,1.167060089054384,1.1645530569013067,-0.004685432028488181,1.1623746570259046,0.0,"[30000, 0, 0, 0, 0]"
homogeneous_0,35,long_kg,30000,34716.02816232671,1.1572009387442235,1.144398069159314,0.007862264106932417,1.1650632028511534,0.0,"[30000, 0, 0, 0, 0]"
homogeneous_0,35,past_state_genie,30000,34716.02816232671,1.1572009387442235,1.144398069159314,0.007862264106932417,1.1650632028511534,0.0,"[30000, 0, 0, 0, 0]"
homogeneous_0,36,long_kg,30000,34854.110569095865,1.1618036856365288,1.160013799429853,-0.002195279712781685,1.1596084059237508,0.0,"[30000, 0, 0, 0, 0]"
homogeneous_0,36,past_state_genie,30000,34854.110569095865,1.1618036856365288,1.160013799429853,-0.002195279712781685,1.1596084059237508,0.0,"[30000, 0, 0, 0, 0]"
homogeneous_0,37,long_kg,30000,34751.27368762068,1.158375789587356,1.1592966913838607,0.004051757119708434,1.1624275467070635,0.0,"[30000, 0, 0, 0, 0]"
homogeneous_0,37,past_state_genie,30000,34751.27368762068,1.158375789587356,1.1592966913838607,0.004051757119708434,1.1624275467070635,0.0,"[30000, 0, 0, 0, 0]"
homogeneous_0,38,long_kg,30000,34637.66932611681,1.1545889775372271,1.1488010584342616,0.0051768958135645915,1.1597658733507776,0.0,"[30000, 0, 0, 0, 0]"
homogeneous_0,38,past_state_genie,30000,34637.66932611681,1.1545889775372271,1.1488010584342616,0.0051768958135645915,1.1597658733507776,0.0,"[30000, 0, 0, 0, 0]"
homogeneous_0,39,long_kg,30000,35005.51753552985,1.1668505845176615,1.1686657418791786,-0.0061172490069361304,1.1607333355107325,0.0,"[30000, 0, 0, 0, 0]"
homogeneous_0,39,past_state_genie,30000,35005.51753552985,1.1668505845176615,1.1686657418791786,-0.0061172490069361304,1.1607333355107325,0.0,"[30000, 0, 0, 0, 0]"
homogeneous_0.5,0,long_kg,30000,26760.343502819636,0.8920114500939879,0.8988689203029951,0.26798801968320346,1.159999469777179,0.19826666666666667,"[6018, 6122, 6011, 5901, 5948]"
homogeneous_0.5,0,past_state_genie,30000,17308.69477646719,0.5769564925489064,0.5739160788638191,0.5830429772282786,1.159999469777179,0.19943333333333332,"[6046, 6044, 5958, 5969, 5983]"
homogeneous_0.5,1,long_kg,30000,26943.018558912034,0.8981006186304011,0.8958972026625696,0.26537221062114985,1.16347282925155,0.19743333333333332,"[5989, 5907, 5911, 6270, 5923]"
homogeneous_0.5,1,past_state_genie,30000,17478.28017817698,0.5826093392725661,0.5847273034588448,0.5808634899789861,1.16347282925155,0.20216666666666666,"[5798, 5960, 6086, 6091, 6065]"
homogeneous_0.5,2,long_kg,30000,26959.284051913204,0.8986428017304401,0.9172537601533198,0.2597407186761568,1.158383520406589,0.20693333333333333,"[5988, 6031, 5951, 5822, 6208]"
homogeneous_0.5,2,past_state_genie,30000,17404.53406223513,0.5801511354078376,0.5882909580639439,0.5782323849987524,1.158383520406589,0.1998,"[6071, 5888, 6012, 6035, 5994]"
homogeneous_0.5,3,long_kg,30000,26710.32093091089,0.890344031030363,0.8994613910448769,0.26762613268107754,1.157970163711453,0.20426666666666668,"[5867, 6054, 5997, 5954, 6128]"
homogeneous_0.5,3,past_state_genie,30000,17454.55662671671,0.5818185542238903,0.5841190083008961,0.576151609487557,1.157970163711453,0.20026666666666668,"[6069, 6046, 5955, 5922, 6008]"
homogeneous_0.5,4,long_kg,30000,26790.516363683717,0.8930172121227906,0.8933713969663115,0.2688417126654326,1.1618589247882238,0.20066666666666666,"[6001, 5902, 6019, 6058, 6020]"
homogeneous_0.5,4,past_state_genie,30000,17353.205129042624,0.5784401709680875,0.5696331109837924,0.5834187538201434,1.1618589247882238,0.20053333333333334,"[5858, 5864, 6028, 6234, 6016]"
homogeneous_0.5,5,long_kg,30000,26598.90780444136,0.8866302601480454,0.8778099108123324,0.2743803408575892,1.1610106010056385,0.19886666666666666,"[6070, 5892, 6029, 6043, 5966]"
homogeneous_0.5,5,past_state_genie,30000,17332.731792967934,0.5777577264322644,0.5815042626883503,0.583252874573371,1.1610106010056385,0.19793333333333332,"[6055, 6096, 6066, 5845, 5938]"
homogeneous_0.5,6,long_kg,30000,26821.99381291781,0.8940664604305937,0.9079487850773931,0.2577716292035558,1.1518380896341562,0.2028,"[5862, 6007, 5861, 6186, 6084]"
homogeneous_0.5,6,past_state_genie,30000,17690.66952148149,0.589688984049383,0.5817174441552603,0.5621491055847697,1.1518380896341562,0.20323333333333332,"[5998, 5981, 5854, 6070, 6097]"
homogeneous_0.5,7,long_kg,30000,26533.397668491318,0.8844465889497106,0.8821472262495977,0.27728612837915634,1.1617327173288603,0.19926666666666668,"[6025, 5867, 6053, 6077, 5978]"
homogeneous_0.5,7,past_state_genie,30000,17491.376956811484,0.5830458985603828,0.5750203883545537,0.5786868187684789,1.1617327173288603,0.19633333333333333,"[5971, 5993, 5986, 6160, 5890]"
homogeneous_0.5,8,long_kg,30000,26747.32875709619,0.8915776252365397,0.8865869462059273,0.2686557996374958,1.1602334248740402,0.19826666666666667,"[5991, 5936, 6122, 6003, 5948]"
homogeneous_0.5,8,past_state_genie,30000,17483.30614000306,0.5827768713334354,0.5756140789045793,0.5774565535406017,1.1602334248740402,0.19886666666666666,"[5908, 5940, 5997, 6189, 5966]"
homogeneous_0.5,9,long_kg,30000,26959.41255923803,0.8986470853079344,0.8941200750967647,0.26580817997118006,1.1644552652791116,0.2036,"[6015, 5903, 6026, 5948, 6108]"
homogeneous_0.5,9,past_state_genie,30000,17541.060304490515,0.5847020101496838,0.575045676446053,0.5797532551294249,1.1644552652791116,0.2032,"[5964, 6026, 5947, 5967, 6096]"
homogeneous_0.5,10,long_kg,30000,27021.74428210705,0.9007248094035684,0.9119039134237169,0.25814966085248847,1.158874470256058,0.19496666666666668,"[6144, 5795, 6140, 6072, 5849]"
homogeneous_0.5,10,past_state_genie,30000,17561.549093761703,0.5853849697920568,0.5864903146556749,0.5734895004639959,1.158874470256058,0.1993,"[6107, 5853, 5959, 6102, 5979]"
homogeneous_0.5,11,long_kg,30000,26887.10564814239,0.8962368549380797,0.9015346861738252,0.2620554013346928,1.158292256272781,0.1974,"[5950, 5990, 5976, 6162, 5922]"
homogeneous_0.5,11,past_state_genie,30000,17497.02853571087,0.5832342845236956,0.5815167432387219,0.5750579717490769,1.158292256272781,0.20296666666666666,"[6011, 5956, 6004, 5940, 6089]"
homogeneous_0.5,12,long_kg,30000,26912.297328291435,0.8970765776097145,0.8933017890995747,0.26964068243054734,1.166717260040263,0.20333333333333334,"[6018, 5846, 5941, 6095, 6100]"
homogeneous_0.5,12,past_state_genie,30000,17523.628414198167,0.5841209471399389,0.5839324633052071,0.5825963129003265,1.166717260040263,0.1984,"[5939, 6005, 6060, 6044, 5952]"
homogeneous_0.5,13,long_kg,30000,26721.827131048638,0.8907275710349546,0.8951146119947841,0.2700411629489739,1.1607687339839285,0.19886666666666666,"[6027, 5968, 6019, 6020, 5966]"
homogeneous_0.5,13,past_state_genie,30000,17578.487977987712,0.5859495992662571,0.5860362680118709,0.5748191347176727,1.1607687339839285,0.19623333333333334,"[6016, 5956, 6208, 5933, 5887]"
homogeneous_0.5,14,long_kg,30000,27121.80302339007,0.904060100779669,0.9069780129461029,0.26277934035845846,1.1668394411381218,0.2047,"[6030, 5957, 5905, 5967, 6141]"
homogeneous_0.5,14,past_state_genie,30000,17497.279156726087,0.5832426385575362,0.5754324396311252,0.5835968025805893,1.1668394411381218,0.20356666666666667,"[5961, 5927, 6024, 5981, 6107]"
homogeneous_0.5,15,long_kg,30000,27146.36469527649,0.904878823175883,0.914483839694197,0.2558625464384161,1.160741369614305,0.19933333333333333,"[5903, 6250, 5789, 6078, 5980]"
homogeneous_0.5,15,past_state_genie,30000,17470.24367293496,0.5823414557644987,0.5845968880588596,0.5783999138497988,1.160741369614305,0.19806666666666667,"[5982, 6065, 5889, 6122, 5942]"
homogeneous_0.5,16,long_kg,30000,27028.33440381654,0.9009444801272181,0.9183758069404128,0.26453578047776927,1.1654802606049852,0.1987,"[5981, 6003, 6027, 6028, 5961]"
homogeneous_0.5,16,past_state_genie,30000,17482.271185112997,0.5827423728371,0.592960257173664,0.5827378877678926,1.1654802606049852,0.19156666666666666,"[5938, 6082, 6120, 6113, 5747]"
homogeneous_0.5,17,long_kg,30000,26485.777134290536,0.8828592378096846,0.8812030751667979,0.28465000253294626,1.1675092403426304,0.20353333333333334,"[5758, 6082, 5993, 6061, 6106]"
homogeneous_0.5,17,past_state_genie,30000,17362.0732183136,0.5787357739437866,0.5846931889269413,0.5887734663988381,1.1675092403426304,0.19786666666666666,"[5969, 6077, 6009, 6009, 5936]"
homogeneous_0.5,18,long_kg,30000,26565.085448730642,0.8855028482910214,0.8865668927420493,0.2619038121187036,1.1474066604097166,0.19853333333333334,"[5984, 6001, 6044, 6015, 5956]"
homogeneous_0.5,18,past_state_genie,30000,17476.66465719044,0.5825554885730146,0.5765913551772426,0.5648511718367021,1.1474066604097166,0.19596666666666668,"[5926, 5992, 6080, 6123, 5879]"
homogeneous_0.5,19,long_kg,30000,26708.606663167975,0.8902868887722658,0.898116263797502,0.275527459489161,1.165814348261437,0.19953333333333334,"[5886, 6010, 6057, 6061, 5986]"
homogeneous_0.5,19,past_state_genie,30000,17498.543805029916,0.5832847935009972,0.5846899039680361,0.5825295547604339,1.165814348261437,0.20083333333333334,"[5949, 6099, 5901, 6026, 6025]"
homogeneous_0.5,20,long_kg,30000,26667.530574363034,0.8889176858121012,0.8860040577983854,0.2774684571991845,1.1663861430112934,0.1996,"[6047, 6116, 5947, 5902, 5988]"
homogeneous_0.5,20,past_state_genie,30000,17150.591949880036,0.5716863983293345,0.5748303838777529,0.594699744681964,1.1663861430112934,0.2007,"[6169, 6099, 5944, 5767, 6021]"
homogeneous_0.5,21,long_kg,30000,26938.572087272147,0.8979524029090715,0.906314600555966,0.25508648317117877,1.1530388860802483,0.20306666666666667,"[6009, 5935, 5908, 6056, 6092]"
homogeneous_0.5,21,past_state_genie,30000,17748.155883248055,0.5916051961082684,0.5875895184853444,0.5614336899719858,1.1530388860802483,0.20033333333333334,"[6085, 6062, 5829, 6014, 6010]"
homogeneous_0.5,22,long_kg,30000,26739.426811019584,0.8913142270339861,0.8910291008834375,0.2786601642743951,1.169974391308384,0.1995,"[5971, 6015, 5958, 6071, 5985]"
homogeneous_0.5,22,past_state_genie,30000,17294.468731525143,0.5764822910508381,0.5808329749374214,0.5934921002575364,1.169974391308384,0.1978,"[5991, 6129, 5909, 6037, 5934]"
homogeneous_0.5,23,long_kg,30000,26824.662853225982,0.894155428440866,0.9027148258693615,0.2638649384759712,1.1580203669168359,0.20543333333333333,"[5907, 5918, 5905, 6107, 6163]"
homogeneous_0.5,23,past_state_genie,30000,17352.958417114052,0.5784319472371351,0.5873195865889115,0.5795884196797122,1.1580203669168359,0.20173333333333332,"[6081, 5976, 5893, 5998, 6052]"
homogeneous_0.5,24,long_kg,30000,26711.998694772774,0.8903999564924258,0.8971114320624268,0.28105646112902155,1.1714564176214526,0.2,"[5949, 5887, 6129, 6035, 6000]"
homogeneous_0.5,24,past_state_genie,30000,17443.18290240933,0.5814394300803111,0.5744257279644653,0.5900169875411321,1.1714564176214526,0.19886666666666666,"[6086, 5951, 5974, 6023, 5966]"
homogeneous_0.5,25,long_kg,30000,27086.169276894125,0.9028723092298041,0.8963536191525716,0.26704606388253965,1.1699183731123426,0.19903333333333334,"[6009, 5910, 6075, 6035, 5971]"
homogeneous_0.5,25,past_state_genie,30000,17374.82945572543,0.5791609818575143,0.5861636702305394,0.5907573912548253,1.1699183731123426,0.19553333333333334,"[6097, 6021, 6008, 6008, 5866]"
homogeneous_0.5,26,long_kg,30000,26810.505530676393,0.8936835176892131,0.8935674355083538,0.2629263039875723,1.1566098216767822,0.19526666666666667,"[6249, 5984, 6039, 5870, 5858]"
homogeneous_0.5,26,past_state_genie,30000,17597.839928296715,0.5865946642765572,0.5930803842188169,0.5700151574002306,1.1566098216767822,0.19486666666666666,"[6094, 6053, 5916, 6091, 5846]"
homogeneous_0.5,27,long_kg,30000,26422.07833446319,0.8807359444821063,0.8795927554323205,0.2754349454069413,1.156170889889038,0.20133333333333334,"[5943, 6020, 6009, 5988, 6040]"
homogeneous_0.5,27,past_state_genie,30000,17344.578976879904,0.5781526325626635,0.5829527485743222,0.5780182573263797,1.156170889889038,0.20133333333333334,"[5976, 6033, 5976, 5975, 6040]"
homogeneous_0.5,28,long_kg,30000,26885.086637133973,0.8961695545711325,0.8790013292782413,0.2696957653140623,1.165865319885194,0.20016666666666666,"[5940, 5923, 5967, 6165, 6005]"
homogeneous_0.5,28,past_state_genie,30000,17741.54945127136,0.5913849817090453,0.5858208889938171,0.5744803381761504,1.165865319885194,0.20213333333333333,"[5842, 5910, 6065, 6119, 6064]"
homogeneous_0.5,29,long_kg,30000,26894.39796296485,0.8964799320988283,0.8895994081379964,0.2706648101751671,1.1671447422739876,0.19726666666666667,"[6028, 5770, 6012, 6272, 5918]"
homogeneous_0.5,29,past_state_genie,30000,17430.42411839387,0.5810141372797956,0.5756150896787099,0.5861306049941959,1.1671447422739876,0.1986,"[5876, 5946, 6156, 6064, 5958]"
homogeneous_0.5,30,long_kg,30000,26731.830889113462,0.8910610296371154,0.8940386900361685,0.2797981118507634,1.1708591414878786,0.2015,"[5943, 6116, 5909, 5987, 6045]"
homogeneous_0.5,30,past_state_genie,30000,17568.814644363476,0.5856271548121159,0.5956691825670712,0.585231986675754,1.1708591414878786,0.20273333333333332,"[5882, 6063, 5966, 6007, 6082]"
homogeneous_0.5,31,long_kg,30000,26833.157899985832,0.8944385966661944,0.8781337383824354,0.262978305417983,1.157416902084171,0.19603333333333334,"[6222, 5909, 5818, 6170, 5881]"
homogeneous_0.5,31,past_state_genie,30000,17315.40141631702,0.5771800472105674,0.5779541570869855,0.5802368548736037,1.157416902084171,0.20196666666666666,"[6112, 5846, 5824, 6159, 6059]"
homogeneous_0.5,32,long_kg,30000,27055.668955529774,0.9018556318509925,0.9153826674508562,0.2697903985762819,1.1716460304272742,0.19986666666666666,"[6023, 6108, 5901, 5972, 5996]"
homogeneous_0.5,32,past_state_genie,30000,17483.8808484084,0.58279602828028,0.5799820822313856,0.5888500021469997,1.1716460304272742,0.20083333333333334,"[5920, 6014, 5981, 6060, 6025]"
homogeneous_0.5,33,long_kg,30000,26648.038738083986,0.8882679579361329,0.8868816222800375,0.2813462724422223,1.1696142303783503,0.20286666666666667,"[5896, 5972, 5990, 6056, 6086]"
homogeneous_0.5,33,past_state_genie,30000,17500.41098725362,0.583347032908454,0.5900360186506229,0.5862671974698941,1.1696142303783503,0.20206666666666667,"[5786, 5985, 6099, 6068, 6062]"
homogeneous_0.5,34,long_kg,30000,26722.59944506747,0.8907533148355823,0.8923364607920766,0.2703070592104384,1.1610603740460188,0.19843333333333332,"[6127, 5900, 6020, 6000, 5953]"
homogeneous_0.5,34,past_state_genie,30000,17543.975803550347,0.5847991934516782,0.5901720581234104,0.5762611805943347,1.1610603740460188,0.2038,"[5883, 5981, 6020, 6002, 6114]"
homogeneous_0.5,35,long_kg,30000,26675.168869230372,0.8891722956410124,0.8848791482443273,0.27869122014323194,1.1678635157842532,0.202,"[6066, 5915, 5965, 5994, 6060]"
homogeneous_0.5,35,past_state_genie,30000,17402.810349543164,0.5800936783181054,0.5770168332683909,0.5877698374661474,1.1678635157842532,0.20266666666666666,"[5988, 6016, 6038, 5878, 6080]"
homogeneous_0.5,36,long_kg,30000,26902.862089638766,0.8967620696546256,0.9048047891053921,0.25975954572525245,1.1565216153798736,0.20653333333333335,"[5868, 5859, 6084, 5993, 6196]"
homogeneous_0.5,36,past_state_genie,30000,17394.6091079966,0.5798203035998867,0.5770641359212489,0.5767013117799978,1.1565216153798736,0.20186666666666667,"[5969, 6014, 6032, 5929, 6056]"
homogeneous_0.5,37,long_kg,30000,26485.387825789905,0.8828462608596636,0.8885749069488015,0.28190197362804215,1.1647482344877031,0.19946666666666665,"[5935, 6124, 6049, 5908, 5984]"
homogeneous_0.5,37,past_state_genie,30000,17273.563332122063,0.5757854444040688,0.5742754666733096,0.5889627900836354,1.1647482344877031,0.1974,"[6003, 6162, 6034, 5879, 5922]"
homogeneous_0.5,38,long_kg,30000,26736.837242120324,0.8912279080706774,0.8968666652698055,0.26799112058865127,1.1592190286593318,0.19996666666666665,"[6083, 5892, 6048, 5978, 5999]"
homogeneous_0.5,38,past_state_genie,30000,17460.592923509994,0.5820197641169998,0.5848986974887487,0.5771992645423292,1.1592190286593318,0.19843333333333332,"[6074, 5921, 6108, 5944, 5953]"
homogeneous_0.5,39,long_kg,30000,26666.71329916634,0.8888904433055446,0.8875088413024911,0.2701406582197697,1.1590311015253143,0.1987,"[5968, 6053, 5945, 6073, 5961]"
homogeneous_0.5,39,past_state_genie,30000,17428.672899190784,0.5809557633063595,0.5820442272301631,0.5780753382189548,1.1590311015253143,0.2012,"[5948, 5936, 6027, 6053, 6036]"
homogeneous_0.9,0,long_kg,30000,13906.220628763931,0.46354068762546435,0.45438748719303285,0.698942122545454,1.16248281017092,0.20353333333333334,"[6020, 6158, 5880, 5836, 6106]"
homogeneous_0.9,0,past_state_genie,30000,3425.4497899446155,0.11418165966482052,0.11083241559594137,1.0483011505061053,1.16248281017092,0.19906666666666667,"[6066, 6006, 5857, 6099, 5972]"
homogeneous_0.9,1,long_kg,30000,13598.359208462502,0.45327864028208337,0.45009216413619213,0.7232234456992106,1.1765020859812916,0.20533333333333334,"[5708, 5666, 6203, 6263, 6160]"
homogeneous_0.9,1,past_state_genie,30000,3522.418023056367,0.1174139341018789,0.11870202892354238,1.0590881518794106,1.1765020859812916,0.2056,"[5691, 5744, 6061, 6336, 6168]"
homogeneous_0.9,2,long_kg,30000,13671.823489664075,0.4557274496554692,0.4641670567433746,0.6951816238003962,1.1509090734558645,0.19806666666666667,"[6043, 5989, 6021, 6005, 5942]"
homogeneous_0.9,2,past_state_genie,30000,3525.0700560788596,0.11750233520262865,0.12002330244619386,1.0334067382532341,1.1509090734558645,0.1923,"[6261, 5847, 6177, 5946, 5769]"
homogeneous_0.9,3,long_kg,30000,13834.433423857994,0.46114778079526647,0.46255006099040874,0.6996555272037657,1.1608033079990296,0.19856666666666667,"[5812, 6295, 6004, 5932, 5957]"
homogeneous_0.9,3,past_state_genie,30000,3420.0987932185876,0.11400329310728625,0.11589953999138526,1.0468000148917456,1.1608033079990296,0.2032,"[5847, 6164, 5985, 5908, 6096]"
homogeneous_0.9,4,long_kg,30000,13864.71763190774,0.4621572543969247,0.4548378864887246,0.7015592048042766,1.1637164592012113,0.1962,"[5839, 5985, 6073, 6217, 5886]"
homogeneous_0.9,4,past_state_genie,30000,3459.4500629314025,0.11531500209771342,0.11277938934465329,1.0484014571034939,1.1637164592012113,0.1969,"[5675, 6150, 5936, 6332, 5907]"
homogeneous_0.9,5,long_kg,30000,13611.578544537786,0.4537192848179262,0.45573649151966755,0.7260448700722508,1.1797641548901725,0.1946,"[5905, 6124, 6321, 5812, 5838]"
homogeneous_0.9,5,past_state_genie,30000,3403.1118307756456,0.11343706102585485,0.11500303113743553,1.0663270938643206,1.1797641548901725,0.19663333333333333,"[6007, 6048, 6442, 5604, 5899]"
homogeneous_0.9,6,long_kg,30000,13880.547979538083,0.4626849326512694,0.4627775993289286,0.6671350390659109,1.129819971717181,0.2064,"[5959, 5733, 6015, 6101, 6192]"
homogeneous_0.9,6,past_state_genie,30000,3581.52990333255,0.119384330111085,0.116409493214488,1.0104356416060989,1.129819971717181,0.2074,"[5985, 5746, 5838, 6209, 6222]"
homogeneous_0.9,7,long_kg,30000,13919.322603740846,0.46397742012469484,0.47447193611868105,0.7046161274270474,1.1685935475517475,0.1895,"[6233, 6193, 5707, 6182, 5685]"
homogeneous_0.9,7,past_state_genie,30000,3495.049668046864,0.11650165560156214,0.1117553154832035,1.052091891950188,1.1685935475517475,0.189,"[6092, 6282, 5583, 6373, 5670]"
homogeneous_0.9,8,long_kg,30000,13858.101488993638,0.46193671629978794,0.46074428310557597,0.6914674079480707,1.1534041242478559,0.1974,"[5925, 6025, 5983, 6145, 5922]"
homogeneous_0.9,8,past_state_genie,30000,3556.4732987043785,0.11854910995681261,0.11844766408614385,1.0348550142910435,1.1534041242478559,0.2005,"[5981, 5792, 5953, 6259, 6015]"
homogeneous_0.9,9,long_kg,30000,13804.40912527561,0.4601469708425203,0.4614075215451278,0.7040907317846649,1.1642377026271884,0.2085,"[6005, 5818, 5821, 6101, 6255]"
homogeneous_0.9,9,past_state_genie,30000,3504.1256362384543,0.11680418787461515,0.1132849631051706,1.0474335147525728,1.1642377026271884,0.2087,"[5876, 5977, 5829, 6057, 6261]"
homogeneous_0.9,10,long_kg,30000,13820.71654699893,0.460690551566631,0.4668973554053659,0.6979920274213666,1.158682578988002,0.20426666666666668,"[6108, 5650, 5925, 6189, 6128]"
homogeneous_0.9,10,past_state_genie,30000,3430.260905743332,0.1143420301914444,0.1137883826574417,1.0443405487965522,1.158682578988002,0.19996666666666665,"[6102, 5572, 5922, 6405, 5999]"
homogeneous_0.9,11,long_kg,30000,13478.373286459739,0.44927910954865796,0.4505380030609084,0.6964718581810085,1.1457509677296656,0.20056666666666667,"[6094, 6054, 5883, 5952, 6017]"
homogeneous_0.9,11,past_state_genie,30000,3499.661896739538,0.1166553965579846,0.1191561922876429,1.0290955711716874,1.1457509677296656,0.2061,"[6257, 5989, 5670, 5901, 6183]"
homogeneous_0.9,12,long_kg,30000,13799.493226031773,0.4599831075343924,0.4597976524910197,0.7190457179549593,1.179028825489351,0.20146666666666666,"[5856, 5837, 6077, 6186, 6044]"
homogeneous_0.9,12,past_state_genie,30000,3466.442415094206,0.1155480805031402,0.11483852330641611,1.0634807449862123,1.179028825489351,0.19886666666666666,"[5869, 5923, 5935, 6307, 5966]"
homogeneous_0.9,13,long_kg,30000,13820.217043803776,0.4606739014601259,0.4575225264483522,0.6999589410073095,1.160632842467442,0.19753333333333334,"[5926, 5853, 6432, 5863, 5926]"
homogeneous_0.9,13,past_state_genie,30000,3557.6038066905157,0.11858679355635053,0.11969165575398193,1.0420460489110925,1.160632842467442,0.1947,"[6144, 5820, 6423, 5772, 5841]"
homogeneous_0.9,14,long_kg,30000,13589.438083731167,0.45298126945770556,0.44097647573462134,0.7145394778892046,1.1675207473469154,0.20703333333333335,"[5807, 5827, 5990, 6165, 6211]"
homogeneous_0.9,14,past_state_genie,30000,3536.815857946347,0.1178938619315449,0.11614447651820192,1.049626885415372,1.1675207473469154,0.20896666666666666,"[5807, 5824, 6019, 6081, 6269]"
homogeneous_0.9,15,long_kg,30000,13542.924764175068,0.4514308254725023,0.44299126176313847,0.7185829868940571,1.1700138123665635,0.18613333333333335,"[5927, 6293, 6091, 6105, 5584]"
homogeneous_0.9,15,past_state_genie,30000,3455.5893963694098,0.11518631321231367,0.11427968115816683,1.0548274991542574,1.1700138123665635,0.18596666666666667,"[6008, 6339, 5928, 6146, 5579]"
homogeneous_0.9,16,long_kg,30000,13764.848768717522,0.4588282922905841,0.4451488148231589,0.6997761082893842,1.1586044005799543,0.18933333333333333,"[5737, 5776, 6559, 6248, 5680]"
homogeneous_0.9,16,past_state_genie,30000,3510.3246281690117,0.11701082093896706,0.11547469387695464,1.041593579640994,1.1586044005799543,0.18096666666666666,"[5664, 5870, 6524, 6513, 5429]"
homogeneous_0.9,17,long_kg,30000,13780.53674986763,0.45935122499558767,0.4560331571629899,0.7265641226913879,1.1859153476869937,0.20426666666666668,"[5513, 6241, 5974, 6144, 6128]"
homogeneous_0.9,17,past_state_genie,30000,3469.1280442643947,0.11563760147547983,0.11431897520430812,1.0702777462114976,1.1859153476869937,0.20303333333333334,"[5589, 6175, 6015, 6130, 6091]"
homogeneous_0.9,18,long_kg,30000,13888.672817969338,0.4629557605989779,0.46603635393399384,0.6680138121011929,1.1309695727001725,0.19246666666666667,"[5992, 6101, 6011, 6122, 5774]"
homogeneous_0.9,18,past_state_genie,30000,3424.9320093416904,0.11416440031138968,0.11712659635997937,1.0168051723887852,1.1309695727001725,0.19166666666666668,"[5876, 6028, 6248, 6098, 5750]"
homogeneous_0.9,19,long_kg,30000,13635.208259244459,0.4545069419748153,0.43110976344226964,0.7266395732864988,1.1811465152613085,0.2008,"[6044, 6008, 6069, 5855, 6024]"
homogeneous_0.9,19,past_state_genie,30000,3437.5760835203005,0.11458586945067668,0.11240112911144653,1.066560645810634,1.1811465152613085,0.20036666666666667,"[5939, 6161, 5860, 6029, 6011]"
homogeneous_0.9,20,long_kg,30000,13732.616705209466,0.45775389017364887,0.4658570203988824,0.7201115138289864,1.1778654040026557,0.20266666666666666,"[6232, 6228, 5819, 5641, 6080]"
homogeneous_0.9,20,past_state_genie,30000,3438.222447419108,0.11460741491397027,0.11175676118413383,1.0632579890886684,1.1778654040026557,0.20146666666666666,"[6360, 6150, 5894, 5552, 6044]"
homogeneous_0.9,21,long_kg,30000,13730.847875830405,0.45769492919434684,0.45398554449061695,0.6770378243705315,1.1347327535648783,0.2005,"[6163, 5890, 5886, 6046, 6015]"
homogeneous_0.9,21,past_state_genie,30000,3497.0126244101307,0.11656708748033769,0.11506777043523059,1.0181656660845453,1.1347327535648783,0.1991,"[6228, 5975, 5767, 6057, 5973]"
homogeneous_0.9,22,long_kg,30000,13229.621531480463,0.4409873843826821,0.43141250222323807,0.7461573636165791,1.187144747999254,0.19716666666666666,"[5863, 6094, 6022, 6106, 5915]"
homogeneous_0.9,22,past_state_genie,30000,3485.768469655484,0.11619228232184946,0.11587720990061896,1.0709524656774088,1.187144747999254,0.19966666666666666,"[5896, 6249, 5834, 6031, 5990]"
homogeneous_0.9,23,long_kg,30000,13702.295627041587,0.4567431875680529,0.45566168120975226,0.688526681610186,1.145269869178247,0.19516666666666665,"[6152, 6059, 5855, 6079, 5855]"
homogeneous_0.9,23,past_state_genie,30000,3460.5824749929457,0.11535274916643153,0.1170935762415274,1.0299171200118113,1.145269869178247,0.20263333333333333,"[6151, 6072, 5771, 5927, 6079]"
homogeneous_0.9,24,long_kg,30000,13675.889404015783,0.45586298013385945,0.46582211679745705,0.7260313364155196,1.1818943165493814,0.1981,"[6035, 5892, 5988, 6142, 5943]"
homogeneous_0.9,24,past_state_genie,30000,3471.6726056775283,0.11572242018925094,0.11373460052471891,1.066171896360128,1.1818943165493814,0.19566666666666666,"[6047, 5955, 6019, 6109, 5870]"
homogeneous_0.9,25,long_kg,30000,13781.447925602071,0.459381597520069,0.45754904897280374,0.7227107770861324,1.1820923746062086,0.19126666666666667,"[6046, 6035, 6163, 6018, 5738]"
homogeneous_0.9,25,past_state_genie,30000,3491.07872630149,0.11636929087671632,0.11750006333071569,1.0657230837294849,1.1820923746062086,0.1928,"[5970, 6103, 6171, 5972, 5784]"
homogeneous_0.9,26,long_kg,30000,13657.089604856179,0.45523632016187265,0.4636280646737306,0.6940150234899944,1.1492513436518697,0.1943,"[6199, 6045, 6028, 5899, 5829]"
homogeneous_0.9,26,past_state_genie,30000,3484.6447212905537,0.11615482404301845,0.11950642586826102,1.0330965196088497,1.1492513436518697,0.187,"[6177, 6277, 6117, 5819, 5610]"
homogeneous_0.9,27,long_kg,30000,13749.476599767766,0.45831588665892553,0.4747012207791513,0.6925772893118357,1.1508931759707735,0.1971,"[5913, 6042, 6070, 6062, 5913]"
homogeneous_0.9,27,past_state_genie,30000,3419.502229452043,0.11398340764840144,0.11759720423615543,1.0369097683223705,1.1508931759707735,0.2,"[5837, 6005, 6153, 6005, 6000]"
homogeneous_0.9,28,long_kg,30000,13787.620752712803,0.4595873584237601,0.4592636938417218,0.696931222616686,1.1565185810404417,0.20276666666666668,"[5752, 6084, 5954, 6127, 6083]"
homogeneous_0.9,28,past_state_genie,30000,3540.612803939873,0.11802042679799578,0.11863569016847123,1.03849815424245,1.1565185810404417,0.20276666666666668,"[5653, 6070, 6015, 6179, 6083]"
homogeneous_0.9,29,long_kg,30000,13730.735131169802,0.4576911710389934,0.46505966701781315,0.719195941189422,1.1768871122284204,0.19943333333333332,"[5969, 5909, 6139, 6000, 5983]"
homogeneous_0.9,29,past_state_genie,30000,3475.0598835223977,0.1158353294507466,0.1170027845362777,1.061051782777669,1.1768871122284204,0.1945,"[5755, 5912, 6287, 6211, 5835]"
homogeneous_0.9,30,long_kg,30000,13773.15325526379,0.459105108508793,0.44694248274451576,0.7240185497261181,1.183123658234923,0.2086,"[5679, 5898, 6082, 6083, 6258]"
homogeneous_0.9,30,past_state_genie,30000,3440.024282315947,0.11466747607719824,0.11672949470245012,1.0684561821577137,1.183123658234923,0.2044,"[5486, 6157, 6019, 6206, 6132]"
homogeneous_0.9,31,long_kg,30000,13812.587503030783,0.46041958343435946,0.4665535525437579,0.688716204748311,1.149135788182671,0.19706666666666667,"[6262, 5824, 5621, 6381, 5912]"
homogeneous_0.9,31,past_state_genie,30000,3515.349359166929,0.11717831197223097,0.1171450185406113,1.0319574762104382,1.149135788182671,0.20223333333333332,"[6282, 5821, 5367, 6463, 6067]"
homogeneous_0.9,32,long_kg,30000,13552.462038178748,0.45174873460595827,0.45978718274952396,0.7230821976400953,1.174830932246057,0.20466666666666666,"[5944, 5952, 6014, 5950, 6140]"
homogeneous_0.9,32,past_state_genie,30000,3558.7802037800025,0.11862600679266674,0.11836443788463534,1.0562049254533954,1.174830932246057,0.20473333333333332,"[5874, 6014, 5903, 6067, 6142]"
homogeneous_0.9,33,long_kg,30000,13550.394467794316,0.45167981559314385,0.453227730945233,0.7298461165923037,1.1815259321854368,0.20233333333333334,"[5662, 5787, 6223, 6258, 6070]"
homogeneous_0.9,33,past_state_genie,30000,3506.4325525983063,0.11688108508661021,0.1172857763033511,1.0646448470988235,1.1815259321854368,0.2053,"[5657, 5767, 6208, 6209, 6159]"
homogeneous_0.9,34,long_kg,30000,13729.34063378588,0.45764468779286266,0.4626564753570966,0.7014641419357164,1.1591088297285796,0.1989,"[5956, 5947, 6231, 5899, 5967]"
homogeneous_0.9,34,past_state_genie,30000,3528.1772559889855,0.11760590853296618,0.11621799564236994,1.0415029211956204,1.1591088297285796,0.20173333333333332,"[5778, 6002, 6297, 5871, 6052]"
homogeneous_0.9,35,long_kg,30000,13638.896313095007,0.4546298771031669,0.4486846776742389,0.7296126407968481,1.1842425179000147,0.20113333333333333,"[6153, 5997, 6023, 5793, 6034]"
homogeneous_0.9,35,past_state_genie,30000,3363.3687128714523,0.11211229042904841,0.11313922292674618,1.072130227470965,1.1842425179000147,0.2075,"[6009, 6029, 5906, 5831, 6225]"
homogeneous_0.9,36,long_kg,30000,14046.348836986788,0.4682116278995596,0.48224177970977605,0.6795486277407593,1.1477602556403252,0.20386666666666667,"[5772, 5745, 6213, 6154, 6116]"
homogeneous_0.9,36,past_state_genie,30000,3562.4903164790444,0.11874967721596814,0.11914438560022092,1.0290105784243553,1.1477602556403252,0.19873333333333335,"[6011, 5779, 6320, 5928, 5962]"
homogeneous_0.9,37,long_kg,30000,13537.302413835016,0.4512434137945005,0.44923090485793554,0.7193391921884565,1.170582605982946,0.1919,"[5962, 6358, 6259, 5664, 5757]"
homogeneous_0.9,37,past_state_genie,30000,3460.1570339216278,0.11533856779738759,0.118445887608423,1.055244038185572,1.170582605982946,0.19373333333333334,"[5922, 6469, 6134, 5663, 5812]"
homogeneous_0.9,38,long_kg,30000,13839.056435540908,0.46130188118469695,0.45934187557700845,0.692705538815105,1.1540074199998018,0.19606666666666667,"[6134, 5990, 5993, 6001, 5882]"
homogeneous_0.9,38,past_state_genie,30000,3493.024615061938,0.11643415383539794,0.115629499698093,1.037573266164404,1.1540074199998018,0.1913,"[6355, 5824, 6131, 5951, 5739]"
homogeneous_0.9,39,long_kg,30000,13535.146530822876,0.45117155102742923,0.4577651238595196,0.6986407417472714,1.1498122927747083,0.20146666666666666,"[5885, 5913, 6061, 6097, 6044]"
homogeneous_0.9,39,past_state_genie,30000,3463.7473431377825,0.11545824477125942,0.11670490729127675,1.0343540480034472,1.1498122927747083,0.20156666666666667,"[5978, 5848, 6091, 6036, 6047]"
homogeneous_0.1,0,long_kg,30000,33485.76438076059,1.116192146025353,1.1033858999129964,0.04460562915547381,1.1607977751808305,0.20313333333333333,"[5962, 5958, 6021, 5965, 6094]"
homogeneous_0.1,0,past_state_genie,30000,31214.951965149074,1.0404983988383025,1.037118093568094,0.12029937634252895,1.1607977751808305,0.19933333333333333,"[6061, 6051, 5948, 5960, 5980]"
homogeneous_0.1,1,long_kg,30000,33584.60501827305,1.1194868339424349,1.128533301601794,0.044913445880293494,1.1644002798227264,0.2007,"[5991, 5896, 6049, 6043, 6021]"
homogeneous_0.1,1,past_state_genie,30000,31366.119070908557,1.0455373023636185,1.040710275818667,0.11886297745911638,1.1644002798227264,0.19873333333333335,"[5898, 6014, 6043, 6083, 5962]"
homogeneous_0.1,2,long_kg,30000,33799.28355962263,1.1266427853207543,1.1326179773171143,0.034929464948951036,1.1615722502697094,0.1996,"[6081, 5960, 6017, 5954, 5988]"
homogeneous_0.1,2,past_state_genie,30000,31233.012275676418,1.041100409189214,1.037662418295532,0.12047184108049122,1.1615722502697094,0.20233333333333334,"[6099, 5907, 6007, 5917, 6070]"
homogeneous_0.1,3,long_kg,30000,33249.222603161295,1.1083074201053764,1.106149265559326,0.04911129351263719,1.1574187136180207,0.19736666666666666,"[6018, 6046, 5943, 6072, 5921]"
homogeneous_0.1,3,past_state_genie,30000,31459.392791573377,1.0486464263857793,1.0493333286831077,0.1087722872322316,1.1574187136180207,0.2014,"[6072, 6038, 5956, 5892, 6042]"
homogeneous_0.1,4,long_kg,30000,33353.85300116778,1.111795100038926,1.1103765126588054,0.04867215732211126,1.1604672573610462,0.197,"[5993, 6018, 6058, 6021, 5910]"
homogeneous_0.1,4,past_state_genie,30000,31184.301119228006,1.039476703974267,1.028380236273412,0.12099055338678172,1.1604672573610462,0.20243333333333333,"[5929, 5937, 5990, 6071, 6073]"
homogeneous_0.1,5,long_kg,30000,33565.274671950094,1.118842489065003,1.104458268300302,0.040479115577395655,1.1593216046423949,0.2004,"[6017, 6010, 5975, 5986, 6012]"
homogeneous_0.1,5,past_state_genie,30000,31305.7009558411,1.0435233651947033,1.0459397312581318,0.11579823944769513,1.1593216046423949,0.19846666666666668,"[6047, 6028, 6073, 5898, 5954]"
homogeneous_0.1,6,long_kg,30000,33726.36121104497,1.1242120403681657,1.1210428193030084,0.033954124550800456,1.1581661649189643,0.20053333333333334,"[5971, 6063, 5949, 6001, 6016]"
homogeneous_0.1,6,past_state_genie,30000,31629.766673838192,1.0543255557946065,1.0507626801264873,0.10384060912435183,1.1581661649189643,0.2022,"[5975, 6004, 5933, 6022, 6066]"
homogeneous_0.1,7,long_kg,30000,33491.31752194586,1.1163772507315286,1.1088545349607581,0.04406698405633677,1.160444234787874,0.19603333333333334,"[6132, 6000, 6024, 5963, 5881]"
homogeneous_0.1,7,past_state_genie,30000,31655.469732222857,1.0551823244074285,1.0520245870116844,0.10526191038044114,1.160444234787874,0.19663333333333333,"[5934, 6009, 6014, 6144, 5899]"
homogeneous_0.1,8,long_kg,30000,33477.524516853075,1.1159174838951025,1.117815173722293,0.04696871121303795,1.162886195108129,0.1978,"[5997, 5988, 6008, 6073, 5934]"
homogeneous_0.1,8,past_state_genie,30000,31664.10850971529,1.0554702836571763,1.0489164054742341,0.10741591145095963,1.162886195108129,0.20086666666666667,"[5932, 5964, 6009, 6069, 6026]"
homogeneous_0.1,9,long_kg,30000,33575.79731611533,1.119193243870511,1.098424366548409,0.045475410726883804,1.1646686545973934,0.2019,"[5953, 6069, 5964, 5957, 6057]"
homogeneous_0.1,9,past_state_genie,30000,31637.785596390055,1.0545928532130018,1.0471997856739537,0.11007580138438527,1.1646686545973934,0.2026,"[6044, 5996, 5943, 5939, 6078]"
homogeneous_0.1,10,long_kg,30000,33580.03978432718,1.1193346594775726,1.113614483518262,0.043985617029907755,1.16332027650747,0.19913333333333333,"[5982, 5849, 6159, 6036, 5974]"
homogeneous_0.1,10,past_state_genie,30000,31426.276855060303,1.0475425618353433,1.0578828833128313,0.11577771467212751,1.16332027650747,0.1994,"[5932, 5918, 6042, 6126, 5982]"
homogeneous_0.1,11,long_kg,30000,33799.681294927046,1.126656043164235,1.1282872664794763,0.0354257147078132,1.1620817578720422,0.2051,"[5948, 5917, 6038, 5944, 6153]"
homogeneous_0.1,11,past_state_genie,30000,31547.14081941798,1.0515713606472659,1.0529911491476422,0.11051039722477614,1.1620817578720422,0.20243333333333333,"[6088, 6004, 5903, 5932, 6073]"
homogeneous_0.1,12,long_kg,30000,33716.48378832793,1.1238827929442645,1.1361320414439247,0.041508211688981445,1.16539100463325,0.2026,"[5970, 6009, 5930, 6013, 6078]"
homogeneous_0.1,12,past_state_genie,30000,31447.444501115777,1.0482481500371925,1.0441219330615676,0.11714285459605604,1.16539100463325,0.19743333333333332,"[5941, 6040, 6043, 6053, 5923]"
homogeneous_0.1,13,long_kg,30000,33638.95056530524,1.1212983521768414,1.1296407282888856,0.037405689727373584,1.15870404190422,0.2021,"[5926, 5934, 6118, 5959, 6063]"
homogeneous_0.1,13,past_state_genie,30000,31085.595986500208,1.0361865328833402,1.0397210631887464,0.1225175090208792,1.15870404190422,0.19746666666666668,"[6018, 5968, 6184, 5906, 5924]"
homogeneous_0.1,14,long_kg,30000,33635.21357071443,1.121173785690481,1.1228426717410254,0.0416674908283623,1.162841276518844,0.20253333333333334,"[5926, 5916, 6104, 5978, 6076]"
homogeneous_0.1,14,past_state_genie,30000,31392.50440251978,1.046416813417326,1.0317538215799442,0.11642446310151858,1.162841276518844,0.20326666666666668,"[6015, 5945, 6039, 5903, 6098]"
homogeneous_0.1,15,long_kg,30000,33670.4057111529,1.1223468570384298,1.1203875998036117,0.03911406370114666,1.1614609207395756,0.19716666666666666,"[6108, 6001, 5960, 6016, 5915]"
homogeneous_0.1,15,past_state_genie,30000,31521.68789481262,1.0507229298270875,1.048979627373711,0.1107379909124924,1.1614609207395756,0.1993,"[5956, 6030, 5931, 6104, 5979]"
homogeneous_0.1,16,long_kg,30000,34082.30228119942,1.1360767427066474,1.1437190305321487,0.030450836471388437,1.1665275791780412,0.19816666666666666,"[5941, 6050, 5964, 6100, 5945]"
homogeneous_0.1,16,past_state_genie,30000,31447.879618348976,1.0482626539449658,1.0569401619008139,0.11826492523307186,1.1665275791780412,0.19316666666666665,"[5884, 6068, 6170, 6083, 5795]"
homogeneous_0.1,17,long_kg,30000,33847.87021432257,1.1282623404774188,1.1268544538734497,0.03744976633093393,1.1657121068083454,0.1979,"[5828, 6143, 5952, 6140, 5937]"
homogeneous_0.1,17,past_state_genie,30000,31513.310416283115,1.0504436805427706,1.056221694682308,0.1152684262655835,1.1657121068083454,0.19826666666666667,"[6047, 5972, 6043, 5990, 5948]"
homogeneous_0.1,18,long_kg,30000,33725.816609326816,1.1241938869775605,1.1275387696446177,0.029226360042971408,1.1534202470205275,0.19556666666666667,"[6121, 6062, 5998, 5952, 5867]"
homogeneous_0.1,18,past_state_genie,30000,31273.37704141277,1.0424459013804257,1.0368765808070461,0.11097434564009787,1.1534202470205275,0.19806666666666667,"[5965, 6059, 6068, 5966, 5942]"
homogeneous_0.1,19,long_kg,30000,33554.35969749989,1.1184786565833296,1.1302887097489036,0.04421490455114035,1.1626935611344773,0.20023333333333335,"[6056, 6058, 5952, 5927, 6007]"
homogeneous_0.1,19,past_state_genie,30000,31550.92984415479,1.0516976614718263,1.06697318494704,0.110995899662648,1.1626935611344773,0.20116666666666666,"[6007, 6057, 5918, 5983, 6035]"
homogeneous_0.1,20,long_kg,30000,33398.873203176976,1.1132957734392326,1.1177682240577596,0.046833790213669554,1.1601295636529085,0.20113333333333333,"[6071, 6049, 5908, 5938, 6034]"
homogeneous_0.1,20,past_state_genie,30000,31008.20640166769,1.0336068800555895,1.0353763963605636,0.12652268359731725,1.1601295636529085,0.19936666666666666,"[6115, 6135, 5923, 5846, 5981]"
homogeneous_0.1,21,long_kg,30000,33520.25343579664,1.1173417811932214,1.1251064723149036,0.04120061233697837,1.1585423935301966,0.19613333333333333,"[6003, 5996, 5998, 6119, 5884]"
homogeneous_0.1,21,past_state_genie,30000,31529.93838338384,1.0509979461127947,1.0483685303984536,0.10754444741739727,1.1585423935301966,0.19893333333333332,"[6128, 5982, 5900, 6022, 5968]"
homogeneous_0.1,22,long_kg,30000,33719.98852671242,1.1239996175570806,1.1226959612596998,0.04215646880603198,1.1661560863631093,0.19943333333333332,"[5951, 6019, 5973, 6074, 5983]"
homogeneous_0.1,22,past_state_genie,30000,31315.958242166194,1.0438652747388733,1.0479812603886893,0.1222908116242418,1.1661560863631093,0.19716666666666666,"[6011, 6142, 5916, 6016, 5915]"
homogeneous_0.1,23,long_kg,30000,33542.103477237964,1.118070115907932,1.118242328396407,0.04221370162373485,1.1602838175316792,0.20163333333333333,"[6012, 5901, 5977, 6061, 6049]"
homogeneous_0.1,23,past_state_genie,30000,31234.850279129878,1.0411616759709958,1.0454894346035217,0.11912214156067359,1.1602838175316792,0.2015,"[6032, 6021, 5920, 5982, 6045]"
homogeneous_0.1,24,long_kg,30000,33632.18054699646,1.121072684899882,1.1082178234807138,0.049087984378115304,1.1701606692779938,0.19546666666666668,"[5982, 5919, 6069, 6166, 5864]"
homogeneous_0.1,24,past_state_genie,30000,31612.49086798433,1.0537496955994776,1.048008598084328,0.11641097367852374,1.1701606692779938,0.20043333333333332,"[6041, 5949, 5962, 6035, 6013]"
homogeneous_0.1,25,long_kg,30000,33792.983219080284,1.1264327739693427,1.1282047145455014,0.04146984336405491,1.1679026173334108,0.1991,"[5964, 5954, 6117, 5992, 5973]"
homogeneous_0.1,25,past_state_genie,30000,31389.004818221005,1.0463001606073667,1.0543931476970527,0.12160245672603424,1.1679026173334108,0.19523333333333334,"[6054, 6016, 5968, 6105, 5857]"
homogeneous_0.1,26,long_kg,30000,33818.35978173208,1.1272786593910693,1.1369914528190597,0.031640957897561946,1.1589196172886396,0.1977,"[6030, 6020, 6001, 6018, 5931]"
homogeneous_0.1,26,past_state_genie,30000,31422.85100251267,1.0474283667504223,1.0498533654425508,0.11149125053821064,1.1589196172886396,0.19776666666666667,"[6006, 6005, 5966, 6090, 5933]"
homogeneous_0.1,27,long_kg,30000,33419.86803904787,1.1139956013015957,1.1270480267721057,0.04185677032110883,1.1558523716227072,0.19716666666666666,"[5983, 6110, 6018, 5974, 5915]"
homogeneous_0.1,27,past_state_genie,30000,31182.35510502206,1.0394118368340686,1.0541825682107822,0.11644053478863974,1.1558523716227072,0.20023333333333335,"[6025, 5958, 6050, 5960, 6007]"
homogeneous_0.1,28,long_kg,30000,33754.5402084298,1.1251513402809932,1.106686083899322,0.04000868114546384,1.1651600214264586,0.19623333333333334,"[5921, 6152, 5997, 6043, 5887]"
homogeneous_0.1,28,past_state_genie,30000,31763.66256252428,1.0587887520841428,1.0503292100523918,0.10637126934231665,1.1651600214264586,0.20176666666666668,"[5856, 5979, 5964, 6148, 6053]"
homogeneous_0.1,29,long_kg,30000,33198.6045822492,1.10662015274164,1.1127565718719792,0.059580792053898095,1.1662009447955437,0.20126666666666668,"[5996, 5911, 6002, 6053, 6038]"
homogeneous_0.1,29,past_state_genie,30000,31545.222929194715,1.0515074309731571,1.0441210094364415,0.11469351382237651,1.1662009447955437,0.19963333333333333,"[5902, 5923, 6083, 6103, 5989]"
homogeneous_0.1,30,long_kg,30000,33735.84252692335,1.1245280842307783,1.115937306374955,0.044008070464655595,1.1685361546954274,0.1989,"[5934, 6172, 5958, 5969, 5967]"
homogeneous_0.1,30,past_state_genie,30000,31558.175285819907,1.051939176193997,1.0664392468762267,0.1165969785014342,1.1685361546954274,0.20173333333333332,"[5916, 6076, 5972, 5984, 6052]"
homogeneous_0.1,31,long_kg,30000,33474.681620563104,1.1158227206854368,1.1105376829101115,0.040869814754490516,1.1566925354399318,0.20073333333333335,"[6005, 6005, 5876, 6092, 6022]"
homogeneous_0.1,31,past_state_genie,30000,31233.011458542354,1.0411003819514117,1.0456710534358868,0.11559215348851497,1.1566925354399318,0.20303333333333334,"[6078, 5886, 5923, 6022, 6091]"
homogeneous_0.1,32,long_kg,30000,33827.86731631694,1.1275955772105646,1.1183544046336824,0.04234517403302582,1.169940751243589,0.2006,"[5991, 6013, 6019, 5959, 6018]"
homogeneous_0.1,32,past_state_genie,30000,31226.569365816835,1.0408856455272277,1.0443927666147563,0.1290551057163632,1.169940751243589,0.1987,"[5984, 5969, 6089, 5997, 5961]"
homogeneous_0.1,33,long_kg,30000,33426.62148186712,1.1142207160622375,1.1106684750354066,0.05070625266925141,1.1649269687314832,0.20173333333333332,"[6092, 5969, 5989, 5898, 6052]"
homogeneous_0.1,33,past_state_genie,30000,31246.772889365446,1.0415590963121815,1.0484434504830233,0.12336787241929704,1.1649269687314832,0.2023,"[5840, 5986, 6123, 5982, 6069]"
homogeneous_0.1,34,long_kg,30000,33699.12499290176,1.1233041664300585,1.1124740497273564,0.03901891939982295,1.162323085829872,0.1992,"[6070, 5886, 6047, 6021, 5976]"
homogeneous_0.1,34,past_state_genie,30000,31568.98435414809,1.052299478471603,1.0608019540093232,0.11002360735827807,1.162323085829872,0.20343333333333333,"[5831, 6074, 6011, 5981, 6103]"
homogeneous_0.1,35,long_kg,30000,33237.978191162096,1.1079326063720698,1.1072788013426766,0.05783032263251302,1.1657629290045797,0.20066666666666666,"[5914, 6082, 5925, 6059, 6020]"
homogeneous_0.1,35,past_state_genie,30000,31295.595315503386,1.0431865105167795,1.0397545382242783,0.12257641848779537,1.1657629290045797,0.19876666666666667,"[6088, 6055, 6015, 5879, 5963]"
homogeneous_0.1,36,long_kg,30000,33587.96588845519,1.1195988629485063,1.119643609136754,0.03880935476273261,1.1584082177112318,0.20383333333333334,"[5993, 5914, 5970, 6008, 6115]"
homogeneous_0.1,36,past_state_genie,30000,31373.427491141974,1.0457809163713991,1.0427582931093018,0.11262730133984185,1.1584082177112318,0.19936666666666666,"[5913, 6095, 6090, 5921, 5981]"
homogeneous_0.1,37,long_kg,30000,33082.606244596056,1.1027535414865353,1.0981078016731856,0.06000297965024773,1.1627565211367772,0.20026666666666668,"[6093, 5953, 5948, 5998, 6008]"
homogeneous_0.1,37,past_state_genie,30000,31157.83497319078,1.0385944991063594,1.044291975824234,0.12416202203041633,1.1627565211367772,0.2031,"[5993, 6158, 5960, 5796, 6093]"
homogeneous_0.1,38,long_kg,30000,33464.63011901196,1.115487670633732,1.1067566530679571,0.04417855195168427,1.1596662225854164,0.1987,"[6122, 5973, 5978, 5966, 5961]"
homogeneous_0.1,38,past_state_genie,30000,31454.466494146014,1.0484822164715337,1.046684380919561,0.11118400611389019,1.1596662225854164,0.19816666666666666,"[6025, 5986, 6084, 5960, 5945]"
homogeneous_0.1,39,long_kg,30000,33496.140600353414,1.1165380200117805,1.1074401692824303,0.044373395118271,1.1609114151300435,0.1961,"[6100, 6042, 6107, 5868, 5883]"
homogeneous_0.1,39,past_state_genie,30000,31397.080481707624,1.0465693493902541,1.0414359631454781,0.11434206573980189,1.1609114151300435,0.2001,"[5960, 6012, 6059, 5966, 6003]"
homogeneous_0.99,0,long_kg,30000,4869.028639559901,0.1623009546519967,0.15969440619073644,1.02059619072358,1.1828971453755757,0.20236666666666667,"[5538, 6026, 6208, 6157, 6071]"
homogeneous_0.99,0,past_state_genie,30000,338.4668672582567,0.011282228908608556,0.01070506388387248,1.1716149164669696,1.1828971453755757,0.20936666666666667,"[5470, 5799, 6220, 6230, 6281]"
homogeneous_0.99,1,long_kg,30000,4936.848923587677,0.1645616307862559,0.16393756266836929,1.0389673144995135,1.2035289452857727,0.2254,"[4524, 5473, 6122, 7119, 6762]"
homogeneous_0.99,1,past_state_genie,30000,338.1017847679118,0.011270059492263727,0.01106859354834709,1.1922588857935092,1.2035289452857727,0.23,"[4033, 5470, 6220, 7377, 6900]"
homogeneous_0.99,2,long_kg,30000,4932.764792376791,0.16442549307922635,0.1700582943946608,1.0110765174626721,1.1755020105419092,0.1816,"[6601, 6225, 6049, 5677, 5448]"
homogeneous_0.99,2,past_state_genie,30000,352.41024083951964,0.011747008027983988,0.01309693543036328,1.1637550025139263,1.1755020105419092,0.17883333333333334,"[6652, 6252, 6087, 5644, 5365]"
homogeneous_0.99,3,long_kg,30000,4955.690371939772,0.1651896790646591,0.16337570291976003,0.9678579847955922,1.1330476638602456,0.20433333333333334,"[5626, 6710, 5580, 5954, 6130]"
homogeneous_0.99,3,past_state_genie,30000,343.0278020669175,0.01143426006889725,0.011734463865480674,1.1216134037913494,1.1330476638602456,0.20493333333333333,"[5530, 6818, 5551, 5953, 6148]"
homogeneous_0.99,4,long_kg,30000,5069.6211887505415,0.1689873729583514,0.17133830370239733,1.0001819205202536,1.1691692934786135,0.19666666666666666,"[5346, 6222, 6286, 6246, 5900]"
homogeneous_0.99,4,past_state_genie,30000,329.0081920936385,0.010966939736454616,0.011784860524603884,1.1582023537421537,1.1691692934786135,0.19713333333333333,"[5469, 6205, 6159, 6253, 5914]"
homogeneous_0.99,5,long_kg,30000,5009.52166415095,0.1669840554716983,0.17428610236407435,1.0288959484967641,1.195880003968466,0.17506666666666668,"[6255, 5911, 7043, 5539, 5252]"
homogeneous_0.99,5,past_state_genie,30000,317.2782961483512,0.010575943204945041,0.010670821899953095,1.1853040607635228,1.195880003968466,0.17483333333333334,"[6436, 5874, 7093, 5352, 5245]"
homogeneous_0.99,6,long_kg,30000,5172.144008584007,0.17240480028613356,0.17472242920129935,0.9047503402512603,1.0771551405373943,0.21733333333333332,"[5655, 5677, 5725, 6423, 6520]"
homogeneous_0.99,6,past_state_genie,30000,344.53198297600784,0.011484399432533595,0.01183340707877997,1.0656707411048632,1.0771551405373943,0.21556666666666666,"[5720, 5680, 5648, 6485, 6467]"
homogeneous_0.99,7,long_kg,30000,4915.111698577551,0.1638370566192517,0.16025380379132279,1.01051527629424,1.174352332913492,0.17513333333333334,"[6438, 6044, 4917, 7347, 5254]"
homogeneous_0.99,7,past_state_genie,30000,338.0926659981123,0.01126975553327041,0.010925350573209746,1.163082577380222,1.174352332913492,0.175,"[6487, 6122, 4638, 7503, 5250]"
homogeneous_0.99,8,long_kg,30000,5050.972899106691,0.16836576330355638,0.16107510333382224,0.9586893769502506,1.1270551402538143,0.2061,"[5956, 5981, 5488, 6392, 6183]"
homogeneous_0.99,8,past_state_genie,30000,363.86565403030977,0.012128855134343659,0.011493961061923009,1.1149262851194661,1.1270551402538143,0.20733333333333334,"[5864, 5853, 5479, 6584, 6220]"
homogeneous_0.99,9,long_kg,30000,4988.816746976716,0.16629389156589053,0.167841614633818,1.0079499484135699,1.1742438399794586,0.2403,"[5870, 5401, 5213, 6307, 7209]"
homogeneous_0.99,9,past_state_genie,30000,351.1044987488522,0.011703483291628408,0.01199555699632661,1.1625403566878292,1.1742438399794586,0.24373333333333333,"[5776, 5362, 5094, 6456, 7312]"
homogeneous_0.99,10,long_kg,30000,4949.402932862967,0.1649800977620989,0.16947954235435445,0.9898296777090434,1.1548097754711382,0.19423333333333334,"[6081, 4682, 5990, 7420, 5827]"
homogeneous_0.99,10,past_state_genie,30000,343.10083659057244,0.011436694553019081,0.01243551081047779,1.1433730809181175,1.1548097754711382,0.19326666666666667,"[6106, 4738, 5906, 7452, 5798]"
homogeneous_0.99,11,long_kg,30000,5032.7802132851975,0.1677593404428399,0.16735252504501708,0.9526236836369932,1.1203830240798345,0.21166666666666667,"[6605, 6037, 5180, 5828, 6350]"
homogeneous_0.99,11,past_state_genie,30000,357.07533047061435,0.011902511015687145,0.011822462869628996,1.1084805130641462,1.1203830240798345,0.21356666666666665,"[6735, 6201, 4889, 5768, 6407]"
homogeneous_0.99,12,long_kg,30000,5107.910108207332,0.17026367027357775,0.16631937883959708,1.0177088776181555,1.1879725478917433,0.2024,"[5361, 5452, 6344, 6771, 6072]"
homogeneous_0.99,12,past_state_genie,30000,358.88758211526334,0.011962919403842111,0.012147194998250494,1.176009628487903,1.1879725478917433,0.20246666666666666,"[5353, 5464, 6350, 6759, 6074]"
homogeneous_0.99,13,long_kg,30000,4957.082851056378,0.16523609503521258,0.15285469846837682,0.9906283542795843,1.1558644493147976,0.1874,"[6000, 6228, 7355, 4795, 5622]"
homogeneous_0.99,13,past_state_genie,30000,344.4799226299875,0.011482664087666251,0.011589795297402642,1.1443817852271307,1.1558644493147976,0.1804,"[5976, 6315, 7709, 4588, 5412]"
homogeneous_0.99,14,long_kg,30000,4989.248060693725,0.16630826868979084,0.15585627033525065,0.9984526262360741,1.1647608949258665,0.22736666666666666,"[5080, 5520, 6056, 6523, 6821]"
homogeneous_0.99,14,past_state_genie,30000,332.48856218292235,0.011082952072764078,0.009377058454406175,1.1536779428531063,1.1647608949258665,0.23113333333333333,"[5179, 5371, 5895, 6621, 6934]"
homogeneous_0.99,15,long_kg,30000,5050.871623414621,0.16836238744715404,0.1741032163177163,0.966673949787646,1.1350363372347985,0.17523333333333332,"[5794, 6761, 5946, 6242, 5257]"
homogeneous_0.99,15,past_state_genie,30000,335.76887604592434,0.011192295868197479,0.011192922460013265,1.123844041366603,1.1350363372347985,0.17126666666666668,"[5782, 6863, 5937, 6280, 5138]"
homogeneous_0.99,16,long_kg,30000,5090.40699197816,0.16968023306593866,0.167188742498181,0.9922846610664383,1.1619648941323717,0.15166666666666667,"[4940, 5668, 7582, 7260, 4550]"
homogeneous_0.99,16,past_state_genie,30000,351.07964904187855,0.011702654968062618,0.010911203796650698,1.1502622391643091,1.1619648941323717,0.15096666666666667,"[4607, 5673, 7978, 7213, 4529]"
homogeneous_0.99,17,long_kg,30000,5024.4886085951175,0.16748295361983725,0.16222693985950162,1.0144844696950517,1.1819674233148876,0.21633333333333332,"[5279, 6338, 5584, 6309, 6490]"
homogeneous_0.99,17,past_state_genie,30000,348.11826373543056,0.011603942124514353,0.010808236085966934,1.1703634811903767,1.1819674233148876,0.21553333333333333,"[5121, 6315, 5674, 6424, 6466]"
homogeneous_0.99,18,long_kg,30000,4995.2258015268435,0.16650752671756144,0.1649880804647934,0.9430932583907649,1.1096007851083285,0.19,"[6075, 6011, 6060, 6154, 5700]"
homogeneous_0.99,18,past_state_genie,30000,351.75045238860855,0.011725015079620284,0.012636634926100947,1.0978757700287072,1.1096007851083285,0.1943,"[5929, 5942, 5983, 6317, 5829]"
homogeneous_0.99,19,long_kg,30000,4899.0554443221345,0.16330184814407114,0.16092721519161868,1.066926337179794,1.2302281853238601,0.20963333333333334,"[5635, 6388, 5815, 5873, 6289]"
homogeneous_0.99,19,past_state_genie,30000,328.4715092829326,0.010949050309431085,0.010426623114512385,1.219279135014429,1.2302281853238601,0.2113,"[5542, 6552, 5684, 5883, 6339]"
homogeneous_0.99,20,long_kg,30000,5034.413600223938,0.16781378667413127,0.1695471222897086,1.0104348049177527,1.1782485915918934,0.21186666666666668,"[6818, 6999, 4916, 4911, 6356]"
homogeneous_0.99,20,past_state_genie,30000,343.7905021216814,0.011459683404056047,0.011533390002572226,1.1667889081878309,1.1782485915918934,0.2139,"[6763, 7149, 4782, 4889, 6417]"
homogeneous_0.99,21,long_kg,30000,4937.371644057372,0.1645790548019124,0.16265287174950663,0.9793813731430266,1.1439604279449387,0.20483333333333334,"[6300, 5761, 5634, 6160, 6145]"
homogeneous_0.99,21,past_state_genie,30000,319.53304962872016,0.010651101654290672,0.010625077408834147,1.1333093262906477,1.1439604279449387,0.20656666666666668,"[6232, 5794, 5638, 6139, 6197]"
homogeneous_0.99,22,long_kg,30000,4735.79640577163,0.15785988019238767,0.1545972437152269,1.107921785520377,1.2657816657127556,0.19146666666666667,"[5374, 6971, 5166, 6745, 5744]"
homogeneous_0.99,22,past_state_genie,30000,333.0924058823375,0.011103080196077917,0.010540381319591235,1.2546785855166769,1.2657816657127556,0.19446666666666668,"[5412, 7043, 4982, 6729, 5834]"
homogeneous_0.99,23,long_kg,30000,5093.453489895483,0.16978178299651608,0.16890468446669515,0.937271984550751,1.1070537675472625,0.19996666666666665,"[6328, 5971, 5410, 6292, 5999]"
homogeneous_0.99,23,past_state_genie,30000,356.81813750464397,0.011893937916821466,0.012686988620121077,1.0951598296304421,1.1070537675472625,0.1973,"[6368, 6082, 5383, 6248, 5919]"
homogeneous_0.99,24,long_kg,30000,4911.879963337267,0.16372933211124224,0.16281513518732657,1.0588503990806963,1.2225797311919366,0.19946666666666665,"[5587, 5400, 6327, 6702, 5984]"
homogeneous_0.99,24,past_state_genie,30000,338.1257616993251,0.011270858723310836,0.011836451096620463,1.2113088724686245,1.2225797311919366,0.20816666666666667,"[5386, 5479, 6320, 6570, 6245]"
homogeneous_0.99,25,long_kg,30000,4995.9587710238075,0.1665319590341269,0.17408219467802258,1.0548110520275589,1.221343011061686,0.17606666666666668,"[5941, 6478, 6145, 6154, 5282]"
homogeneous_0.99,25,past_state_genie,30000,325.21979551389165,0.010840659850463055,0.011127539227890572,1.2105023512112199,1.221343011061686,0.17276666666666668,"[5937, 6629, 6132, 6119, 5183]"
homogeneous_0.99,26,long_kg,30000,5022.752127810024,0.1674250709270008,0.17161400735866897,0.9630111760691316,1.1304362469961318,0.1744,"[5990, 6635, 6378, 5765, 5232]"
homogeneous_0.99,26,past_state_genie,30000,340.8812503583064,0.01136270834527688,0.012163347995892224,1.1190735386508557,1.1304362469961318,0.1694,"[6019, 6798, 6426, 5675, 5082]"
homogeneous_0.99,27,long_kg,30000,5140.245247135612,0.17134150823785374,0.17587095027011126,0.9330673629519423,1.1044088711897952,0.2107,"[5607, 5773, 6309, 5990, 6321]"
homogeneous_0.99,27,past_state_genie,30000,361.78869955947914,0.012059623318649305,0.012392576812402856,1.092349247871147,1.1044088711897952,0.2081,"[5610, 5703, 6570, 5874, 6243]"
homogeneous_0.99,28,long_kg,30000,4949.552134292747,0.16498507114309155,0.16648133315027835,0.9845851811670111,1.1495702523101037,0.20536666666666667,"[5196, 5558, 6198, 6887, 6161]"
homogeneous_0.99,28,past_state_genie,30000,350.6229555409226,0.011687431851364087,0.011809155934001853,1.1378828204587352,1.1495702523101037,0.201,"[5139, 5433, 6127, 7271, 6030]"
homogeneous_0.99,29,long_kg,30000,4842.734011675415,0.16142446705584718,0.1610644171682985,1.0711666376909568,1.2325911047467928,0.18183333333333335,"[5308, 5411, 6712, 7114, 5455]"
homogeneous_0.99,29,past_state_genie,30000,329.7682225821013,0.010992274086070043,0.010494875170889826,1.2215988306607237,1.2325911047467928,0.1803,"[5245, 5269, 6778, 7299, 5409]"
homogeneous_0.99,30,long_kg,30000,4711.658197270235,0.15705527324234117,0.15769868535146192,1.1304999105645634,1.2875551838069068,0.224,"[4756, 6196, 5425, 6903, 6720]"
homogeneous_0.99,30,past_state_genie,30000,324.6121746032563,0.010820405820108542,0.010381885211908564,1.2767347779868008,1.2875551838069068,0.23143333333333332,"[4540, 6250, 5365, 6902, 6943]"
homogeneous_0.99,31,long_kg,30000,4909.423867636638,0.1636474622545546,0.15617529914476336,1.0153170538735838,1.1789645161281357,0.20433333333333334,"[6386, 5707, 4410, 7367, 6130]"
homogeneous_0.99,31,past_state_genie,30000,339.16549537090555,0.011305516512363518,0.010955952555100732,1.1676589996157707,1.1789645161281357,0.20383333333333334,"[6418, 5663, 4190, 7614, 6115]"
homogeneous_0.99,32,long_kg,30000,4889.995051828126,0.16299983506093751,0.17290228682883702,1.0970718776375485,1.2600717126984862,0.23406666666666667,"[5443, 6028, 5295, 6212, 7022]"
homogeneous_0.99,32,past_state_genie,30000,334.56730149840666,0.011152243383280223,0.011309417797774049,1.2489194693152064,1.2600717126984862,0.24123333333333333,"[5268, 5964, 5304, 6227, 7237]"
homogeneous_0.99,33,long_kg,30000,4983.232569961536,0.1661077523320512,0.1653859532535304,1.04444508508587,1.210552837417919,0.20166666666666666,"[5111, 5749, 6415, 6675, 6050]"
homogeneous_0.99,33,past_state_genie,30000,355.2871509084628,0.011842905030282094,0.011302523587032716,1.1987099323876371,1.210552837417919,0.20433333333333334,"[5066, 5749, 6280, 6775, 6130]"
homogeneous_0.99,34,long_kg,30000,4983.39805851626,0.16611326861720865,0.1704344167232778,0.9810460934306726,1.1471593620478795,0.20503333333333335,"[5880, 5803, 6514, 5652, 6151]"
homogeneous_0.99,34,past_state_genie,30000,381.482024589918,0.0127160674863306,0.014221343654677492,1.1344432945615528,1.1471593620478795,0.20266666666666666,"[5936, 5858, 6465, 5661, 6080]"
homogeneous_0.99,35,long_kg,30000,4876.940163908705,0.16256467213029016,0.15093477426645238,1.0690673735762617,1.2316320457065375,0.20263333333333333,"[6408, 6387, 5627, 5499, 6079]"
homogeneous_0.99,35,past_state_genie,30000,360.5967825711201,0.01201989275237067,0.01093611904277818,1.219612152954168,1.2316320457065375,0.20823333333333333,"[6574, 6312, 5459, 5408, 6247]"
homogeneous_0.99,36,long_kg,30000,5101.399613357311,0.17004665377857703,0.17673481679807237,0.9597893975371852,1.129836051315763,0.16836666666666666,"[5801, 6673, 6484, 5991, 5051]"
homogeneous_0.99,36,past_state_genie,30000,359.7083693371646,0.011990278977905486,0.011552357986327949,1.1178457723378599,1.129836051315763,0.16546666666666668,"[5745, 6872, 6464, 5955, 4964]"
homogeneous_0.99,37,long_kg,30000,4822.850365920537,0.1607616788640179,0.1592166656381039,1.0531841248105045,1.213945803674523,0.17086666666666667,"[6184, 7352, 6565, 4773, 5126]"
homogeneous_0.99,37,past_state_genie,30000,348.3297181700538,0.01161099060566846,0.012146533853939497,1.2023348130688574,1.213945803674523,0.16926666666666668,"[6249, 7540, 6473, 4660, 5078]"
homogeneous_0.99,38,long_kg,30000,4956.465044001246,0.1652155014667082,0.1626467339294698,1.0138122014923563,1.179027702959068,0.17736666666666667,"[6490, 5815, 6740, 5634, 5321]"
homogeneous_0.99,38,past_state_genie,30000,337.3756626355929,0.01124585542118643,0.010524529038663357,1.1677818475378816,1.179027702959068,0.1783,"[6422, 5805, 7076, 5348, 5349]"
homogeneous_0.99,39,long_kg,30000,5134.282009180635,0.1711427336393545,0.17172543976695315,0.9140700587255111,1.0852127923648602,0.20023333333333335,"[5617, 6279, 6086, 6011, 6007]"
homogeneous_0.99,39,past_state_genie,30000,368.0468610194294,0.012268228700647647,0.012375575009077404,1.0729445636642132,1.0852127923648602,0.20896666666666666,"[5510, 6242, 6040, 5939, 6269]"
homogeneous_0.995,0,long_kg,30000,3489.702914397977,0.11632343047993257,0.11720302737357238,1.0797708915792208,1.196094322059152,0.20703333333333335,"[5349, 6222, 6114, 6104, 6211]"
homogeneous_0.995,0,past_state_genie,30000,161.2022057534451,0.00537340685844817,0.004730316795515929,1.1907209152007043,1.196094322059152,0.2077,"[5254, 6043, 6462, 6010, 6231]"
homogeneous_0.995,1,long_kg,30000,3435.047801661665,0.11450159338872216,0.11541777382016846,1.1187103617979155,1.2332119551866325,0.2239,"[4249, 5317, 6104, 7613, 6717]"
homogeneous_0.995,1,past_state_genie,30000,173.34958532050612,0.005778319510683538,0.005746315616343999,1.227433635675954,1.2332119551866325,0.2304,"[3915, 5341, 6125, 7707, 6912]"
homogeneous_0.995,2,long_kg,30000,3529.5440736702453,0.1176514691223415,0.12523831239479902,1.0523468392769604,1.1699983083993002,0.1806,"[7343, 6359, 5518, 5362, 5418]"
homogeneous_0.995,2,past_state_genie,30000,164.76728572638868,0.00549224285754629,0.006126636467505307,1.1645060655417534,1.1699983083993002,0.17283333333333334,"[7534, 6461, 5626, 5194, 5185]"
homogeneous_0.995,3,long_kg,30000,3516.195066597702,0.1172065022199234,0.11527049810028223,0.9978781629372158,1.1150846651571338,0.19863333333333333,"[5449, 7025, 5273, 6294, 5959]"
homogeneous_0.995,3,past_state_genie,30000,169.38494025639196,0.0056461646752130655,0.004906159564758297,1.1094385004819232,1.1150846651571338,0.19336666666666666,"[5415, 7097, 5263, 6424, 5801]"
homogeneous_0.995,4,long_kg,30000,3585.2529574879127,0.11950843191626376,0.12088199029180362,1.0217134471843028,1.141221879100573,0.2046,"[5058, 6004, 6624, 6176, 6138]"
homogeneous_0.995,4,past_state_genie,30000,182.15284045870098,0.006071761348623366,0.006098924923563763,1.1351501177519507,1.141221879100573,0.2099,"[5034, 5892, 6659, 6118, 6297]"
homogeneous_0.995,5,long_kg,30000,3596.984395823454,0.11989947986078181,0.12373516219218886,1.0646322449554078,1.1845317248161926,0.1607,"[6462, 5945, 7755, 5017, 4821]"
homogeneous_0.995,5,past_state_genie,30000,170.06216631694505,0.005668738877231501,0.005202416093211516,1.1788629859389597,1.1845317248161926,0.1543,"[6567, 5840, 7926, 5038, 4629]"
homogeneous_0.995,6,long_kg,30000,3633.046658999566,0.12110155529998552,0.12015592075815097,0.917098934126991,1.0382004894269763,0.22283333333333333,"[5437, 5417, 5905, 6556, 6685]"
homogeneous_0.995,6,past_state_genie,30000,175.22966499907864,0.005840988833302621,0.006163420563241579,1.0323595005936728,1.0382004894269763,0.2285,"[5586, 5310, 5739, 6510, 6855]"
homogeneous_0.995,7,long_kg,30000,3515.4185867166725,0.11718061955722242,0.1126390912058725,1.0522119446183418,1.1693925641755611,0.15323333333333333,"[6463, 5777, 4721, 8442, 4597]"
homogeneous_0.995,7,past_state_genie,30000,168.5198577780392,0.005617328592601307,0.004138158754253772,1.1637752355829611,1.1693925641755611,0.1506,"[6458, 5792, 4555, 8677, 4518]"
homogeneous_0.995,8,long_kg,30000,3646.702324409787,0.1215567441469929,0.11658403117240455,0.9836603282154499,1.1052170723624408,0.21326666666666666,"[5810, 5809, 5358, 6625, 6398]"
homogeneous_0.995,8,past_state_genie,30000,186.51404064008875,0.0062171346880029585,0.005657398732493441,1.0989999376744395,1.1052170723624408,0.21423333333333333,"[5866, 5547, 5337, 6823, 6427]"
homogeneous_0.995,9,long_kg,30000,3483.251076472433,0.11610836921574777,0.12012416887666731,1.0639998272067834,1.1801081964225366,0.26243333333333335,"[6079, 4985, 4412, 6651, 7873]"
homogeneous_0.995,9,past_state_genie,30000,170.9707383885518,0.005699024612951727,0.006244354002173547,1.1744091718095837,1.1801081964225366,0.2710666666666667,"[6000, 4882, 4152, 6834, 8132]"
homogeneous_0.995,10,long_kg,30000,3409.7819925554686,0.11365939975184895,0.11519498267770387,1.0542840363588168,1.1679434361106602,0.18186666666666668,"[5996, 4100, 6178, 8270, 5456]"
homogeneous_0.995,10,past_state_genie,30000,162.9833190615227,0.0054327773020507565,0.006069767147381887,1.1625106588086094,1.1679434361106602,0.17566666666666667,"[5832, 3909, 6458, 8531, 5270]"
homogeneous_0.995,11,long_kg,30000,3649.1387940491927,0.12163795980163976,0.11947285985391529,0.9679966976833745,1.0896346574850144,0.21643333333333334,"[6789, 5997, 4997, 5724, 6493]"
homogeneous_0.995,11,past_state_genie,30000,174.06593517061373,0.0058021978390204575,0.006517913007932469,1.083832459645994,1.0896346574850144,0.20926666666666666,"[7054, 6127, 5005, 5536, 6278]"
homogeneous_0.995,12,long_kg,30000,3629.38017817445,0.12097933927248167,0.11571366904977436,1.0707466415577467,1.1917259808302274,0.1885,"[5079, 5525, 6500, 7241, 5655]"
homogeneous_0.995,12,past_state_genie,30000,178.1075340409643,0.005936917801365477,0.006601985051564779,1.1857890630288659,1.1917259808302274,0.19083333333333333,"[5071, 5374, 6565, 7265, 5725]"
homogeneous_0.995,13,long_kg,30000,3588.4730481434144,0.11961576827144715,0.10929277273955575,1.0085977225199911,1.12821349079144,0.1869,"[5936, 6021, 8096, 4340, 5607]"
homogeneous_0.995,13,past_state_genie,30000,183.38218167353955,0.006112739389117985,0.0061047364699079835,1.1221007514023242,1.12821349079144,0.18136666666666668,"[5825, 6149, 8365, 4220, 5441]"
homogeneous_0.995,14,long_kg,30000,3504.3008223567736,0.11681002741189245,0.1067798161981154,1.0572974810172024,1.174107508429097,0.2276,"[5147, 5552, 5785, 6688, 6828]"
homogeneous_0.995,14,past_state_genie,30000,174.88452717033982,0.0058294842390113275,0.005181458376540554,1.168278024190086,1.174107508429097,0.2264,"[5100, 5573, 5707, 6828, 6792]"
homogeneous_0.995,15,long_kg,30000,3536.564263732427,0.11788547545774758,0.11975202592752712,0.998487635946401,1.1163731114041462,0.16583333333333333,"[5748, 7224, 5870, 6183, 4975]"
homogeneous_0.995,15,past_state_genie,30000,171.5992900886003,0.005719976336286676,0.005909330507338115,1.1106531350678577,1.1163731114041462,0.15966666666666668,"[5716, 7222, 6004, 6268, 4790]"
homogeneous_0.995,16,long_kg,30000,3541.4620564992256,0.11804873521664085,0.1175499019614115,1.063635090553597,1.1816838257702413,0.1342,"[4479, 5841, 8239, 7415, 4026]"
homogeneous_0.995,16,past_state_genie,30000,168.7792680649099,0.005625975602163664,0.004929754552434233,1.1760578501680774,1.1816838257702413,0.12666666666666668,"[4073, 5869, 8659, 7599, 3800]"
homogeneous_0.995,17,long_kg,30000,3621.313810967685,0.12071046036558951,0.11833851756220931,1.0404449093959884,1.1611553697615835,0.21413333333333334,"[5195, 6271, 5288, 6822, 6424]"
homogeneous_0.995,17,past_state_genie,30000,188.55022385513186,0.006285007461837729,0.006137788337967975,1.1548703622997465,1.1611553697615835,0.2124,"[5074, 6129, 5448, 6977, 6372]"
homogeneous_0.995,18,long_kg,30000,3497.231469371675,0.11657438231238916,0.11446242769551489,0.9980568743043944,1.1146312566167857,0.17323333333333332,"[6530, 5672, 6025, 6576, 5197]"
homogeneous_0.995,18,past_state_genie,30000,161.46185455853723,0.0053820618186179075,0.005568313453495285,1.109249194798166,1.1146312566167857,0.16556666666666667,"[6459, 5653, 6005, 6916, 4967]"
homogeneous_0.995,19,long_kg,30000,3380.940625888902,0.1126980208629634,0.10589041584338768,1.1508371673070408,1.2635351881700063,0.2187,"[5007, 6809, 5431, 6192, 6561]"
homogeneous_0.995,19,past_state_genie,30000,157.13518645019752,0.005237839548339917,0.004764946202031638,1.2582973486216653,1.2635351881700063,0.22676666666666667,"[4890, 6936, 5330, 6041, 6803]"
homogeneous_0.995,20,long_kg,30000,3550.7571775485894,0.11835857258495298,0.1208871706953355,1.0711076956250214,1.1894662682099728,0.21906666666666666,"[6660, 7567, 4194, 5007, 6572]"
homogeneous_0.995,20,past_state_genie,30000,167.97638898908514,0.005599212966302838,0.005653239274579692,1.1838670552436688,1.1894662682099728,0.2236,"[6607, 7731, 4040, 4914, 6708]"
homogeneous_0.995,21,long_kg,30000,3363.3071386343554,0.11211023795447851,0.11041897071638232,1.0513593237820709,1.1634695617365483,0.19956666666666667,"[6710, 5501, 5777, 6025, 5987]"
homogeneous_0.995,21,past_state_genie,30000,154.10461624336713,0.005136820541445571,0.0050338403666384405,1.158332741195104,1.1634695617365483,0.19576666666666667,"[6669, 5274, 6053, 6131, 5873]"
homogeneous_0.995,22,long_kg,30000,3288.4809729490075,0.10961603243163358,0.11069189510843602,1.1953192599546811,1.3049352923863209,0.18456666666666666,"[5245, 7532, 4635, 7051, 5537]"
homogeneous_0.995,22,past_state_genie,30000,157.0572297647772,0.00523524099215924,0.0049222189202818584,1.2997000513941595,1.3049352923863209,0.18513333333333334,"[5162, 7777, 4350, 7157, 5554]"
homogeneous_0.995,23,long_kg,30000,3650.1828216152862,0.12167276072050955,0.12390783258594024,0.9481025473592335,1.0697753080797487,0.20223333333333332,"[6571, 5669, 4960, 6733, 6067]"
homogeneous_0.995,23,past_state_genie,30000,174.35015627920288,0.005811671875973429,0.006399068923661588,1.0639636362037734,1.0697753080797487,0.19986666666666666,"[6436, 5708, 4978, 6882, 5996]"
homogeneous_0.995,24,long_kg,30000,3469.0666298800675,0.11563555432933559,0.11679773273297755,1.1265607547610201,1.242196309090357,0.2062,"[5146, 5490, 6243, 6935, 6186]"
homogeneous_0.995,24,past_state_genie,30000,168.78610894503322,0.005626203631501107,0.005755055580843688,1.2365701054588552,1.242196309090357,0.20866666666666667,"[5131, 5518, 6209, 6882, 6260]"
homogeneous_0.995,25,long_kg,30000,3500.4795969620764,0.11668265323206921,0.12358253769963598,1.1031667866929784,1.219849439925052,0.17126666666666668,"[6160, 6485, 6044, 6173, 5138]"
homogeneous_0.995,25,past_state_genie,30000,183.20816464269805,0.006106938821423268,0.006431625147020902,1.2137425011036302,1.219849439925052,0.1642,"[6327, 6610, 6077, 6060, 4926]"
homogeneous_0.995,26,long_kg,30000,3564.118158456997,0.11880393861523324,0.120948043441783,0.9973011657958181,1.116105104411052,0.17126666666666668,"[5605, 6968, 6694, 5595, 5138]"
homogeneous_0.995,26,past_state_genie,30000,172.73011245706925,0.005757670415235642,0.005696344375058919,1.110347433995821,1.116105104411052,0.16966666666666666,"[5378, 7090, 7054, 5388, 5090]"
homogeneous_0.995,27,long_kg,30000,3710.4260578647613,0.12368086859549204,0.12578319499914442,0.9435157281607532,1.067196596756244,0.21643333333333334,"[5498, 5526, 6369, 6114, 6493]"
homogeneous_0.995,27,past_state_genie,30000,177.43099685070567,0.005914366561690189,0.005322153979504038,1.0612822301945546,1.067196596756244,0.21483333333333332,"[5507, 5418, 6450, 6180, 6445]"
homogeneous_0.995,28,long_kg,30000,3558.0627563211533,0.11860209187737178,0.11929443926501113,1.0395393370570338,1.1581414289344045,0.2004,"[4552, 5549, 6367, 7520, 6012]"
homogeneous_0.995,28,past_state_genie,30000,175.23657306125142,0.005841219102041714,0.006035223470322206,1.1523002098323647,1.1581414289344045,0.19506666666666667,"[4240, 5560, 6578, 7770, 5852]"
homogeneous_0.995,29,long_kg,30000,3479.6033842637808,0.11598677947545936,0.11411263617064249,1.1302132390440582,1.2462000185195248,0.1638,"[5260, 4869, 7198, 7759, 4914]"
homogeneous_0.995,29,past_state_genie,30000,155.5133131895079,0.00518377710631693,0.005346004047221518,1.2410162414132084,1.2462000185195248,0.16136666666666666,"[5136, 4748, 7459, 7816, 4841]"
homogeneous_0.995,30,long_kg,30000,3287.410905359416,0.10958036351198054,0.10512603739508747,1.2140422093118441,1.3236225728238253,0.23453333333333334,"[4071, 6706, 5296, 6891, 7036]"
homogeneous_0.995,30,past_state_genie,30000,163.5831571155832,0.005452771903852773,0.005337519630504041,1.3181698009199734,1.3236225728238253,0.23343333333333333,"[3931, 6851, 5071, 7144, 7003]"
homogeneous_0.995,31,long_kg,30000,3422.0051247289225,0.11406683749096408,0.10720367741806801,1.0763155175452284,1.1903823550361863,0.2049,"[6367, 5780, 3909, 7797, 6147]"
homogeneous_0.995,31,past_state_genie,30000,165.90554467415456,0.005530184822471819,0.005734245919948863,1.1848521702137187,1.1903823550361863,0.20676666666666665,"[6464, 5791, 3639, 7903, 6203]"
homogeneous_0.995,32,long_kg,30000,3368.177513534468,0.11227258378448227,0.11682645141254165,1.1983962841784424,1.3106688679629284,0.24243333333333333,"[5314, 5880, 5129, 6404, 7273]"
homogeneous_0.995,32,past_state_genie,30000,160.8749708752144,0.005362499029173813,0.004992844344294824,1.3053063689337607,1.3106688679629284,0.24176666666666666,"[5090, 5905, 5082, 6670, 7253]"
homogeneous_0.995,33,long_kg,30000,3466.6905059929823,0.11555635019976608,0.11275876793754915,1.0950699798404626,1.2106263300402214,0.18673333333333333,"[4784, 5795, 6444, 7375, 5602]"
homogeneous_0.995,33,past_state_genie,30000,177.74599308945085,0.005924866436315028,0.005594001309698571,1.2047014636039086,1.2106263300402214,0.18446666666666667,"[4759, 5735, 6413, 7559, 5534]"
homogeneous_0.995,34,long_kg,30000,3593.285259487593,0.1197761753162531,0.13062453763275672,1.017936639786461,1.137712815102709,0.2236,"[5497, 5579, 6645, 5571, 6708]"
homogeneous_0.995,34,past_state_genie,30000,202.9261718183958,0.00676420572727986,0.007975699019506899,1.1309486093754288,1.137712815102709,0.2286,"[5657, 5472, 6648, 5365, 6858]"
homogeneous_0.995,35,long_kg,30000,3428.8174594961397,0.11429391531653799,0.09962972258155417,1.1617924649255784,1.2760863802421165,0.2184,"[6252, 6620, 5439, 5137, 6552]"
homogeneous_0.995,35,past_state_genie,30000,168.0540055939619,0.005601800186465397,0.004654566467158723,1.2704845800556528,1.2760863802421165,0.22383333333333333,"[6462, 6699, 5288, 4836, 6715]"
homogeneous_0.995,36,long_kg,30000,3672.6697530221327,0.12242232510073775,0.12964830304323535,0.9850466764278785,1.107469001528614,0.16556666666666667,"[5699, 6995, 6714, 5625, 4967]"
homogeneous_0.995,36,past_state_genie,30000,181.76095022024333,0.006058698340674778,0.006221235035275944,1.10141030318794,1.107469001528614,0.1598,"[5636, 7223, 6861, 5486, 4794]"
homogeneous_0.995,37,long_kg,30000,3309.3749181084872,0.1103124972702829,0.10842813150202278,1.1447064206372382,1.2550189179075233,0.1613,"[6209, 7845, 6635, 4472, 4839]"
homogeneous_0.995,37,past_state_genie,30000,155.4142662481153,0.005180475541603843,0.0053489585714526465,1.2498384423659206,1.2550189179075233,0.15546666666666667,"[6205, 8010, 6754, 4367, 4664]"
homogeneous_0.995,38,long_kg,30000,3344.9508095836063,0.11149836031945354,0.11382451103981649,1.099621975392006,1.2111203357114517,0.17233333333333334,"[6354, 5916, 7393, 5167, 5170]"
homogeneous_0.995,38,past_state_genie,30000,171.38700924192,0.005712900308064,0.005816768937274139,1.2054074354033886,1.2111203357114517,0.17943333333333333,"[6429, 5831, 7561, 4796, 5383]"
homogeneous_0.995,39,long_kg,30000,3650.44289803919,0.12168142993463966,0.12098892734055389,0.927650986660075,1.049332416594718,0.20433333333333334,"[5349, 6483, 6329, 5709, 6130]"
homogeneous_0.995,39,past_state_genie,30000,190.72101552674846,0.006357367184224949,0.006704713655342296,1.042975049410492,1.049332416594718,0.21193333333333333,"[5296, 6506, 6426, 5414, 6358]"
