panel,item,block_days,predicted_inflation,observed_inflation
astronomy,0,1,1.0,1.0
astronomy,1,1,1.0,1.0
astronomy,2,1,1.0,1.0
astronomy,3,1,1.0,1.0
astronomy,4,1,1.0,1.0
astronomy,5,1,1.0,1.0
astronomy,6,1,1.0,1.0
astronomy,7,1,1.0,1.0
astronomy,8,1,1.0,1.0
astronomy,9,1,1.0,1.0
astronomy,10,1,1.0,1.0
astronomy,11,1,1.0,1.0
astronomy,12,1,1.0,1.0
astronomy,13,1,1.0,1.0
astronomy,14,1,1.0,1.0
astronomy,15,1,1.0,1.0
astronomy,16,1,1.0,1.0
astronomy,17,1,1.0,1.0
astronomy,18,1,1.0,1.0
astronomy,19,1,1.0,1.0
astronomy,20,1,1.0,1.0
astronomy,21,1,1.0,1.0
astronomy,22,1,1.0,1.0
astronomy,23,1,1.0,1.0
astronomy,0,3,2.4550957986637725,2.4667807002111064
astronomy,1,3,2.4550957986637725,2.237420069246972
astronomy,2,3,2.4550957986637725,2.8739633826750173
astronomy,3,3,2.4550957986637725,2.6757664047399445
astronomy,4,3,2.4550957986637725,2.892785756032917
astronomy,5,3,2.4550957986637725,2.8236380949425666
astronomy,6,3,2.4550957986637725,2.8708735236793563
astronomy,7,3,2.4550957986637725,2.4315753590889257
astronomy,8,3,2.4550957986637725,2.495195920223706
astronomy,9,3,2.4550957986637725,2.8512099772045327
astronomy,10,3,2.4550957986637725,2.6005995410811904
astronomy,11,3,2.4550957986637725,2.520153323147271
astronomy,12,3,2.4550957986637725,2.694873905301159
astronomy,13,3,2.4550957986637725,2.55940545813353
astronomy,14,3,2.4550957986637725,2.365229212436942
astronomy,15,3,2.4550957986637725,1.8307581277206553
astronomy,16,3,2.4550957986637725,1.9736612243885485
astronomy,17,3,2.4550957986637725,2.4325343930407093
astronomy,18,3,2.4550957986637725,2.6989714052408416
astronomy,19,3,2.4550957986637725,2.8135663309502514
astronomy,20,3,2.4550957986637725,2.2415393034063795
astronomy,21,3,2.4550957986637725,2.4249277570554275
astronomy,22,3,2.4550957986637725,2.2883461874270417
astronomy,23,3,2.4550957986637725,2.4621411512852447
astronomy,0,7,4.609773022991938,4.638063489095551
astronomy,1,7,4.609773022991938,4.271467740174879
astronomy,2,7,4.609773022991938,6.55062788256631
astronomy,3,7,4.609773022991938,5.946370880711428
astronomy,4,7,4.609773022991938,6.509588880399259
astronomy,5,7,4.609773022991938,6.295730383553133
astronomy,6,7,4.609773022991938,6.495365365998554
astronomy,7,7,4.609773022991938,4.746190688161543
astronomy,8,7,4.609773022991938,5.427024008618616
astronomy,9,7,4.609773022991938,6.487061972287155
astronomy,10,7,4.609773022991938,5.498330976289795
astronomy,11,7,4.609773022991938,5.0048874286670015
astronomy,12,7,4.609773022991938,5.874315303244287
astronomy,13,7,4.609773022991938,5.0871616183591
astronomy,14,7,4.609773022991938,4.651642601279547
astronomy,15,7,4.609773022991938,3.836082042427823
astronomy,16,7,4.609773022991938,3.505562235868044
astronomy,17,7,4.609773022991938,4.302257823815823
astronomy,18,7,4.609773022991938,5.9980094601401674
astronomy,19,7,4.609773022991938,6.22706869058304
astronomy,20,7,4.609773022991938,4.401320651965089
astronomy,21,7,4.609773022991938,4.904726874639626
astronomy,22,7,4.609773022991938,4.281769313581017
astronomy,23,7,4.609773022991938,4.801333703068121
astronomy,0,14,7.448025381850837,8.599676396496285
astronomy,1,14,7.448025381850837,6.610153570218285
astronomy,2,14,7.448025381850837,13.025375026965284
astronomy,3,14,7.448025381850837,11.437962882608897
astronomy,4,14,7.448025381850837,12.839471367208867
astronomy,5,14,7.448025381850837,12.010008730423882
astronomy,6,14,7.448025381850837,12.797796122436678
astronomy,7,14,7.448025381850837,7.866427241153815
astronomy,8,14,7.448025381850837,10.062696266342222
astronomy,9,14,7.448025381850837,12.60884644011893
astronomy,10,14,7.448025381850837,10.642854221227738
astronomy,11,14,7.448025381850837,9.109434130088191
astronomy,12,14,7.448025381850837,11.459939465394333
astronomy,13,14,7.448025381850837,9.474767730590811
astronomy,14,14,7.448025381850837,8.498938835167522
astronomy,15,14,7.448025381850837,6.175150750364004
astronomy,16,14,7.448025381850837,3.646024315049806
astronomy,17,14,7.448025381850837,6.534683990127641
astronomy,18,14,7.448025381850837,11.542127083738702
astronomy,19,14,7.448025381850837,12.159498736990185
astronomy,20,14,7.448025381850837,6.647066150501112
astronomy,21,14,7.448025381850837,8.226623421031789
astronomy,22,14,7.448025381850837,7.602081713008499
astronomy,23,14,7.448025381850837,8.42846736216688
