panel,batch,policy,reference,block_days,difference,ci_low,ci_high,scope
astronomy,1,ar_greedy,iid_ts,7,0.0010813046558499323,0.0,0.0032439139675497965,conditional date-block sensitivity; one fixed panel
astronomy,1,ar_greedy,iid_ts,14,0.0010813046558499323,0.0,0.0032439139675497965,conditional date-block sensitivity; one fixed panel
astronomy,1,ar_greedy,iid_ts,28,0.0010813046558499323,0.0,0.0032439139675497965,conditional date-block sensitivity; one fixed panel
astronomy,1,ar_ucb,iid_ts,7,0.0023215616123970053,0.0,0.0058640077465507865,conditional date-block sensitivity; one fixed panel
astronomy,1,ar_ucb,iid_ts,14,0.0023215616123970053,0.0,0.0058640077465507865,conditional date-block sensitivity; one fixed panel
astronomy,1,ar_ucb,iid_ts,28,0.0023215616123970053,0.0,0.006844477406074467,conditional date-block sensitivity; one fixed panel
astronomy,1,discounted_ts,iid_ts,7,0.04299229535135237,0.029917357370838196,0.057194316623927224,conditional date-block sensitivity; one fixed panel
astronomy,1,discounted_ts,iid_ts,14,0.04299229535135237,0.02748164036450344,0.0630469060527872,conditional date-block sensitivity; one fixed panel
astronomy,1,discounted_ts,iid_ts,28,0.04299229535135237,0.024098608259821335,0.06800666023239958,conditional date-block sensitivity; one fixed panel
astronomy,1,discounted_ucb,iid_ts,7,0.20186051115533607,0.15988362614865703,0.24813722615467423,conditional date-block sensitivity; one fixed panel
astronomy,1,discounted_ucb,iid_ts,14,0.20186051115533607,0.15269338460342013,0.26443232290932384,conditional date-block sensitivity; one fixed panel
astronomy,1,discounted_ucb,iid_ts,28,0.20186051115533607,0.13947648301519272,0.284285197241337,conditional date-block sensitivity; one fixed panel
astronomy,1,ewma,iid_ts,7,0.0,0.0,0.0,conditional date-block sensitivity; one fixed panel
astronomy,1,ewma,iid_ts,14,0.0,0.0,0.0,conditional date-block sensitivity; one fixed panel
astronomy,1,ewma,iid_ts,28,0.0,0.0,0.0,conditional date-block sensitivity; one fixed panel
astronomy,1,factor_greedy,iid_ts,7,0.0,0.0,0.0,conditional date-block sensitivity; one fixed panel
astronomy,1,factor_greedy,iid_ts,14,0.0,0.0,0.0,conditional date-block sensitivity; one fixed panel
astronomy,1,factor_greedy,iid_ts,28,0.0,0.0,0.0,conditional date-block sensitivity; one fixed panel
astronomy,1,iid_ucb,iid_ts,7,0.0,0.0,0.0,conditional date-block sensitivity; one fixed panel
astronomy,1,iid_ucb,iid_ts,14,0.0,0.0,0.0,conditional date-block sensitivity; one fixed panel
astronomy,1,iid_ucb,iid_ts,28,0.0,0.0,0.0,conditional date-block sensitivity; one fixed panel
astronomy,1,last,iid_ts,7,0.0009831148871527974,0.0,0.0029493446614583924,conditional date-block sensitivity; one fixed panel
astronomy,1,last,iid_ts,14,0.0009831148871527974,0.0,0.0029493446614583924,conditional date-block sensitivity; one fixed panel
astronomy,1,last,iid_ts,28,0.0009831148871527974,0.0,0.0029493446614583924,conditional date-block sensitivity; one fixed panel
astronomy,1,seasonal,iid_ts,7,0.010853740710118463,0.0015378578423334767,0.015450888604079347,conditional date-block sensitivity; one fixed panel
astronomy,1,seasonal,iid_ts,14,0.010853740710118463,0.0018695494703939203,0.015013773749248404,conditional date-block sensitivity; one fixed panel
astronomy,1,seasonal,iid_ts,28,0.010853740710118463,0.0011006770906402286,0.01600214167397882,conditional date-block sensitivity; one fixed panel
astronomy,1,st_greedy,iid_ts,7,0.0,0.0,0.0,conditional date-block sensitivity; one fixed panel
astronomy,1,st_greedy,iid_ts,14,0.0,0.0,0.0,conditional date-block sensitivity; one fixed panel
astronomy,1,st_greedy,iid_ts,28,0.0,0.0,0.0,conditional date-block sensitivity; one fixed panel
astronomy,1,st_ucb,iid_ts,7,0.0,0.0,0.0,conditional date-block sensitivity; one fixed panel
astronomy,1,st_ucb,iid_ts,14,0.0,0.0,0.0,conditional date-block sensitivity; one fixed panel
astronomy,1,st_ucb,iid_ts,28,0.0,0.0,0.0,conditional date-block sensitivity; one fixed panel
astronomy,1,static,iid_ts,7,0.0,0.0,0.0,conditional date-block sensitivity; one fixed panel
astronomy,1,static,iid_ts,14,0.0,0.0,0.0,conditional date-block sensitivity; one fixed panel
astronomy,1,static,iid_ts,28,0.0,0.0,0.0,conditional date-block sensitivity; one fixed panel
astronomy,1,window_ts,iid_ts,7,0.048543256253714154,0.036965172916071785,0.061296945675862,conditional date-block sensitivity; one fixed panel
astronomy,1,window_ts,iid_ts,14,0.048543256253714154,0.034374046015535946,0.06462540196773904,conditional date-block sensitivity; one fixed panel
astronomy,1,window_ts,iid_ts,28,0.048543256253714154,0.03232205961466794,0.06710057159174541,conditional date-block sensitivity; one fixed panel
astronomy,1,window_ucb,iid_ts,7,0.13640949095918012,0.10183885825217405,0.1802991157341309,conditional date-block sensitivity; one fixed panel
astronomy,1,window_ucb,iid_ts,14,0.13640949095918012,0.09894023803545698,0.1840833596269517,conditional date-block sensitivity; one fixed panel
astronomy,1,window_ucb,iid_ts,28,0.13640949095918012,0.09444351526110001,0.18907318236245813,conditional date-block sensitivity; one fixed panel
astronomy,1,ar_greedy,discounted_ts,7,-0.041910990695502436,-0.05662885968492854,-0.02920911068643205,conditional date-block sensitivity; one fixed panel
astronomy,1,ar_greedy,discounted_ts,14,-0.041910990695502436,-0.06255173688421076,-0.02664320382440287,conditional date-block sensitivity; one fixed panel
astronomy,1,ar_greedy,discounted_ts,28,-0.041910990695502436,-0.0676534224256683,-0.02432027979520953,conditional date-block sensitivity; one fixed panel
astronomy,1,ar_ucb,discounted_ts,7,-0.04067073373895537,-0.05545527600666545,-0.027818948033507183,conditional date-block sensitivity; one fixed panel
astronomy,1,ar_ucb,discounted_ts,14,-0.04067073373895537,-0.05888686232477193,-0.02496143431601109,conditional date-block sensitivity; one fixed panel
astronomy,1,ar_ucb,discounted_ts,28,-0.04067073373895537,-0.06453420989841535,-0.02268349207049843,conditional date-block sensitivity; one fixed panel
astronomy,1,discounted_ucb,discounted_ts,7,0.15886821580398372,0.12440350225893024,0.19995666185766786,conditional date-block sensitivity; one fixed panel
astronomy,1,discounted_ucb,discounted_ts,14,0.15886821580398372,0.12061312754920861,0.20516851651060572,conditional date-block sensitivity; one fixed panel
astronomy,1,discounted_ucb,discounted_ts,28,0.15886821580398372,0.1119896270078477,0.22290211972299626,conditional date-block sensitivity; one fixed panel
astronomy,1,ewma,discounted_ts,7,-0.04299229535135237,-0.0595877108429649,-0.029828525000446526,conditional date-block sensitivity; one fixed panel
astronomy,1,ewma,discounted_ts,14,-0.04299229535135237,-0.06275113817973244,-0.0276003389044581,conditional date-block sensitivity; one fixed panel
astronomy,1,ewma,discounted_ts,28,-0.04299229535135237,-0.07031292545414741,-0.02386219624052913,conditional date-block sensitivity; one fixed panel
astronomy,1,factor_greedy,discounted_ts,7,-0.04299229535135237,-0.05841426314168801,-0.029724989113657445,conditional date-block sensitivity; one fixed panel
astronomy,1,factor_greedy,discounted_ts,14,-0.04299229535135237,-0.06420767657389229,-0.027245424560279487,conditional date-block sensitivity; one fixed panel
astronomy,1,factor_greedy,discounted_ts,28,-0.04299229535135237,-0.06926442150555531,-0.02187310144741018,conditional date-block sensitivity; one fixed panel
astronomy,1,iid_ts,discounted_ts,7,-0.04299229535135237,-0.05770992574377283,-0.0308689613400884,conditional date-block sensitivity; one fixed panel
astronomy,1,iid_ts,discounted_ts,14,-0.04299229535135237,-0.061163775277588095,-0.026992074377209508,conditional date-block sensitivity; one fixed panel
astronomy,1,iid_ts,discounted_ts,28,-0.04299229535135237,-0.06904675300524224,-0.02330142782064541,conditional date-block sensitivity; one fixed panel
astronomy,1,iid_ucb,discounted_ts,7,-0.04299229535135237,-0.05785873438297684,-0.03099247543623399,conditional date-block sensitivity; one fixed panel
astronomy,1,iid_ucb,discounted_ts,14,-0.04299229535135237,-0.06289436391805987,-0.02780305187215447,conditional date-block sensitivity; one fixed panel
astronomy,1,iid_ucb,discounted_ts,28,-0.04299229535135237,-0.06901484675479867,-0.022874186469059227,conditional date-block sensitivity; one fixed panel
astronomy,1,last,discounted_ts,7,-0.042009180464199575,-0.056488395213943686,-0.028755158282605622,conditional date-block sensitivity; one fixed panel
astronomy,1,last,discounted_ts,14,-0.042009180464199575,-0.06207450969758673,-0.027315941495713907,conditional date-block sensitivity; one fixed panel
astronomy,1,last,discounted_ts,28,-0.042009180464199575,-0.06842195419596844,-0.02368387803533354,conditional date-block sensitivity; one fixed panel
astronomy,1,seasonal,discounted_ts,7,-0.032138554641233906,-0.05025634148501122,-0.02212826049056242,conditional date-block sensitivity; one fixed panel
astronomy,1,seasonal,discounted_ts,14,-0.032138554641233906,-0.051171452933154976,-0.020193117148317077,conditional date-block sensitivity; one fixed panel
astronomy,1,seasonal,discounted_ts,28,-0.032138554641233906,-0.056604315830147585,-0.019497407962213657,conditional date-block sensitivity; one fixed panel
astronomy,1,st_greedy,discounted_ts,7,-0.04299229535135237,-0.06032307692672841,-0.030418526359482077,conditional date-block sensitivity; one fixed panel
astronomy,1,st_greedy,discounted_ts,14,-0.04299229535135237,-0.061078656656082385,-0.02630111632212255,conditional date-block sensitivity; one fixed panel
astronomy,1,st_greedy,discounted_ts,28,-0.04299229535135237,-0.06920402927915119,-0.025231330189022495,conditional date-block sensitivity; one fixed panel
astronomy,1,st_ucb,discounted_ts,7,-0.04299229535135237,-0.05883706071006457,-0.030538254292101046,conditional date-block sensitivity; one fixed panel
astronomy,1,st_ucb,discounted_ts,14,-0.04299229535135237,-0.06311307337702637,-0.028209397478009206,conditional date-block sensitivity; one fixed panel
astronomy,1,st_ucb,discounted_ts,28,-0.04299229535135237,-0.07049239446260792,-0.023288323292392128,conditional date-block sensitivity; one fixed panel
astronomy,1,static,discounted_ts,7,-0.04299229535135237,-0.058166047949722285,-0.030297954347705748,conditional date-block sensitivity; one fixed panel
astronomy,1,static,discounted_ts,14,-0.04299229535135237,-0.0620962382936388,-0.026652443389085748,conditional date-block sensitivity; one fixed panel
astronomy,1,static,discounted_ts,28,-0.04299229535135237,-0.06981907269929684,-0.024993422401136067,conditional date-block sensitivity; one fixed panel
astronomy,1,window_ts,discounted_ts,7,0.0055509609023617935,-0.007423353069621192,0.017013217543426322,conditional date-block sensitivity; one fixed panel
astronomy,1,window_ts,discounted_ts,14,0.0055509609023617935,-0.009397870863669026,0.0197030272734582,conditional date-block sensitivity; one fixed panel
astronomy,1,window_ts,discounted_ts,28,0.0055509609023617935,-0.01443133963589361,0.022130820985501818,conditional date-block sensitivity; one fixed panel
astronomy,1,window_ucb,discounted_ts,7,0.09341719560782774,0.05745293480339474,0.13256963032201843,conditional date-block sensitivity; one fixed panel
astronomy,1,window_ucb,discounted_ts,14,0.09341719560782774,0.055401438211455684,0.13996637950111052,conditional date-block sensitivity; one fixed panel
astronomy,1,window_ucb,discounted_ts,28,0.09341719560782774,0.05324221230500616,0.14304535516515052,conditional date-block sensitivity; one fixed panel
astronomy,1,ar_ucb,ar_greedy,7,0.001240256956547073,-0.0021626093116998645,0.004883538087027106,conditional date-block sensitivity; one fixed panel
astronomy,1,ar_ucb,ar_greedy,14,0.001240256956547073,-0.0010813046558499323,0.0047852239656090085,conditional date-block sensitivity; one fixed panel
astronomy,1,ar_ucb,ar_greedy,28,0.001240256956547073,0.0,0.003720770869641219,conditional date-block sensitivity; one fixed panel
astronomy,1,discounted_ts,ar_greedy,7,0.041910990695502436,0.02885992739726957,0.056248140121056674,conditional date-block sensitivity; one fixed panel
astronomy,1,discounted_ts,ar_greedy,14,0.041910990695502436,0.026132683049056978,0.060008830271222016,conditional date-block sensitivity; one fixed panel
astronomy,1,discounted_ts,ar_greedy,28,0.041910990695502436,0.02359663368524848,0.06692204875100348,conditional date-block sensitivity; one fixed panel
astronomy,1,discounted_ucb,ar_greedy,7,0.20077920649948613,0.16236272269350197,0.25062173538957216,conditional date-block sensitivity; one fixed panel
astronomy,1,discounted_ucb,ar_greedy,14,0.20077920649948613,0.15329644941691273,0.25776484848148534,conditional date-block sensitivity; one fixed panel
astronomy,1,discounted_ucb,ar_greedy,28,0.20077920649948613,0.1385561278893604,0.28644416374218373,conditional date-block sensitivity; one fixed panel
astronomy,1,ewma,ar_greedy,7,-0.0010813046558499323,-0.0032439139675497965,0.0,conditional date-block sensitivity; one fixed panel
astronomy,1,ewma,ar_greedy,14,-0.0010813046558499323,-0.0032439139675497965,0.0,conditional date-block sensitivity; one fixed panel
astronomy,1,ewma,ar_greedy,28,-0.0010813046558499323,-0.0032439139675497965,0.0,conditional date-block sensitivity; one fixed panel
astronomy,1,factor_greedy,ar_greedy,7,-0.0010813046558499323,-0.004325218623399729,0.0,conditional date-block sensitivity; one fixed panel
astronomy,1,factor_greedy,ar_greedy,14,-0.0010813046558499323,-0.0032439139675497965,0.0,conditional date-block sensitivity; one fixed panel
astronomy,1,factor_greedy,ar_greedy,28,-0.0010813046558499323,-0.004325218623399729,0.0,conditional date-block sensitivity; one fixed panel
astronomy,1,iid_ts,ar_greedy,7,-0.0010813046558499323,-0.0032439139675497965,0.0,conditional date-block sensitivity; one fixed panel
astronomy,1,iid_ts,ar_greedy,14,-0.0010813046558499323,-0.0032439139675497965,0.0,conditional date-block sensitivity; one fixed panel
astronomy,1,iid_ts,ar_greedy,28,-0.0010813046558499323,-0.0032439139675497965,0.0,conditional date-block sensitivity; one fixed panel
astronomy,1,iid_ucb,ar_greedy,7,-0.0010813046558499323,-0.0032439139675497965,0.0,conditional date-block sensitivity; one fixed panel
astronomy,1,iid_ucb,ar_greedy,14,-0.0010813046558499323,-0.0032439139675497965,0.0,conditional date-block sensitivity; one fixed panel
astronomy,1,iid_ucb,ar_greedy,28,-0.0010813046558499323,-0.0032439139675497965,0.0,conditional date-block sensitivity; one fixed panel
astronomy,1,last,ar_greedy,7,-9.818976869713469e-05,-0.0012776841932442015,0.0009831148871527974,conditional date-block sensitivity; one fixed panel
astronomy,1,last,ar_greedy,14,-9.818976869713469e-05,-0.0011794944245470669,0.0008849251184556628,conditional date-block sensitivity; one fixed panel
astronomy,1,last,ar_greedy,28,-9.818976869713469e-05,-0.0011794944245470669,0.0008849251184556628,conditional date-block sensitivity; one fixed panel
astronomy,1,seasonal,ar_greedy,7,0.00977243605426853,-6.842185162890803e-06,0.014990501404991516,conditional date-block sensitivity; one fixed panel
astronomy,1,seasonal,ar_greedy,14,0.00977243605426853,3.874486958059292e-05,0.014905397080357182,conditional date-block sensitivity; one fixed panel
astronomy,1,seasonal,ar_greedy,28,0.00977243605426853,1.937243479029646e-05,0.015195095903982339,conditional date-block sensitivity; one fixed panel
astronomy,1,st_greedy,ar_greedy,7,-0.0010813046558499323,-0.0032439139675497965,0.0,conditional date-block sensitivity; one fixed panel
astronomy,1,st_greedy,ar_greedy,14,-0.0010813046558499323,-0.0032439139675497965,0.0,conditional date-block sensitivity; one fixed panel
astronomy,1,st_greedy,ar_greedy,28,-0.0010813046558499323,-0.0032439139675497965,0.0,conditional date-block sensitivity; one fixed panel
astronomy,1,st_ucb,ar_greedy,7,-0.0010813046558499323,-0.0032439139675497965,0.0,conditional date-block sensitivity; one fixed panel
astronomy,1,st_ucb,ar_greedy,14,-0.0010813046558499323,-0.0032439139675497965,0.0,conditional date-block sensitivity; one fixed panel
astronomy,1,st_ucb,ar_greedy,28,-0.0010813046558499323,-0.0032439139675497965,0.0,conditional date-block sensitivity; one fixed panel
astronomy,1,static,ar_greedy,7,-0.0010813046558499323,-0.0032439139675497965,0.0,conditional date-block sensitivity; one fixed panel
astronomy,1,static,ar_greedy,14,-0.0010813046558499323,-0.0032439139675497965,0.0,conditional date-block sensitivity; one fixed panel
astronomy,1,static,ar_greedy,28,-0.0010813046558499323,-0.0032439139675497965,0.0,conditional date-block sensitivity; one fixed panel
astronomy,1,window_ts,ar_greedy,7,0.047461951597864226,0.035484926095647,0.06084696813441077,conditional date-block sensitivity; one fixed panel
astronomy,1,window_ts,ar_greedy,14,0.047461951597864226,0.03465526382735328,0.06285811427300962,conditional date-block sensitivity; one fixed panel
astronomy,1,window_ts,ar_greedy,28,0.047461951597864226,0.03191564122995764,0.06599624945424017,conditional date-block sensitivity; one fixed panel
astronomy,1,window_ucb,ar_greedy,7,0.13532818630333016,0.0985223159564857,0.17639629950306002,conditional date-block sensitivity; one fixed panel
astronomy,1,window_ucb,ar_greedy,14,0.13532818630333016,0.09750832325423574,0.1811017911654225,conditional date-block sensitivity; one fixed panel
astronomy,1,window_ucb,ar_greedy,28,0.13532818630333016,0.0927838093640759,0.19266426139922738,conditional date-block sensitivity; one fixed panel
astronomy,5,ar_greedy,iid_ts,7,0.0004339002177359138,-0.005063191791732052,0.005226815813398878,conditional date-block sensitivity; one fixed panel
astronomy,5,ar_greedy,iid_ts,14,0.0004339002177359138,-0.005621743528260845,0.005989425651116224,conditional date-block sensitivity; one fixed panel
astronomy,5,ar_greedy,iid_ts,28,0.0004339002177359138,-0.006214731765868461,0.00727967815573423,conditional date-block sensitivity; one fixed panel
astronomy,5,ar_ucb,iid_ts,7,0.000900091724084105,-0.010911806778214206,0.011756851130029536,conditional date-block sensitivity; one fixed panel
astronomy,5,ar_ucb,iid_ts,14,0.000900091724084105,-0.014013932562012804,0.01266677417939013,conditional date-block sensitivity; one fixed panel
astronomy,5,ar_ucb,iid_ts,28,0.000900091724084105,-0.018497613970249425,0.016986059940840795,conditional date-block sensitivity; one fixed panel
astronomy,5,discounted_ts,iid_ts,7,0.01582346281872318,0.011928785235261143,0.020069122540330248,conditional date-block sensitivity; one fixed panel
astronomy,5,discounted_ts,iid_ts,14,0.01582346281872318,0.010985843898667559,0.021276735171293585,conditional date-block sensitivity; one fixed panel
astronomy,5,discounted_ts,iid_ts,28,0.01582346281872318,0.009385211906883037,0.023014195252301355,conditional date-block sensitivity; one fixed panel
astronomy,5,discounted_ucb,iid_ts,7,0.026298075993952365,0.018744369134208586,0.033168435653233505,conditional date-block sensitivity; one fixed panel
astronomy,5,discounted_ucb,iid_ts,14,0.026298075993952365,0.018953947445964143,0.033691776819683876,conditional date-block sensitivity; one fixed panel
astronomy,5,discounted_ucb,iid_ts,28,0.026298075993952365,0.015944588918532884,0.03663485608581246,conditional date-block sensitivity; one fixed panel
astronomy,5,ewma,iid_ts,7,-0.012520850733890851,-0.023613839179119824,-0.004242890237784359,conditional date-block sensitivity; one fixed panel
astronomy,5,ewma,iid_ts,14,-0.012520850733890851,-0.026747332218650693,-0.003729183398933456,conditional date-block sensitivity; one fixed panel
astronomy,5,ewma,iid_ts,28,-0.012520850733890851,-0.028552196186314705,-0.0016278967477881576,conditional date-block sensitivity; one fixed panel
astronomy,5,factor_greedy,iid_ts,7,-0.006105410771919292,-0.011257440481369842,-0.0028864071876666276,conditional date-block sensitivity; one fixed panel
astronomy,5,factor_greedy,iid_ts,14,-0.006105410771919292,-0.011213680287131126,-0.002076771774652541,conditional date-block sensitivity; one fixed panel
astronomy,5,factor_greedy,iid_ts,28,-0.006105410771919292,-0.01144502523455673,-0.00014587783810261263,conditional date-block sensitivity; one fixed panel
astronomy,5,iid_ucb,iid_ts,7,0.001385894960346341,-0.0007847836256885177,0.00364990109654759,conditional date-block sensitivity; one fixed panel
astronomy,5,iid_ucb,iid_ts,14,0.001385894960346341,-0.0005425662569975806,0.0032823648741489293,conditional date-block sensitivity; one fixed panel
astronomy,5,iid_ucb,iid_ts,28,0.001385894960346341,-0.0006092674561757999,0.0034188734847661077,conditional date-block sensitivity; one fixed panel
astronomy,5,last,iid_ts,7,-0.002394462697053148,-0.00705378496647262,0.0025521155740665037,conditional date-block sensitivity; one fixed panel
astronomy,5,last,iid_ts,14,-0.002394462697053148,-0.007556851617143864,0.002797961615034923,conditional date-block sensitivity; one fixed panel
astronomy,5,last,iid_ts,28,-0.002394462697053148,-0.008590375891642429,0.0032184662565215975,conditional date-block sensitivity; one fixed panel
astronomy,5,seasonal,iid_ts,7,0.0028159566119378026,-0.004400995436567094,0.009732045911111821,conditional date-block sensitivity; one fixed panel
astronomy,5,seasonal,iid_ts,14,0.0028159566119378026,-0.006521124070945654,0.011014097755887412,conditional date-block sensitivity; one fixed panel
astronomy,5,seasonal,iid_ts,28,0.0028159566119378026,-0.008377580256075566,0.013887866003699406,conditional date-block sensitivity; one fixed panel
astronomy,5,st_greedy,iid_ts,7,-0.008609813118230234,-0.013825734426808322,-0.004785881594944004,conditional date-block sensitivity; one fixed panel
astronomy,5,st_greedy,iid_ts,14,-0.008609813118230234,-0.013295963693239259,-0.004874849333437811,conditional date-block sensitivity; one fixed panel
astronomy,5,st_greedy,iid_ts,28,-0.008609813118230234,-0.012886116331637986,-0.0047258168455403884,conditional date-block sensitivity; one fixed panel
astronomy,5,st_ucb,iid_ts,7,-0.013558011747301844,-0.024425975602080017,-0.005060763976527367,conditional date-block sensitivity; one fixed panel
astronomy,5,st_ucb,iid_ts,14,-0.013558011747301844,-0.026450315853583744,-0.003203270418702129,conditional date-block sensitivity; one fixed panel
astronomy,5,st_ucb,iid_ts,28,-0.013558011747301844,-0.028144059198338643,-0.0020202399597234982,conditional date-block sensitivity; one fixed panel
astronomy,5,static,iid_ts,7,-0.0004972370803584497,-0.0021789746466557357,0.0013047299255651435,conditional date-block sensitivity; one fixed panel
astronomy,5,static,iid_ts,14,-0.0004972370803584497,-0.002438999807802097,0.0012173790410426565,conditional date-block sensitivity; one fixed panel
astronomy,5,static,iid_ts,28,-0.0004972370803584497,-0.002899275583965194,0.0011475392368385342,conditional date-block sensitivity; one fixed panel
astronomy,5,window_ts,iid_ts,7,0.027455199326079417,0.01675667079989644,0.037193459593115014,conditional date-block sensitivity; one fixed panel
astronomy,5,window_ts,iid_ts,14,0.027455199326079417,0.01495903380663892,0.03974462629214873,conditional date-block sensitivity; one fixed panel
astronomy,5,window_ts,iid_ts,28,0.027455199326079417,0.010658402764838192,0.04237908945642793,conditional date-block sensitivity; one fixed panel
astronomy,5,window_ucb,iid_ts,7,0.05753607645622838,0.042521686655957944,0.07253456566009772,conditional date-block sensitivity; one fixed panel
astronomy,5,window_ucb,iid_ts,14,0.05753607645622838,0.038984408705498075,0.07639451378084879,conditional date-block sensitivity; one fixed panel
astronomy,5,window_ucb,iid_ts,28,0.05753607645622838,0.03343713466718023,0.07747577737606093,conditional date-block sensitivity; one fixed panel
astronomy,5,ar_greedy,discounted_ts,7,-0.015389562600987268,-0.022386628909846357,-0.009414009377498256,conditional date-block sensitivity; one fixed panel
astronomy,5,ar_greedy,discounted_ts,14,-0.015389562600987268,-0.024145971901514914,-0.008116516499351332,conditional date-block sensitivity; one fixed panel
astronomy,5,ar_greedy,discounted_ts,28,-0.015389562600987268,-0.02632960056463026,-0.007030010193161875,conditional date-block sensitivity; one fixed panel
astronomy,5,ar_ucb,discounted_ts,7,-0.014923371094639076,-0.025440129357514482,-0.005656569701161704,conditional date-block sensitivity; one fixed panel
astronomy,5,ar_ucb,discounted_ts,14,-0.014923371094639076,-0.02674039442029864,-0.004084787935156279,conditional date-block sensitivity; one fixed panel
astronomy,5,ar_ucb,discounted_ts,28,-0.014923371094639076,-0.03108593498804461,-0.0011940556336202896,conditional date-block sensitivity; one fixed panel
astronomy,5,discounted_ucb,discounted_ts,7,0.01047461317522918,0.00423513238442662,0.01650015899234962,conditional date-block sensitivity; one fixed panel
astronomy,5,discounted_ucb,discounted_ts,14,0.01047461317522918,0.004355438023217154,0.016451231879993675,conditional date-block sensitivity; one fixed panel
astronomy,5,discounted_ucb,discounted_ts,28,0.01047461317522918,0.0036940776370723073,0.017103189871134395,conditional date-block sensitivity; one fixed panel
astronomy,5,ewma,discounted_ts,7,-0.028344313552614027,-0.03765052873245872,-0.020953022341130095,conditional date-block sensitivity; one fixed panel
astronomy,5,ewma,discounted_ts,14,-0.028344313552614027,-0.04006801763333838,-0.020466071951191225,conditional date-block sensitivity; one fixed panel
astronomy,5,ewma,discounted_ts,28,-0.028344313552614027,-0.04154815100224399,-0.02056686616220492,conditional date-block sensitivity; one fixed panel
astronomy,5,factor_greedy,discounted_ts,7,-0.021928873590642474,-0.02857402980040843,-0.016580818322388963,conditional date-block sensitivity; one fixed panel
astronomy,5,factor_greedy,discounted_ts,14,-0.021928873590642474,-0.029881499741383977,-0.015382148016697227,conditional date-block sensitivity; one fixed panel
astronomy,5,factor_greedy,discounted_ts,28,-0.021928873590642474,-0.03141780313909323,-0.012573807786714715,conditional date-block sensitivity; one fixed panel
astronomy,5,iid_ts,discounted_ts,7,-0.01582346281872318,-0.02016809321334474,-0.011537689048647187,conditional date-block sensitivity; one fixed panel
astronomy,5,iid_ts,discounted_ts,14,-0.01582346281872318,-0.021317394584825136,-0.010784399103129214,conditional date-block sensitivity; one fixed panel
astronomy,5,iid_ts,discounted_ts,28,-0.01582346281872318,-0.022803181290929404,-0.01004508104333593,conditional date-block sensitivity; one fixed panel
astronomy,5,iid_ucb,discounted_ts,7,-0.014437567858376838,-0.01905409890191669,-0.01032316786159796,conditional date-block sensitivity; one fixed panel
astronomy,5,iid_ucb,discounted_ts,14,-0.014437567858376838,-0.019726379861063025,-0.009663240302525555,conditional date-block sensitivity; one fixed panel
astronomy,5,iid_ucb,discounted_ts,28,-0.014437567858376838,-0.02225182129739511,-0.008444070678866303,conditional date-block sensitivity; one fixed panel
astronomy,5,last,discounted_ts,7,-0.018217925515776327,-0.02345184383885156,-0.012841882178516598,conditional date-block sensitivity; one fixed panel
astronomy,5,last,discounted_ts,14,-0.018217925515776327,-0.02400610658895148,-0.012219808285269532,conditional date-block sensitivity; one fixed panel
astronomy,5,last,discounted_ts,28,-0.018217925515776327,-0.026069390848634584,-0.01182824901641955,conditional date-block sensitivity; one fixed panel
astronomy,5,seasonal,discounted_ts,7,-0.013007506206785379,-0.019574007671603104,-0.006010461346473358,conditional date-block sensitivity; one fixed panel
astronomy,5,seasonal,discounted_ts,14,-0.013007506206785379,-0.021504560530291483,-0.004956936284355202,conditional date-block sensitivity; one fixed panel
astronomy,5,seasonal,discounted_ts,28,-0.013007506206785379,-0.024000059930107454,-0.003802997570131858,conditional date-block sensitivity; one fixed panel
astronomy,5,st_greedy,discounted_ts,7,-0.024433275936953415,-0.030450736464246966,-0.019229241093903497,conditional date-block sensitivity; one fixed panel
astronomy,5,st_greedy,discounted_ts,14,-0.024433275936953415,-0.031216680911652497,-0.018613932564508558,conditional date-block sensitivity; one fixed panel
astronomy,5,st_greedy,discounted_ts,28,-0.024433275936953415,-0.03224922820083331,-0.01793637790383277,conditional date-block sensitivity; one fixed panel
astronomy,5,st_ucb,discounted_ts,7,-0.029381474566025023,-0.04005306031324649,-0.020662114308474356,conditional date-block sensitivity; one fixed panel
astronomy,5,st_ucb,discounted_ts,14,-0.029381474566025023,-0.04220211122941997,-0.019568908892022983,conditional date-block sensitivity; one fixed panel
astronomy,5,st_ucb,discounted_ts,28,-0.029381474566025023,-0.04225438071510784,-0.018748851795812788,conditional date-block sensitivity; one fixed panel
astronomy,5,static,discounted_ts,7,-0.01632069989908163,-0.020849886817513305,-0.012267038959917095,conditional date-block sensitivity; one fixed panel
astronomy,5,static,discounted_ts,14,-0.01632069989908163,-0.022217249037414434,-0.01111917901928392,conditional date-block sensitivity; one fixed panel
astronomy,5,static,discounted_ts,28,-0.01632069989908163,-0.02462997932901491,-0.009382120836290938,conditional date-block sensitivity; one fixed panel
astronomy,5,window_ts,discounted_ts,7,0.011631736507356235,0.0027353621209223484,0.02025527976471078,conditional date-block sensitivity; one fixed panel
astronomy,5,window_ts,discounted_ts,14,0.011631736507356235,0.0015131131190830578,0.021583492632002342,conditional date-block sensitivity; one fixed panel
astronomy,5,window_ts,discounted_ts,28,0.011631736507356235,-0.0014674521633556662,0.02271859792176176,conditional date-block sensitivity; one fixed panel
astronomy,5,window_ucb,discounted_ts,7,0.041712613637505204,0.028179783184932812,0.05539976904258458,conditional date-block sensitivity; one fixed panel
astronomy,5,window_ucb,discounted_ts,14,0.041712613637505204,0.025647580669131732,0.05613534666287348,conditional date-block sensitivity; one fixed panel
astronomy,5,window_ucb,discounted_ts,28,0.041712613637505204,0.0253656609299751,0.05717899466925259,conditional date-block sensitivity; one fixed panel
astronomy,5,ar_ucb,ar_greedy,7,0.0004661915063481903,-0.009996134139315088,0.00969965782779726,conditional date-block sensitivity; one fixed panel
astronomy,5,ar_ucb,ar_greedy,14,0.0004661915063481903,-0.01321215672499403,0.010948164715841018,conditional date-block sensitivity; one fixed panel
astronomy,5,ar_ucb,ar_greedy,28,0.0004661915063481903,-0.014661867550954449,0.013267757471473364,conditional date-block sensitivity; one fixed panel
astronomy,5,discounted_ts,ar_greedy,7,0.015389562600987268,0.009148330547599563,0.023019416751743134,conditional date-block sensitivity; one fixed panel
astronomy,5,discounted_ts,ar_greedy,14,0.015389562600987268,0.008348451251101554,0.023827427702908736,conditional date-block sensitivity; one fixed panel
astronomy,5,discounted_ts,ar_greedy,28,0.015389562600987268,0.007528799099005166,0.02734562304565593,conditional date-block sensitivity; one fixed panel
astronomy,5,discounted_ucb,ar_greedy,7,0.025864175776216455,0.01810310940468198,0.03356447610461129,conditional date-block sensitivity; one fixed panel
astronomy,5,discounted_ucb,ar_greedy,14,0.025864175776216455,0.01636627354389256,0.035489159604890054,conditional date-block sensitivity; one fixed panel
astronomy,5,discounted_ucb,ar_greedy,28,0.025864175776216455,0.01486034294375656,0.03812260768039004,conditional date-block sensitivity; one fixed panel
astronomy,5,ewma,ar_greedy,7,-0.012954750951626763,-0.023407581927212776,-0.0027944212150299865,conditional date-block sensitivity; one fixed panel
astronomy,5,ewma,ar_greedy,14,-0.012954750951626763,-0.025736629674560852,-0.002386656104789279,conditional date-block sensitivity; one fixed panel
astronomy,5,ewma,ar_greedy,28,-0.012954750951626763,-0.029593580009741223,-0.0016619272222148946,conditional date-block sensitivity; one fixed panel
astronomy,5,factor_greedy,ar_greedy,7,-0.006539310989655206,-0.011144329415067558,-0.003480712769118689,conditional date-block sensitivity; one fixed panel
astronomy,5,factor_greedy,ar_greedy,14,-0.006539310989655206,-0.011215859338687743,-0.002950021037308971,conditional date-block sensitivity; one fixed panel
astronomy,5,factor_greedy,ar_greedy,28,-0.006539310989655206,-0.010314597368700476,-0.002727178468949238,conditional date-block sensitivity; one fixed panel
astronomy,5,iid_ts,ar_greedy,7,-0.0004339002177359138,-0.005194699840268743,0.004704698158264978,conditional date-block sensitivity; one fixed panel
astronomy,5,iid_ts,ar_greedy,14,-0.0004339002177359138,-0.006507794059431986,0.00583280785745595,conditional date-block sensitivity; one fixed panel
astronomy,5,iid_ts,ar_greedy,28,-0.0004339002177359138,-0.007144708245989748,0.006898625545552154,conditional date-block sensitivity; one fixed panel
astronomy,5,iid_ucb,ar_greedy,7,0.0009519947426104273,-0.004054404615630313,0.006125850795955821,conditional date-block sensitivity; one fixed panel
astronomy,5,iid_ucb,ar_greedy,14,0.0009519947426104273,-0.004963283493180279,0.006759305105579277,conditional date-block sensitivity; one fixed panel
astronomy,5,iid_ucb,ar_greedy,28,0.0009519947426104273,-0.005457625652284489,0.008067218415688575,conditional date-block sensitivity; one fixed panel
astronomy,5,last,ar_greedy,7,-0.0028283629147890623,-0.00861819379484056,0.0043751141461416156,conditional date-block sensitivity; one fixed panel
astronomy,5,last,ar_greedy,14,-0.0028283629147890623,-0.008921339616242276,0.00436814090916636,conditional date-block sensitivity; one fixed panel
astronomy,5,last,ar_greedy,28,-0.0028283629147890623,-0.009296289784093975,0.004459813621926704,conditional date-block sensitivity; one fixed panel
astronomy,5,seasonal,ar_greedy,7,0.0023820563942018877,-0.004873589480461386,0.009288597307642038,conditional date-block sensitivity; one fixed panel
astronomy,5,seasonal,ar_greedy,14,0.0023820563942018877,-0.005814522539990366,0.009254234142299618,conditional date-block sensitivity; one fixed panel
astronomy,5,seasonal,ar_greedy,28,0.0023820563942018877,-0.005617104338469847,0.010078283493596817,conditional date-block sensitivity; one fixed panel
astronomy,5,st_greedy,ar_greedy,7,-0.009043713335966147,-0.015209208999931521,-0.00345211903707791,conditional date-block sensitivity; one fixed panel
astronomy,5,st_greedy,ar_greedy,14,-0.009043713335966147,-0.014893695836600806,-0.0031536211544586504,conditional date-block sensitivity; one fixed panel
astronomy,5,st_greedy,ar_greedy,28,-0.009043713335966147,-0.015287398567915004,-0.002601865968534863,conditional date-block sensitivity; one fixed panel
astronomy,5,st_ucb,ar_greedy,7,-0.01399191196503776,-0.024126236652947525,-0.004258393527120376,conditional date-block sensitivity; one fixed panel
astronomy,5,st_ucb,ar_greedy,14,-0.01399191196503776,-0.02772380201375065,-0.002970042796753804,conditional date-block sensitivity; one fixed panel
astronomy,5,st_ucb,ar_greedy,28,-0.01399191196503776,-0.02843056545345616,-0.002578633093356432,conditional date-block sensitivity; one fixed panel
astronomy,5,static,ar_greedy,7,-0.0009311372980943634,-0.005809141131204085,0.004415504741361794,conditional date-block sensitivity; one fixed panel
astronomy,5,static,ar_greedy,14,-0.0009311372980943634,-0.007229630356620079,0.004993335904138426,conditional date-block sensitivity; one fixed panel
astronomy,5,static,ar_greedy,28,-0.0009311372980943634,-0.008858498673218732,0.005508185426213481,conditional date-block sensitivity; one fixed panel
astronomy,5,window_ts,ar_greedy,7,0.027021299108343503,0.01573575940716304,0.037783556345089925,conditional date-block sensitivity; one fixed panel
astronomy,5,window_ts,ar_greedy,14,0.027021299108343503,0.012214380055389558,0.040399531520981406,conditional date-block sensitivity; one fixed panel
astronomy,5,window_ts,ar_greedy,28,0.027021299108343503,0.010266400002815888,0.04189638509262859,conditional date-block sensitivity; one fixed panel
astronomy,5,window_ucb,ar_greedy,7,0.057102176238492466,0.0409287590436745,0.07275052094898435,conditional date-block sensitivity; one fixed panel
astronomy,5,window_ucb,ar_greedy,14,0.057102176238492466,0.03887735209038813,0.07678724093808864,conditional date-block sensitivity; one fixed panel
astronomy,5,window_ucb,ar_greedy,28,0.057102176238492466,0.03486841626363157,0.07718595164560486,conditional date-block sensitivity; one fixed panel
football,1,ar_greedy,iid_ts,7,0.00969156718085409,0.00228904211180781,0.019151571892298283,conditional date-block sensitivity; one fixed panel
football,1,ar_greedy,iid_ts,14,0.00969156718085409,0.0029812232931387063,0.01668179076342099,conditional date-block sensitivity; one fixed panel
football,1,ar_greedy,iid_ts,28,0.00969156718085409,0.0025947933188600818,0.017025176995668148,conditional date-block sensitivity; one fixed panel
football,1,ar_ucb,iid_ts,7,0.06071117695442761,0.0416033845915096,0.0822630577333203,conditional date-block sensitivity; one fixed panel
football,1,ar_ucb,iid_ts,14,0.06071117695442761,0.04161338684325925,0.08441418201811297,conditional date-block sensitivity; one fixed panel
football,1,ar_ucb,iid_ts,28,0.06071117695442761,0.04084669765053094,0.08519299080201899,conditional date-block sensitivity; one fixed panel
football,1,discounted_ts,iid_ts,7,0.0008105401018692475,0.0,0.002431620305607743,conditional date-block sensitivity; one fixed panel
football,1,discounted_ts,iid_ts,14,0.0008105401018692475,0.0,0.002431620305607743,conditional date-block sensitivity; one fixed panel
football,1,discounted_ts,iid_ts,28,0.0008105401018692475,0.0,0.002431620305607743,conditional date-block sensitivity; one fixed panel
football,1,discounted_ucb,iid_ts,7,0.03538394279593484,0.018474862723405584,0.05356362451129788,conditional date-block sensitivity; one fixed panel
football,1,discounted_ucb,iid_ts,14,0.03538394279593484,0.016316700148033974,0.057107156384380534,conditional date-block sensitivity; one fixed panel
football,1,discounted_ucb,iid_ts,28,0.03538394279593484,0.008220578064345613,0.059430327946345174,conditional date-block sensitivity; one fixed panel
football,1,ewma,iid_ts,7,0.0140944652738585,0.004182188604128673,0.024600730347497504,conditional date-block sensitivity; one fixed panel
football,1,ewma,iid_ts,14,0.0140944652738585,0.0032219464993793,0.023985918657236285,conditional date-block sensitivity; one fixed panel
football,1,ewma,iid_ts,28,0.0140944652738585,0.0020737217147078803,0.02179205288565501,conditional date-block sensitivity; one fixed panel
football,1,factor_greedy,iid_ts,7,0.008060485578576134,0.0014172544376276541,0.01746489605101895,conditional date-block sensitivity; one fixed panel
football,1,factor_greedy,iid_ts,14,0.008060485578576134,0.002178450629266259,0.01583291924862639,conditional date-block sensitivity; one fixed panel
football,1,factor_greedy,iid_ts,28,0.008060485578576134,0.0028309787994695848,0.015047019306357901,conditional date-block sensitivity; one fixed panel
football,1,iid_ucb,iid_ts,7,0.0,0.0,0.0,conditional date-block sensitivity; one fixed panel
football,1,iid_ucb,iid_ts,14,0.0,0.0,0.0,conditional date-block sensitivity; one fixed panel
football,1,iid_ucb,iid_ts,28,0.0,0.0,0.0,conditional date-block sensitivity; one fixed panel
football,1,last,iid_ts,7,0.004778772205362456,0.0,0.011324540231142682,conditional date-block sensitivity; one fixed panel
football,1,last,iid_ts,14,0.004778772205362456,0.0,0.010908777091428198,conditional date-block sensitivity; one fixed panel
football,1,last,iid_ts,28,0.004778772205362456,0.0,0.01017635056935266,conditional date-block sensitivity; one fixed panel
football,1,seasonal,iid_ts,7,0.012069319730485636,0.002056849400697103,0.02567609729083858,conditional date-block sensitivity; one fixed panel
football,1,seasonal,iid_ts,14,0.012069319730485636,0.002056849400697103,0.02492577478655442,conditional date-block sensitivity; one fixed panel
football,1,seasonal,iid_ts,28,0.012069319730485636,0.002704261863926687,0.024155903018316605,conditional date-block sensitivity; one fixed panel
football,1,st_greedy,iid_ts,7,0.00359875897045164,0.0,0.009379022473727266,conditional date-block sensitivity; one fixed panel
football,1,st_greedy,iid_ts,14,0.00359875897045164,0.0,0.008742343239856712,conditional date-block sensitivity; one fixed panel
football,1,st_greedy,iid_ts,28,0.00359875897045164,0.0,0.009379022473727266,conditional date-block sensitivity; one fixed panel
football,1,st_ucb,iid_ts,7,0.014346232323623047,-0.006395794535619855,0.031809639282659674,conditional date-block sensitivity; one fixed panel
football,1,st_ucb,iid_ts,14,0.014346232323623047,-0.01000954340297166,0.030964953931851436,conditional date-block sensitivity; one fixed panel
football,1,st_ucb,iid_ts,28,0.014346232323623047,-0.006000190074508941,0.028267937617253023,conditional date-block sensitivity; one fixed panel
football,1,static,iid_ts,7,0.0,0.0,0.0,conditional date-block sensitivity; one fixed panel
football,1,static,iid_ts,14,0.0,0.0,0.0,conditional date-block sensitivity; one fixed panel
football,1,static,iid_ts,28,0.0,0.0,0.0,conditional date-block sensitivity; one fixed panel
football,1,window_ts,iid_ts,7,0.23782577603600524,0.19081857992396067,0.2840510652179396,conditional date-block sensitivity; one fixed panel
football,1,window_ts,iid_ts,14,0.23782577603600524,0.18123862108246203,0.2980539606985093,conditional date-block sensitivity; one fixed panel
football,1,window_ts,iid_ts,28,0.23782577603600524,0.16294471323409435,0.3076848883353101,conditional date-block sensitivity; one fixed panel
football,1,window_ucb,iid_ts,7,0.7189521267541382,0.5803747480977385,0.8730899177624556,conditional date-block sensitivity; one fixed panel
football,1,window_ucb,iid_ts,14,0.7189521267541382,0.5575636853091039,0.8984398204849068,conditional date-block sensitivity; one fixed panel
football,1,window_ucb,iid_ts,28,0.7189521267541382,0.5415612218254038,0.9170583141402201,conditional date-block sensitivity; one fixed panel
football,1,ar_greedy,discounted_ts,7,0.008881027078984843,0.0018806256674830392,0.0175739060075261,conditional date-block sensitivity; one fixed panel
football,1,ar_greedy,discounted_ts,14,0.008881027078984843,0.0013901172529595816,0.0171393894834943,conditional date-block sensitivity; one fixed panel
football,1,ar_greedy,discounted_ts,28,0.008881027078984843,0.001076995815001954,0.016518241272592514,conditional date-block sensitivity; one fixed panel
football,1,ar_ucb,discounted_ts,7,0.059900636852558364,0.04138165259148562,0.08359763922626319,conditional date-block sensitivity; one fixed panel
football,1,ar_ucb,discounted_ts,14,0.059900636852558364,0.03957833944834522,0.08196326853402731,conditional date-block sensitivity; one fixed panel
football,1,ar_ucb,discounted_ts,28,0.059900636852558364,0.04050334180216325,0.08589671616486952,conditional date-block sensitivity; one fixed panel
football,1,discounted_ucb,discounted_ts,7,0.0345734026940656,0.017987869104817502,0.05168450373904353,conditional date-block sensitivity; one fixed panel
football,1,discounted_ucb,discounted_ts,14,0.0345734026940656,0.015832469367317838,0.05267243908405224,conditional date-block sensitivity; one fixed panel
football,1,discounted_ucb,discounted_ts,28,0.0345734026940656,0.008704902611808616,0.058896111981338296,conditional date-block sensitivity; one fixed panel
football,1,ewma,discounted_ts,7,0.013283925171989253,0.003481713833562798,0.023484244078916205,conditional date-block sensitivity; one fixed panel
football,1,ewma,discounted_ts,14,0.013283925171989253,0.001716911578075271,0.024595387565969306,conditional date-block sensitivity; one fixed panel
football,1,ewma,discounted_ts,28,0.013283925171989253,0.0009156928020132254,0.02080700027732643,conditional date-block sensitivity; one fixed panel
football,1,factor_greedy,discounted_ts,7,0.0072499454767068865,0.0005794712182053518,0.015821856929096875,conditional date-block sensitivity; one fixed panel
football,1,factor_greedy,discounted_ts,14,0.0072499454767068865,0.0007560538667631377,0.014830092148931384,conditional date-block sensitivity; one fixed panel
football,1,factor_greedy,discounted_ts,28,0.0072499454767068865,0.0012481272107068304,0.014217635727858188,conditional date-block sensitivity; one fixed panel
football,1,iid_ts,discounted_ts,7,-0.0008105401018692475,-0.002431620305607743,0.0,conditional date-block sensitivity; one fixed panel
football,1,iid_ts,discounted_ts,14,-0.0008105401018692475,-0.002431620305607743,0.0,conditional date-block sensitivity; one fixed panel
football,1,iid_ts,discounted_ts,28,-0.0008105401018692475,-0.002431620305607743,0.0,conditional date-block sensitivity; one fixed panel
football,1,iid_ucb,discounted_ts,7,-0.0008105401018692475,-0.002431620305607743,0.0,conditional date-block sensitivity; one fixed panel
football,1,iid_ucb,discounted_ts,14,-0.0008105401018692475,-0.002431620305607743,0.0,conditional date-block sensitivity; one fixed panel
football,1,iid_ucb,discounted_ts,28,-0.0008105401018692475,-0.002431620305607743,0.0,conditional date-block sensitivity; one fixed panel
football,1,last,discounted_ts,7,0.003968232103493208,-0.001621080203738495,0.010566461715568779,conditional date-block sensitivity; one fixed panel
football,1,last,discounted_ts,14,0.003968232103493208,-0.001621080203738495,0.01017635056935266,conditional date-block sensitivity; one fixed panel
football,1,last,discounted_ts,28,0.003968232103493208,-0.001621080203738495,0.009924384885416816,conditional date-block sensitivity; one fixed panel
football,1,seasonal,discounted_ts,7,0.011258779628616388,0.0013207584015925262,0.026007047495389672,conditional date-block sensitivity; one fixed panel
football,1,seasonal,discounted_ts,14,0.011258779628616388,0.0013207584015925262,0.024696444216960035,conditional date-block sensitivity; one fixed panel
football,1,seasonal,discounted_ts,28,0.011258779628616388,0.0018862614407876145,0.02337315835221096,conditional date-block sensitivity; one fixed panel
football,1,st_greedy,discounted_ts,7,0.0027882188685823925,-0.001621080203738495,0.009379022473727266,conditional date-block sensitivity; one fixed panel
football,1,st_greedy,discounted_ts,14,0.0027882188685823925,-0.001621080203738495,0.009379022473727266,conditional date-block sensitivity; one fixed panel
football,1,st_greedy,discounted_ts,28,0.0027882188685823925,-0.001621080203738495,0.008568482371858017,conditional date-block sensitivity; one fixed panel
football,1,st_ucb,discounted_ts,7,0.0135356922217538,-0.005668354617853297,0.031244846184008076,conditional date-block sensitivity; one fixed panel
football,1,st_ucb,discounted_ts,14,0.0135356922217538,-0.008131465620268064,0.030487265078500546,conditional date-block sensitivity; one fixed panel
football,1,st_ucb,discounted_ts,28,0.0135356922217538,-0.003722400934086311,0.026543403835186923,conditional date-block sensitivity; one fixed panel
football,1,static,discounted_ts,7,-0.0008105401018692475,-0.002431620305607743,0.0,conditional date-block sensitivity; one fixed panel
football,1,static,discounted_ts,14,-0.0008105401018692475,-0.002431620305607743,0.0,conditional date-block sensitivity; one fixed panel
football,1,static,discounted_ts,28,-0.0008105401018692475,-0.002431620305607743,0.0,conditional date-block sensitivity; one fixed panel
football,1,window_ts,discounted_ts,7,0.237015235934136,0.1873524895817604,0.2835275621698886,conditional date-block sensitivity; one fixed panel
football,1,window_ts,discounted_ts,14,0.237015235934136,0.17598822226423322,0.29772038921454,conditional date-block sensitivity; one fixed panel
football,1,window_ts,discounted_ts,28,0.237015235934136,0.16027065590230746,0.310869995983785,conditional date-block sensitivity; one fixed panel
football,1,window_ucb,discounted_ts,7,0.718141586652269,0.5736656465949441,0.8602842751454688,conditional date-block sensitivity; one fixed panel
football,1,window_ucb,discounted_ts,14,0.718141586652269,0.5498336887036693,0.9074972495964546,conditional date-block sensitivity; one fixed panel
football,1,window_ucb,discounted_ts,28,0.718141586652269,0.5279726360873783,0.9106976917027823,conditional date-block sensitivity; one fixed panel
football,1,ar_ucb,ar_greedy,7,0.051019609773573525,0.03283146271356988,0.07202457984094049,conditional date-block sensitivity; one fixed panel
football,1,ar_ucb,ar_greedy,14,0.051019609773573525,0.03244638608693005,0.07342846081955842,conditional date-block sensitivity; one fixed panel
football,1,ar_ucb,ar_greedy,28,0.051019609773573525,0.031579416241561145,0.07956920276636999,conditional date-block sensitivity; one fixed panel
football,1,discounted_ts,ar_greedy,7,-0.008881027078984843,-0.017246905601857297,-0.0015991938640850805,conditional date-block sensitivity; one fixed panel
football,1,discounted_ts,ar_greedy,14,-0.008881027078984843,-0.017193788250404615,-0.0012762680689828818,conditional date-block sensitivity; one fixed panel
football,1,discounted_ts,ar_greedy,28,-0.008881027078984843,-0.016762589119287474,-0.0015220422305265748,conditional date-block sensitivity; one fixed panel
football,1,discounted_ucb,ar_greedy,7,0.025692375615080754,0.004387452743376898,0.046979163721316566,conditional date-block sensitivity; one fixed panel
football,1,discounted_ucb,ar_greedy,14,0.025692375615080754,0.0026842365377578023,0.04823669483504929,conditional date-block sensitivity; one fixed panel
football,1,discounted_ucb,ar_greedy,28,0.025692375615080754,-0.002926496791799942,0.054099863028382725,conditional date-block sensitivity; one fixed panel
football,1,ewma,ar_greedy,7,0.00440289809300441,-0.00774677873896518,0.01640087104221664,conditional date-block sensitivity; one fixed panel
football,1,ewma,ar_greedy,14,0.00440289809300441,-0.008342175936405528,0.015916687297293373,conditional date-block sensitivity; one fixed panel
football,1,ewma,ar_greedy,28,0.00440289809300441,-0.009657670438013839,0.013194204840585753,conditional date-block sensitivity; one fixed panel
football,1,factor_greedy,ar_greedy,7,-0.001631081602277956,-0.0062371649198046724,0.0026674883905191548,conditional date-block sensitivity; one fixed panel
football,1,factor_greedy,ar_greedy,14,-0.001631081602277956,-0.005376234028109947,0.0023680268342019255,conditional date-block sensitivity; one fixed panel
football,1,factor_greedy,ar_greedy,28,-0.001631081602277956,-0.004524921486462832,0.0024429994845429205,conditional date-block sensitivity; one fixed panel
football,1,iid_ts,ar_greedy,7,-0.00969156718085409,-0.018160772612683177,-0.0025691614255184034,conditional date-block sensitivity; one fixed panel
football,1,iid_ts,ar_greedy,14,-0.00969156718085409,-0.017213492562949212,-0.0023027892499620658,conditional date-block sensitivity; one fixed panel
football,1,iid_ts,ar_greedy,28,-0.00969156718085409,-0.0172414447965648,-0.002379237654892965,conditional date-block sensitivity; one fixed panel
football,1,iid_ucb,ar_greedy,7,-0.00969156718085409,-0.018201574946536365,-0.0020774322025321956,conditional date-block sensitivity; one fixed panel
football,1,iid_ucb,ar_greedy,14,-0.00969156718085409,-0.017161834497717274,-0.002940083584974473,conditional date-block sensitivity; one fixed panel
football,1,iid_ucb,ar_greedy,28,-0.00969156718085409,-0.017462849145899073,-0.002328954801103865,conditional date-block sensitivity; one fixed panel
football,1,last,ar_greedy,7,-0.004912794975491634,-0.012978584952796812,0.0017008340159686245,conditional date-block sensitivity; one fixed panel
football,1,last,ar_greedy,14,-0.004912794975491634,-0.012372920712892675,0.0015306169022973625,conditional date-block sensitivity; one fixed panel
football,1,last,ar_greedy,28,-0.004912794975491634,-0.01315581175597802,0.0017168261009551358,conditional date-block sensitivity; one fixed panel
football,1,seasonal,ar_greedy,7,0.0023777525496315463,-0.010475790683002039,0.015856622288910615,conditional date-block sensitivity; one fixed panel
football,1,seasonal,ar_greedy,14,0.0023777525496315463,-0.00832370329842005,0.015571511259857654,conditional date-block sensitivity; one fixed panel
football,1,seasonal,ar_greedy,28,0.0023777525496315463,-0.006080002096752452,0.014295383121855043,conditional date-block sensitivity; one fixed panel
football,1,st_greedy,ar_greedy,7,-0.00609280821040245,-0.014408311990747836,0.00044763280919255904,conditional date-block sensitivity; one fixed panel
football,1,st_greedy,ar_greedy,14,-0.00609280821040245,-0.013048725721664656,0.00036508178209850977,conditional date-block sensitivity; one fixed panel
football,1,st_greedy,ar_greedy,28,-0.00609280821040245,-0.013695821652641936,0.0005724195189944796,conditional date-block sensitivity; one fixed panel
football,1,st_ucb,ar_greedy,7,0.004654665142768957,-0.016372302925568953,0.023279553915980324,conditional date-block sensitivity; one fixed panel
football,1,st_ucb,ar_greedy,14,0.004654665142768957,-0.018150872811249007,0.022596644191504565,conditional date-block sensitivity; one fixed panel
football,1,st_ucb,ar_greedy,28,0.004654665142768957,-0.011541816672732871,0.019979388145713806,conditional date-block sensitivity; one fixed panel
football,1,static,ar_greedy,7,-0.00969156718085409,-0.01857686701866497,-0.0024640900377585605,conditional date-block sensitivity; one fixed panel
football,1,static,ar_greedy,14,-0.00969156718085409,-0.017637116838484422,-0.002757856184198087,conditional date-block sensitivity; one fixed panel
football,1,static,ar_greedy,28,-0.00969156718085409,-0.01666739361085243,-0.002557029164629774,conditional date-block sensitivity; one fixed panel
football,1,window_ts,ar_greedy,7,0.22813420885515118,0.1792593652215544,0.27475310186259416,conditional date-block sensitivity; one fixed panel
football,1,window_ts,ar_greedy,14,0.22813420885515118,0.16898702836104657,0.2902926672012384,conditional date-block sensitivity; one fixed panel
football,1,window_ts,ar_greedy,28,0.22813420885515118,0.15442488326547585,0.3083701247081123,conditional date-block sensitivity; one fixed panel
football,1,window_ucb,ar_greedy,7,0.7092605595732843,0.564378191473254,0.8542008067419039,conditional date-block sensitivity; one fixed panel
football,1,window_ucb,ar_greedy,14,0.7092605595732843,0.5462719376521746,0.8920694994649909,conditional date-block sensitivity; one fixed panel
football,1,window_ucb,ar_greedy,28,0.7092605595732843,0.5406322146734559,0.9129306514042576,conditional date-block sensitivity; one fixed panel
football,5,ar_greedy,iid_ts,7,-0.09008531873908834,-0.11783816217539418,-0.06504690645242192,conditional date-block sensitivity; one fixed panel
football,5,ar_greedy,iid_ts,14,-0.09008531873908834,-0.11889191490006566,-0.061968049080506224,conditional date-block sensitivity; one fixed panel
football,5,ar_greedy,iid_ts,28,-0.09008531873908834,-0.1229511463447146,-0.06078682280074531,conditional date-block sensitivity; one fixed panel
football,5,ar_ucb,iid_ts,7,-0.07701459210945483,-0.10461469508990798,-0.05015695676202195,conditional date-block sensitivity; one fixed panel
football,5,ar_ucb,iid_ts,14,-0.07701459210945483,-0.10678025589590945,-0.0489141086892656,conditional date-block sensitivity; one fixed panel
football,5,ar_ucb,iid_ts,28,-0.07701459210945483,-0.10619047057957631,-0.04404096036788014,conditional date-block sensitivity; one fixed panel
football,5,discounted_ts,iid_ts,7,-0.0021241938882437385,-0.005411612778489607,0.0004777966349621946,conditional date-block sensitivity; one fixed panel
football,5,discounted_ts,iid_ts,14,-0.0021241938882437385,-0.005718953265156695,0.0006341862962113271,conditional date-block sensitivity; one fixed panel
football,5,discounted_ts,iid_ts,28,-0.0021241938882437385,-0.005836183293588218,0.0009554914203824239,conditional date-block sensitivity; one fixed panel
football,5,discounted_ucb,iid_ts,7,0.038915812403539043,0.013249816445962796,0.06606892047247277,conditional date-block sensitivity; one fixed panel
football,5,discounted_ucb,iid_ts,14,0.038915812403539043,0.009420587478230467,0.06957668146261303,conditional date-block sensitivity; one fixed panel
football,5,discounted_ucb,iid_ts,28,0.038915812403539043,0.0020761775004395438,0.08003599412748175,conditional date-block sensitivity; one fixed panel
football,5,ewma,iid_ts,7,0.011838981630074682,-0.010539947471863691,0.03708840849760454,conditional date-block sensitivity; one fixed panel
football,5,ewma,iid_ts,14,0.011838981630074682,-0.013449044016721081,0.04482883715198063,conditional date-block sensitivity; one fixed panel
football,5,ewma,iid_ts,28,0.011838981630074682,-0.01647769822446142,0.05010583218692153,conditional date-block sensitivity; one fixed panel
football,5,factor_greedy,iid_ts,7,-0.06405598955864981,-0.08740917541991858,-0.03875067139806046,conditional date-block sensitivity; one fixed panel
football,5,factor_greedy,iid_ts,14,-0.06405598955864981,-0.08922813749632985,-0.033578970924314604,conditional date-block sensitivity; one fixed panel
football,5,factor_greedy,iid_ts,28,-0.06405598955864981,-0.0918219211663878,-0.0335712978708105,conditional date-block sensitivity; one fixed panel
football,5,iid_ucb,iid_ts,7,-0.0021468732832644155,-0.004831655893496067,0.0014252407771043092,conditional date-block sensitivity; one fixed panel
football,5,iid_ucb,iid_ts,14,-0.0021468732832644155,-0.0041285866374000495,0.0015185701273222028,conditional date-block sensitivity; one fixed panel
football,5,iid_ucb,iid_ts,28,-0.0021468732832644155,-0.004061591327414057,0.0013236278490946483,conditional date-block sensitivity; one fixed panel
football,5,last,iid_ts,7,-0.036213006072541895,-0.07062020041464459,-0.003593504575140708,conditional date-block sensitivity; one fixed panel
football,5,last,iid_ts,14,-0.036213006072541895,-0.07131091995719553,2.12230509183579e-05,conditional date-block sensitivity; one fixed panel
football,5,last,iid_ts,28,-0.036213006072541895,-0.07726218459640673,0.006522745951779359,conditional date-block sensitivity; one fixed panel
football,5,seasonal,iid_ts,7,0.03039056697890317,0.00517819995861367,0.05508880450726279,conditional date-block sensitivity; one fixed panel
football,5,seasonal,iid_ts,14,0.03039056697890317,0.005796537954277124,0.06063404359402304,conditional date-block sensitivity; one fixed panel
football,5,seasonal,iid_ts,28,0.03039056697890317,0.004027960833014105,0.06478645022542982,conditional date-block sensitivity; one fixed panel
football,5,st_greedy,iid_ts,7,-0.06548303468665892,-0.08911213208098197,-0.04211828505309264,conditional date-block sensitivity; one fixed panel
football,5,st_greedy,iid_ts,14,-0.06548303468665892,-0.08905389376413432,-0.03705891823408248,conditional date-block sensitivity; one fixed panel
football,5,st_greedy,iid_ts,28,-0.06548303468665892,-0.09448537375913567,-0.037520525034749556,conditional date-block sensitivity; one fixed panel
football,5,st_ucb,iid_ts,7,-0.07473329893183937,-0.0983790274497174,-0.05263052164249572,conditional date-block sensitivity; one fixed panel
football,5,st_ucb,iid_ts,14,-0.07473329893183937,-0.09773911128715111,-0.04842494820868035,conditional date-block sensitivity; one fixed panel
football,5,st_ucb,iid_ts,28,-0.07473329893183937,-0.10471899699288303,-0.04653273834421778,conditional date-block sensitivity; one fixed panel
football,5,static,iid_ts,7,0.0012877432054862815,-0.0020506413213613,0.004196133230159105,conditional date-block sensitivity; one fixed panel
football,5,static,iid_ts,14,0.0012877432054862815,-0.0021428210731362675,0.004144656041106645,conditional date-block sensitivity; one fixed panel
football,5,static,iid_ts,28,0.0012877432054862815,-0.002381029273301598,0.004348251867853577,conditional date-block sensitivity; one fixed panel
football,5,window_ts,iid_ts,7,0.01839108185916067,-0.003850321304128806,0.04114386534563867,conditional date-block sensitivity; one fixed panel
football,5,window_ts,iid_ts,14,0.01839108185916067,-0.00616375529991608,0.04316769899421548,conditional date-block sensitivity; one fixed panel
football,5,window_ts,iid_ts,28,0.01839108185916067,-0.010055898557512056,0.047602268115244616,conditional date-block sensitivity; one fixed panel
football,5,window_ucb,iid_ts,7,0.07425929232634582,0.037210220918580145,0.10995738977456852,conditional date-block sensitivity; one fixed panel
football,5,window_ucb,iid_ts,14,0.07425929232634582,0.03496797458066864,0.11928549768049243,conditional date-block sensitivity; one fixed panel
football,5,window_ucb,iid_ts,28,0.07425929232634582,0.028791937593197457,0.13340187226648534,conditional date-block sensitivity; one fixed panel
football,5,ar_greedy,discounted_ts,7,-0.08796112485084463,-0.11354750475088402,-0.06455047402693133,conditional date-block sensitivity; one fixed panel
football,5,ar_greedy,discounted_ts,14,-0.08796112485084463,-0.11689580510476441,-0.06364150149240122,conditional date-block sensitivity; one fixed panel
football,5,ar_greedy,discounted_ts,28,-0.08796112485084463,-0.11887353757760707,-0.05989517262505978,conditional date-block sensitivity; one fixed panel
football,5,ar_ucb,discounted_ts,7,-0.07489039822121109,-0.10045783758683001,-0.051189250633353105,conditional date-block sensitivity; one fixed panel
football,5,ar_ucb,discounted_ts,14,-0.07489039822121109,-0.10328017325235557,-0.0483389451143996,conditional date-block sensitivity; one fixed panel
football,5,ar_ucb,discounted_ts,28,-0.07489039822121109,-0.10540730521798548,-0.04474139182625597,conditional date-block sensitivity; one fixed panel
football,5,discounted_ucb,discounted_ts,7,0.041040006291782775,0.015614122509559961,0.06692524920512805,conditional date-block sensitivity; one fixed panel
football,5,discounted_ucb,discounted_ts,14,0.041040006291782775,0.010797480806478781,0.07089723244481264,conditional date-block sensitivity; one fixed panel
football,5,discounted_ucb,discounted_ts,28,0.041040006291782775,0.00677299691796687,0.07828470983878522,conditional date-block sensitivity; one fixed panel
football,5,ewma,discounted_ts,7,0.01396317551831842,-0.008443317967487929,0.04009899330342938,conditional date-block sensitivity; one fixed panel
football,5,ewma,discounted_ts,14,0.01396317551831842,-0.009900011254040879,0.045170075223150176,conditional date-block sensitivity; one fixed panel
football,5,ewma,discounted_ts,28,0.01396317551831842,-0.01373299903211209,0.05243504183992048,conditional date-block sensitivity; one fixed panel
football,5,factor_greedy,discounted_ts,7,-0.06193179567040608,-0.08429168274347226,-0.037972270993702456,conditional date-block sensitivity; one fixed panel
football,5,factor_greedy,discounted_ts,14,-0.06193179567040608,-0.08541190729376656,-0.034164129474250245,conditional date-block sensitivity; one fixed panel
football,5,factor_greedy,discounted_ts,28,-0.06193179567040608,-0.0857004536787257,-0.03391676302033364,conditional date-block sensitivity; one fixed panel
football,5,iid_ts,discounted_ts,7,0.0021241938882437385,-0.0004902617192483871,0.0052283229243458825,conditional date-block sensitivity; one fixed panel
football,5,iid_ts,discounted_ts,14,0.0021241938882437385,-0.0005707118745503267,0.005841507844083333,conditional date-block sensitivity; one fixed panel
football,5,iid_ts,discounted_ts,28,0.0021241938882437385,-0.0008651580926728183,0.005873759713345593,conditional date-block sensitivity; one fixed panel
football,5,iid_ucb,discounted_ts,7,-2.2679395020677234e-05,-0.0032482146378249844,0.004304394965478721,conditional date-block sensitivity; one fixed panel
football,5,iid_ucb,discounted_ts,14,-2.2679395020677234e-05,-0.00309161609451815,0.004537884236414351,conditional date-block sensitivity; one fixed panel
football,5,iid_ucb,discounted_ts,28,-2.2679395020677234e-05,-0.002522549229142044,0.004633603340742365,conditional date-block sensitivity; one fixed panel
football,5,last,discounted_ts,7,-0.03408881218429814,-0.06898427503209154,-0.0025928362651993467,conditional date-block sensitivity; one fixed panel
football,5,last,discounted_ts,14,-0.03408881218429814,-0.07014171539677484,0.0031592102459516353,conditional date-block sensitivity; one fixed panel
football,5,last,discounted_ts,28,-0.03408881218429814,-0.07280048154819353,0.009275332706997808,conditional date-block sensitivity; one fixed panel
football,5,seasonal,discounted_ts,7,0.03251476086714691,0.010909054669815331,0.05719604877269998,conditional date-block sensitivity; one fixed panel
football,5,seasonal,discounted_ts,14,0.03251476086714691,0.009062946346252074,0.061243464630238886,conditional date-block sensitivity; one fixed panel
football,5,seasonal,discounted_ts,28,0.03251476086714691,0.00800085361078391,0.06393735436284068,conditional date-block sensitivity; one fixed panel
football,5,st_greedy,discounted_ts,7,-0.06335884079841517,-0.08398472961481912,-0.04103887746408791,conditional date-block sensitivity; one fixed panel
football,5,st_greedy,discounted_ts,14,-0.06335884079841517,-0.08636196366228105,-0.036726776261013894,conditional date-block sensitivity; one fixed panel
football,5,st_greedy,discounted_ts,28,-0.06335884079841517,-0.09225442024629416,-0.03784966694263614,conditional date-block sensitivity; one fixed panel
football,5,st_ucb,discounted_ts,7,-0.07260910504359565,-0.09259256395305139,-0.05109573131923269,conditional date-block sensitivity; one fixed panel
football,5,st_ucb,discounted_ts,14,-0.07260910504359565,-0.09434120361030175,-0.047952749480062895,conditional date-block sensitivity; one fixed panel
football,5,st_ucb,discounted_ts,28,-0.07260910504359565,-0.09832894880474989,-0.045206759527927604,conditional date-block sensitivity; one fixed panel
football,5,static,discounted_ts,7,0.0034119370937300197,-0.0010090988553790722,0.007861410679563832,conditional date-block sensitivity; one fixed panel
football,5,static,discounted_ts,14,0.0034119370937300197,-0.0017207093445817875,0.008587686120039921,conditional date-block sensitivity; one fixed panel
football,5,static,discounted_ts,28,0.0034119370937300197,-0.001892766604758188,0.008338856711447724,conditional date-block sensitivity; one fixed panel
football,5,window_ts,discounted_ts,7,0.020515275747404405,-0.00045657565452184056,0.039010457030055075,conditional date-block sensitivity; one fixed panel
football,5,window_ts,discounted_ts,14,0.020515275747404405,-0.0061373277702194955,0.04569732789893952,conditional date-block sensitivity; one fixed panel
football,5,window_ts,discounted_ts,28,0.020515275747404405,-0.00437472368242652,0.04956124223683833,conditional date-block sensitivity; one fixed panel
football,5,window_ucb,discounted_ts,7,0.07638348621458957,0.037876789289431646,0.11475994893989425,conditional date-block sensitivity; one fixed panel
football,5,window_ucb,discounted_ts,14,0.07638348621458957,0.036469071524924984,0.12216110177908351,conditional date-block sensitivity; one fixed panel
football,5,window_ucb,discounted_ts,28,0.07638348621458957,0.03384665781381797,0.13955122194438996,conditional date-block sensitivity; one fixed panel
football,5,ar_ucb,ar_greedy,7,0.013070726629633525,-0.00010663304491093546,0.0249702235004105,conditional date-block sensitivity; one fixed panel
football,5,ar_ucb,ar_greedy,14,0.013070726629633525,0.001217005886267951,0.023457136664358672,conditional date-block sensitivity; one fixed panel
football,5,ar_ucb,ar_greedy,28,0.013070726629633525,0.0009576194860647462,0.024301696088349044,conditional date-block sensitivity; one fixed panel
football,5,discounted_ts,ar_greedy,7,0.08796112485084463,0.06446445151488517,0.1143729328030969,conditional date-block sensitivity; one fixed panel
football,5,discounted_ts,ar_greedy,14,0.08796112485084463,0.06194387514550464,0.11517929907965467,conditional date-block sensitivity; one fixed panel
football,5,discounted_ts,ar_greedy,28,0.08796112485084463,0.06022996551117778,0.11735940817426137,conditional date-block sensitivity; one fixed panel
football,5,discounted_ucb,ar_greedy,7,0.1290011311426274,0.09538024348846996,0.16137849870872625,conditional date-block sensitivity; one fixed panel
football,5,discounted_ucb,ar_greedy,14,0.1290011311426274,0.0893718073167111,0.1700931940110559,conditional date-block sensitivity; one fixed panel
football,5,discounted_ucb,ar_greedy,28,0.1290011311426274,0.08235064464046368,0.18178377244005653,conditional date-block sensitivity; one fixed panel
football,5,ewma,ar_greedy,7,0.10192430036916306,0.07945719249297578,0.13306251095608412,conditional date-block sensitivity; one fixed panel
football,5,ewma,ar_greedy,14,0.10192430036916306,0.07693883197546716,0.13685779821766828,conditional date-block sensitivity; one fixed panel
football,5,ewma,ar_greedy,28,0.10192430036916306,0.08006144622543543,0.14269630294144817,conditional date-block sensitivity; one fixed panel
football,5,factor_greedy,ar_greedy,7,0.026029329180438536,0.008244036383600656,0.04457639081827999,conditional date-block sensitivity; one fixed panel
football,5,factor_greedy,ar_greedy,14,0.026029329180438536,0.007687163551820893,0.05036312283218329,conditional date-block sensitivity; one fixed panel
football,5,factor_greedy,ar_greedy,28,0.026029329180438536,0.0064244502019316215,0.053634284104302855,conditional date-block sensitivity; one fixed panel
football,5,iid_ts,ar_greedy,7,0.09008531873908834,0.06498471017854267,0.11826310046408325,conditional date-block sensitivity; one fixed panel
football,5,iid_ts,ar_greedy,14,0.09008531873908834,0.06235366962875703,0.1203967490175971,conditional date-block sensitivity; one fixed panel
football,5,iid_ts,ar_greedy,28,0.09008531873908834,0.0624775619617897,0.12392221048769371,conditional date-block sensitivity; one fixed panel
football,5,iid_ucb,ar_greedy,7,0.08793844545582394,0.06251009545384348,0.11631106321921708,conditional date-block sensitivity; one fixed panel
football,5,iid_ucb,ar_greedy,14,0.08793844545582394,0.06036563404749732,0.12324216137129058,conditional date-block sensitivity; one fixed panel
football,5,iid_ucb,ar_greedy,28,0.08793844545582394,0.05983788579002618,0.12366846722866116,conditional date-block sensitivity; one fixed panel
football,5,last,ar_greedy,7,0.05387231266654647,0.03484519399127503,0.0766223623937583,conditional date-block sensitivity; one fixed panel
football,5,last,ar_greedy,14,0.05387231266654647,0.03351958475814558,0.07890367018978058,conditional date-block sensitivity; one fixed panel
football,5,last,ar_greedy,28,0.05387231266654647,0.03454082154967933,0.08334434543041723,conditional date-block sensitivity; one fixed panel
football,5,seasonal,ar_greedy,7,0.12047588571799153,0.104701156426095,0.1417808352514777,conditional date-block sensitivity; one fixed panel
football,5,seasonal,ar_greedy,14,0.12047588571799153,0.10500630257413636,0.1422565140010994,conditional date-block sensitivity; one fixed panel
football,5,seasonal,ar_greedy,28,0.12047588571799153,0.10753797268334915,0.14545489259254663,conditional date-block sensitivity; one fixed panel
football,5,st_greedy,ar_greedy,7,0.02460228405242944,0.008933282192058844,0.04309706334148389,conditional date-block sensitivity; one fixed panel
football,5,st_greedy,ar_greedy,14,0.02460228405242944,0.005593193579184028,0.04774806470650969,conditional date-block sensitivity; one fixed panel
football,5,st_greedy,ar_greedy,28,0.02460228405242944,0.0018230092322278353,0.049837430667883674,conditional date-block sensitivity; one fixed panel
football,5,st_ucb,ar_greedy,7,0.015352019807248972,0.001829826418764236,0.030824644706000274,conditional date-block sensitivity; one fixed panel
football,5,st_ucb,ar_greedy,14,0.015352019807248972,-0.0007682786261943314,0.034256377958193696,conditional date-block sensitivity; one fixed panel
football,5,st_ucb,ar_greedy,28,0.015352019807248972,-0.0027360797811159594,0.03746518581608785,conditional date-block sensitivity; one fixed panel
football,5,static,ar_greedy,7,0.09137306194457465,0.06542551107204095,0.11877739923359623,conditional date-block sensitivity; one fixed panel
football,5,static,ar_greedy,14,0.09137306194457465,0.06201583936980937,0.12073814639795566,conditional date-block sensitivity; one fixed panel
football,5,static,ar_greedy,28,0.09137306194457465,0.06271518952310165,0.1222839211212152,conditional date-block sensitivity; one fixed panel
football,5,window_ts,ar_greedy,7,0.10847640059824902,0.08758246556157943,0.12897217711878223,conditional date-block sensitivity; one fixed panel
football,5,window_ts,ar_greedy,14,0.10847640059824902,0.08655077213775862,0.13281924563795647,conditional date-block sensitivity; one fixed panel
football,5,window_ts,ar_greedy,28,0.10847640059824902,0.08612690407241211,0.13570849920923067,conditional date-block sensitivity; one fixed panel
football,5,window_ucb,ar_greedy,7,0.1643446110654342,0.13233904065968286,0.1948047325496017,conditional date-block sensitivity; one fixed panel
football,5,window_ucb,ar_greedy,14,0.1643446110654342,0.12620429694655652,0.2090659959790673,conditional date-block sensitivity; one fixed panel
football,5,window_ucb,ar_greedy,28,0.1643446110654342,0.11864251819582906,0.22370051741616692,conditional date-block sensitivity; one fixed panel
