panel,batch,policy,loss_per_slot
astronomy,1,ar_greedy,0.05217341231296562
astronomy,1,ar_ucb,0.053413669269512694
astronomy,1,discounted_ts,0.09408440300846806
astronomy,1,discounted_ucb,0.25295261881245173
astronomy,1,ewma,0.051092107657115686
astronomy,1,factor_greedy,0.051092107657115686
astronomy,1,iid_ts,0.05109210765711568
astronomy,1,iid_ucb,0.051092107657115686
astronomy,1,last,0.05207522254426848
astronomy,1,seasonal,0.06194584836723415
astronomy,1,st_greedy,0.051092107657115686
astronomy,1,st_ucb,0.051092107657115686
astronomy,1,static,0.051092107657115686
astronomy,1,window_ts,0.09963536391082985
astronomy,1,window_ucb,0.18750159861629578
astronomy,5,ar_greedy,0.05438317196006982
astronomy,5,ar_ucb,0.05484936346641802
astronomy,5,discounted_ts,0.06977273456105709
astronomy,5,discounted_ucb,0.08024734773628628
astronomy,5,ewma,0.041428421008443066
astronomy,5,factor_greedy,0.04784386097041462
astronomy,5,iid_ts,0.0539492717423339
astronomy,5,iid_ucb,0.05533516670268025
astronomy,5,last,0.051554809045280765
astronomy,5,seasonal,0.05676522835427171
astronomy,5,st_greedy,0.04533945862410368
astronomy,5,st_ucb,0.04039125999503206
astronomy,5,static,0.05345203466197546
astronomy,5,window_ts,0.08140447106841334
astronomy,5,window_ucb,0.1114853481985623
football,1,ar_greedy,0.13371535063822085
football,1,ar_ucb,0.18473496041179435
football,1,discounted_ts,0.124834323559236
football,1,discounted_ucb,0.1594077262533016
football,1,ewma,0.13811824873122527
football,1,factor_greedy,0.1320842690359429
football,1,iid_ts,0.12402378345736678
football,1,iid_ucb,0.12402378345736677
football,1,last,0.12880255566272922
football,1,seasonal,0.1360931031878524
football,1,st_greedy,0.1276225424278184
football,1,st_ucb,0.1383700157809898
football,1,static,0.12402378345736677
football,1,window_ts,0.36184955949337205
football,1,window_ucb,0.8429759102115051
football,5,ar_greedy,0.13016483570665274
football,5,ar_ucb,0.14323556233628626
football,5,discounted_ts,0.21812596055749736
football,5,discounted_ucb,0.2591659668492801
football,5,ewma,0.23208913607581577
football,5,factor_greedy,0.15619416488709126
football,5,iid_ts,0.2202501544457411
football,5,iid_ucb,0.21810328116247665
football,5,last,0.1840371483731992
football,5,seasonal,0.2506407214246443
football,5,st_greedy,0.15476711975908217
football,5,st_ucb,0.14551685551390173
football,5,static,0.22153789765122736
football,5,window_ts,0.23864123630490175
football,5,window_ucb,0.2945094467720869
